Activity ID,Activity Date,Activity Name,Activity Type,Activity Description,Elapsed Time,Distance,Max Heart Rate,Relative Effort,Commute,Activity Private Note,Activity Gear,Filename,Athlete Weight,Bike Weight,Elapsed Time,Moving Time,Distance,Max Speed,Average Speed,Elevation Gain,Elevation Loss,Elevation Low,Elevation High,Max Grade,Average Grade,Average Positive Grade,Average Negative Grade,Max Cadence,Average Cadence,Max Heart Rate,Average Heart Rate,Max Watts,Average Watts,Calories,Max Temperature,Average Temperature,Relative Effort,Total Work,Number of Runs,Uphill Time,Downhill Time,Other Time,Perceived Exertion,Type,Start Time,Weighted Average Power,Power Count,Prefer Perceived Exertion,Perceived Relative Effort,Commute,Total Weight Lifted,From Upload,Grade Adjusted Distance,Weather Observation Time,Weather Condition,Weather Temperature,Apparent Temperature,Dewpoint,Humidity,Weather Pressure,Wind Speed,Wind Gust,Wind Bearing,Precipitation Intensity,Sunrise Time,Sunset Time,Moon Phase,Bike,Gear,Precipitation Probability,Precipitation Type,Cloud Cover,Weather Visibility,UV Index,Weather Ozone,Jump Count,Total Grit,Average Flow,Flagged,Average Elapsed Speed,Dirt Distance,Newly Explored Distance,Newly Explored Dirt Distance,Activity Count,Total Steps,Carbon Saved,Pool Length,Training Load,Intensity,Average Grade Adjusted Pace,Timer Time,Total Cycles,Media
1499326367,"Apr 9, 2018, 8:46:21 PM",Afternoon Walk,Walk,Walk with Sadie.,2064,1.86,,,FALSE,,,activities/1499326367.gpx,91.08129883,,2064,1770,1867.599976,1.899999976,,0,,289.2999878,291.1000061,2.700000048,0.005354465,,,,,,,,,209.0026855,,,,,,,,,,,,,,,,0,,,,,,,,,,,,,,,,,,,,,,,,,,,,,,,,,,,,,,,,,,,
1499593524,"Apr 10, 2018, 12:44:52 AM",Evening Walk,Walk,Walk with  Sadie. I had some discomfort around that incision hernia.,1249,1.16,,,FALSE,,,activities/1499593524.gpx,91.08129883,,1249,1092,1163,2,,0,,289.7000122,291.2000122,2.799999952,0.025795357,,,,,,,,,130.151062,,,,,,,,,,,,,,,,0,,,,,,,,,,,,,,,,,,,,,,,,,,,,,,,,,,,,,,,,,,,
1500272852,"Apr 10, 2018, 12:15:32 PM",Morning Walk,Walk,Walk with  Sadie,1710,1.19,,,FALSE,,,activities/1500272852.gpx,91.08129883,,1710,1218,1195.300049,1.799999952,,0,,289.7000122,291.2000122,2.099999905,0,,,,,,,,,133.7657471,,,,,,,,,,,,,,,,0,,,,,,,,,,,,,,,,,,,,,,,,,,,,,,,,,,,,,,,,,,,
1500644239,"Apr 10, 2018, 4:12:55 PM",Lunch Walk,Walk,"Walk  with Sadie. Felt quite a bit better than yesterday
",1784,1.67,,,FALSE,,,activities/1500644239.gpx,91.08129883,,1784,1693,1678,2,,4.519999981,,285.7999878,291.1000061,11.60000038,0.029797377,,,,,,,,,187.7845917,,,,,,,,,,,,,,,,0,,,,,,,,,,,,,,,,,,,,,,,,,,,,,,,,,,,,,,,,,,,
1501098627,"Apr 10, 2018, 7:31:14 PM",Afternoon Walk,Walk,Walk with Sadie.,1905,1.94,,,FALSE,,,activities/1501098627.gpx,91.08129883,,1905,1830,1943.199951,3.099999905,,0,,289.2000122,291.1000061,2.200000048,0.010292301,,,,,,,,,217.4630737,,,,,,,,,,,,,,,,0,,,,,,,,,,,,,,,,,,,,,,,,,,,,,,,,,,,,,,,,,,,
1501471086,"Apr 11, 2018, 12:03:02 AM",Evening Walk,Walk,Evening walk with Sadie ,2157,1.26,,,FALSE,,,activities/1501471086.gpx,91.08129883,,2157,1142,1265.300049,2.5,,0,,289.7000122,291.2999878,2.099999905,-0.015806528,,,,,,,,,141.5994415,,,,,,,,,,,,,,,,0,,,,,,,,,,,,,,,,,,,,,,,,,,,,,,,,,,,,,,,,,,,
1502259863,"Apr 11, 2018, 1:15:43 PM",Morning Walk,Walk,Walk with Sadie,1744,1.19,,,FALSE,,,activities/1502259863.gpx,91.08129883,,1744,1160,1197.699951,2.599999905,,0,,289.7999878,291.1000061,2.099999905,0,,,,,,,,,134.0343323,,,,,,,,,,,,,,,,0,,,,,,,,,,,,,,,,,,,,,,,,,,,,,,,,,,,,,,,,,,,
1503255001,"Apr 11, 2018, 10:39:08 PM",Afternoon Walk,Walk,Walk with Sadie ,1983,1.22,,,FALSE,,,activities/1503255001.gpx,91.08129883,,1983,1102,1225.400024,3.400000095,,0,,289.7000122,291.1000061,2,0.016321201,,,,,,,,,137.1342316,,,,,,,,,,,,,,,,0,,,,,,,,,,,,,,,,,,,,,,,,,,,,,,,,,,,,,,,,,,,
1504042694,"Apr 12, 2018, 12:07:35 PM",Morning Walk,Walk,"Walk with Sadie
",1555,1.19,,,FALSE,,,activities/1504042694.gpx,91.08129883,,1555,1167,1197.400024,2,,0,,289.7999878,291.3999939,2.200000048,0.008351428,,,,,,,,,134.0007629,,,,,,,,,,,,,,,,0,,,,,,,,,,,,,,,,,,,,,,,,,,,,,,,,,,,,,,,,,,,
1504843182,"Apr 12, 2018, 7:27:57 PM",Afternoon Walk,Walk,Walk with Sadie ,1988,1.91,,,FALSE,,,activities/1504843182.gpx,91.08129883,,1988,1917,1911.699951,1.799999952,,0,,289.2000122,291.1000061,2.099999905,0.005230946,,,,,,,,,213.937912,,,,,,,,,,,,,,,,0,,,,,,,,,,,,,,,,,,,,,,,,,,,,,,,,,,,,,,,,,,,
1505052410,"Apr 12, 2018, 8:28:40 PM",Afternoon Walk,Walk,Raider Express to use Wi-Fi,7559,1.19,,,FALSE,,,activities/1505052410.gpx,91.08129883,,7559,1195,1197,1.600000024,,0,,289.7000122,291.2999878,2.099999905,0.016708437,,,,,,,,,133.9559937,,,,,,,,,,,,,,,,0,,,,,,,,,,,,,,,,,,,,,,,,,,,,,,,,,,,,,,,,,,,
1506181129,"Apr 13, 2018, 3:56:35 PM",Morning Walk,Walk,Walk with Sadie ,1761,1.51,,,FALSE,,,activities/1506181129.gpx,91.08129883,,1761,1397,1515.900024,3.5,,0,,289.6000061,291.2999878,2.299999952,0.019790223,,,,,,,,,169.6440277,,,,,,,,,,,,,,,,0,,,,,,,,,,,,,,,,,,,,,,,,,,,,,,,,,,,,,,,,,,,
1506508726,"Apr 13, 2018, 7:25:09 PM",Afternoon Walk,Walk,Walk with Sadie ,1663,1.53,,,FALSE,,,activities/1506508726.gpx,91.08129883,,1663,1492,1534.400024,2.200000048,,0,,289.6000061,291.1000061,2.299999952,0.006517205,,,,,,,,,171.7143555,,,,,,,,,,,,,,,,0,,,,,,,,,,,,,,,,,,,,,,,,,,,,,,,,,,,,,,,,,,,
1506791923,"Apr 13, 2018, 11:56:33 PM",Evening Walk,Walk,Walk with Sadie ,1646,1.22,,,FALSE,,,activities/1506791923.gpx,91.08129883,,1646,1179,1227.099976,5.800000191,,0,,289.6000061,291.2000122,2.200000048,0.008149295,,,,,,,,,137.3244781,,,,,,,,,,,,,,,,0,,,,,,,,,,,,,,,,,,,,,,,,,,,,,,,,,,,,,,,,,,,
1508018250,"Apr 14, 2018, 2:20:59 PM",Morning Walk,Walk,Walk with Sadie ,1729,1.21,,,FALSE,,,activities/1508018250.gpx,91.08129883,,1729,1132,1216.900024,2.099999905,,0,,289.7999878,291.5,2.200000048,0,,,,,,,,,136.1829987,,,,,,,,,,,,,,,,0,,,,,,,,,,,,,,,,,,,,,,,,,,,,,,,,,,,,,,,,,,,
1508448029,"Apr 14, 2018, 5:12:07 PM",Lunch Walk,Walk,Walk with Sadie ,1833,1.79,,,FALSE,,,activities/1508448029.gpx,91.08129883,,1833,1665,1790.800049,2.599999905,,0,,289.2999878,291.1000061,2.599999905,0,,,,,,,,,200.40802,,,,,,,,,,,,,,,,0,,,,,,,,,,,,,,,,,,,,,,,,,,,,,,,,,,,,,,,,,,,
1508707226,"Apr 14, 2018, 8:04:46 PM",Afternoon Walk,Walk,Walk with Sadie ,1493,1.14,,,FALSE,,,activities/1508707226.gpx,91.08129883,,1493,1141,1147.199951,1.899999976,,0,,289.8999939,291.1000061,2.200000048,0,,,,,,,,,128.3828888,,,,,,,,,,,,,,,,0,,,,,,,,,,,,,,,,,,,,,,,,,,,,,,,,,,,,,,,,,,,
1510952378,"Apr 15, 2018, 6:59:31 PM",Afternoon Walk,Walk,Walk with Sadie ,1291,1.16,,,FALSE,,,activities/1510952378.gpx,91.08129883,,1291,1128,1162,2.099999905,,0,,289.7999878,291.2000122,2.200000048,0.008605852,,,,,,,,,130.0391541,,,,,,,,,,,,,,,,0,,,,,,,,,,,,,,,,,,,,,,,,,,,,,,,,,,,,,,,,,,,
1512324116,"Apr 16, 2018, 4:50:49 PM",Lunch Walk,Walk,Walk with Sadie ,1854,1.81,,,FALSE,,,activities/1512324116.gpx,91.08129883,,1854,1774,1816.300049,2.5,,0,,289.2999878,291.1000061,2.900000095,0,,,,,,,,,203.2617188,,,,,,,,,,,,,,,,0,,,,,,,,,,,,,,,,,,,,,,,,,,,,,,,,,,,,,,,,,,,
1514053251,"Apr 17, 2018, 3:54:36 PM",Morning Walk,Walk,Walk with Sadie ,1916,1.8,,,FALSE,,,activities/1514053251.gpx,91.08129883,,1916,1765,1807,3.5,,5.573333263,,285.1000061,291.1000061,12.19999981,0.005534034,,,,,,,,,202.2209625,,,,,,,,,,,,,,,,0,,,,,,,,,,,,,,,,,,,,,,,,,,,,,,,,,,,,,,,,,,,
1514695595,"Apr 17, 2018, 5:23:27 PM",Lunch Ride,Ride,Starbucks and Walmart,10831,7.23,,,FALSE,,,activities/1514695595.gpx,91.08129883,,10831,2469,7236.899902,5.800000191,,10.88857841,,286.7999878,291.1000061,4.599999905,0.001381807,,,,,,,,,,,,,,,,,,,,,,,,,0,,,,,,,,,,,,,,,,,,,,,,,,,,,,,,,,,,,,,,,,,,,
1518334909,"Apr 19, 2018, 3:34:29 PM",Morning Walk,Walk,Walk with Sadie ,1839,1.86,,,FALSE,,,activities/1518334909.gpx,91.08129883,,1839,1774,1863.199951,6,,0,,289.2999878,291.1000061,2.099999905,0.021468399,,,,,,,,,208.5102844,,,,,,,,,,,,,,,,0,,,,,,,,,,,,,,,,,,,,,,,,,,,,,,,,,,,,,,,,,,,
1528759575,"Apr 24, 2018, 1:04:58 PM",Morning Walk,Walk,Walk with Sadie ,1885,1.74,,,FALSE,,,activities/1528759575.gpx,91.08129883,,1885,1722,1744.199951,1.700000048,,4.186666489,,286.8999939,291.1000061,3.799999952,0,,,,,,,,,195.1930237,,,,,,,,,,,,,,,,0,,,,,,,,,,,,,,,,,,,,,,,,,,,,,,,,,,,,,,,,,,,
1529565039,"Apr 24, 2018, 4:27:00 PM",Lunch Ride,Ride,Starbucks to use wi-fi,12265,6.73,,,FALSE,,,activities/1529565039.gpx,91.08129883,,12265,2552,6731.5,8.300000191,,10.9365387,,286.7999878,291.2000122,3.299999952,0.001485553,,,,,,,,,,,,,,,,,,,,,,,,,0,,,,,,,,,,,,,,,,,,,,,,,,,,,,,,,,,,,,,,,,,,,
1535416493,"Apr 27, 2018, 6:19:57 PM",Afternoon Ride,Ride,Starbucks to use the wi-fi,9331,7.52,,,FALSE,,,activities/1535416493.gpx,91.08129883,,9331,2604,7528.399902,6.5,,9.076812744,,287,291.1000061,3.700000048,0,,,,,,,,,,,,,,,,,,,,,,,,,0,,,,,,,,,,,,,,,,,,,,,,,,,,,,,,,,,,,,,,,,,,,
1543452960,"May 1, 2018, 4:29:16 PM",Lunch Walk,Walk,Walk with Sadie ,1745,1.6,,,FALSE,,,activities/1543452960.gpx,,,1745,1605,1599.5,3.400000095,,0,,289.6000061,291.1000061,2.5,0.006251954,,,,,,,,,178.9996796,,,,,,,,,,,,,,,,0,,,,,,,,,,,,,,,,,,,,,,,,,,,,,,,,,,,,,,,,,,,
1560712890,"May 9, 2018, 4:03:33 PM",Lunch Ride,Ride,Starbucks to use wi-fi,11264,7.75,,,FALSE,,,activities/1560712890.gpx,91.08129883,,11264,2827,7756.299805,5.699999809,,9.538846016,,286.7999878,291.1000061,6.199999809,0,,,,,,,,26.57506561,83.76750183,,,,,,,,,,,,,,,,0,,,,,,,,,,,,,,,,,,,,,,,,,,,,,,,,,,,,,,,,,,,
1573660017,"May 15, 2018, 2:52:46 PM",Morning Ride,Ride,Forrest Building,744,2.49,,,FALSE,,,activities/1573660017.gpx,91.08129883,,744,707,2491,5.5,,3.416666746,,276,291.1000061,3.599999905,-0.409474105,,,,,,,,30.77611923,24.2609539,,,,,,,,,,,,,,,,0,,,,,,,,,,,,,,,,,,,,,,,,,,,,,,,,,,,,,,,,,,,
1580482742,"May 18, 2018, 5:05:58 PM",Lunch Ride,Ride,Starbucks and Walmart,9008,7.28,,,FALSE,,,activities/1580482742.gpx,91.08129883,,9008,2473,7282.799805,5.5,,10.85934067,,286.7999878,291.1000061,5.199999809,0.005492393,,,,,,,,28.32735825,78.10983276,,,,,,,,,,,,,,,,0,,,,,,,,,,,,,,,,,,,,,,,,,,,,,,,,,,,,,,,,,,,
1580695816,"May 18, 2018, 9:02:58 PM",Afternoon Ride,Ride,Raider Express,5862,1.16,,,FALSE,,,activities/1580695816.gpx,91.08129883,,5862,481,1164.199951,4.400000095,,0,,289.7999878,291.2999878,2.200000048,-0.017179178,,,,,,,,23.86191559,12.79749489,,,,,,,,,,,,,,,,0,,,,,,,,,,,,,,,,,,,,,,,,,,,,,,,,,,,,,,,,,,,
1584945655,"May 20, 2018, 3:37:31 PM",Morning Ride,Ride,Rec Center,6517,1.07,,,FALSE,,,activities/1584945655.gpx,91.08129883,,6517,369,1072.400024,4.199999809,,0,,289.2999878,291.1000061,1.5,0.046624392,,,,,,,,19.16557693,7.885398865,,,,,,,,,,,,,,,,0,,,,,,,,,,,,,,,,,,,,,,,,,,,,,,,,,,,,,,,,,,,
1615340736,"Jun 3, 2018, 3:39:19 PM",Morning Ride,Ride,Starbucks and Wally World,10214,7.6,,,FALSE,,,activities/1615340736.gpx,91.08129883,,10214,2640,7599.5,5.800000191,,9.573636055,,286.7999878,291.1000061,6.099999905,0.001315876,,,,,,,,28.14320564,82.8423233,,,,,,,,,,,,,,,,0,,,,,,,,,,,,,,,,,,,,,,,,,,,,,,,,,,,,,,,,,,,
1615717447,"Jun 3, 2018, 8:40:00 PM",Afternoon Activity,E-Bike Ride,Maintained RPMs in the high 80s Burned about 100 calories,1200,7.11,,,FALSE,,,,91.08129883,,1200,1200,7113.300293,,,0,,,,,0,,,,,,,,,,,,,,,,,,,,,,,,,0,,,,,,,,,,,,,,,,,,,,,,,,,,,,,,,,,,,,,,,,,,,
1618982834,"Jun 5, 2018, 3:40:00 PM",Morning Activity,E-Bike Ride,"RPM - mid 80s
Calories - 109
Max HR - 137",1200,7.17,,,FALSE,,,,91.08129883,,1200,1200,7177.674316,,,0,,,,,0,,,,,,,,,,,,,,,,,,,,,,,,,0,,,,,,,,,,,,,,,,,,,,,,,,,,,,,,,,,,,,,,,,,,,
1621664157,"Jun 6, 2018, 6:30:00 PM",Afternoon Ride,Ride,"CHCSEK, Starbucks and really World",2735,7.24,,,TRUE,,,,91.08129883,,2735,2735,7242.047852,,,0,,,,,0,,,,,,,,,,,,,,,,,,,,,,,,,1,,,,,,,,,,,,,,,,,,,,,,,,,,,,,,,,,,,,,,,,,,,
1625293751,"Jun 8, 2018, 3:10:00 PM",Morning Activity,E-Bike Ride,"RPM - mid80s
Calories - 110
MaxHR - 127",1200,7.04,,,FALSE,,,,91.08129883,,1200,1200,7048.926758,,,0,,,,,0,,,,,,,,,,,,,,,,,,,,,,,,,0,,,,,,,,,,,,,,,,,,,,,,,,,,,,,,,,,,,,,,,,,,,
1627482442,"Jun 9, 2018, 3:00:00 PM",Morning Activity,E-Bike Ride,"RPM - low 80s
Calories - 101
MaxHR - 110",1200,6.59,,,FALSE,,,,91.08129883,,1200,1200,6598.310547,,,0,,,,,0,,,,,,,,,,,,,,,,,,,,,,,,,0,,,,,,,,,,,,,,,,,,,,,,,,,,,,,,,,,,,,,,,,,,,
1630062245,"Jun 10, 2018, 3:30:00 PM",Morning Activity,E-Bike Ride,"RPM - low 80s
Calories - 112
MaxHR - 123",1200,6.76,,,FALSE,,,,91.08129883,,1200,1200,6759.244629,,,0,,,,,0,,,,,,,,,,,,,,,,,,,,,,,,,0,,,,,,,,,,,,,,,,,,,,,,,,,,,,,,,,,,,,,,,,,,,
1634289678,"Jun 12, 2018, 5:10:00 PM",Lunch Activity,E-Bike Ride,"RPM- high  70s
Calories -  104
MacHR- 127",1200,6.5,,,FALSE,,,,91.08129883,,1200,1200,6501.75,,,0,,,,,0,,,,,,,,,,,,,,,,,,,,,,,,,0,,,,,,,,,,,,,,,,,,,,,,,,,,,,,,,,,,,,,,,,,,,
1638308971,"Jun 13, 2018, 9:10:00 PM",Lunch Walk,Walk,1Medical Center Circle to Home,15000,13.68,,,FALSE,,,,91.08129883,,15000,15000,13679.42383,,,0,,,,,0,,,,,,,,,1530.858521,,,,,,,,,,,,,,,,0,,,,,,,,,,,,,,,,,,,,,,,,,,,,,,,,,,,,,,,,,,,
1638379292,"Jun 14, 2018, 4:30:00 PM",Lunch Activity,E-Bike Ride,"RPM- mid 80s
Calories - 114
MaxHR - 128",1200,6.8,,,FALSE,,,,91.08129883,,1200,1200,6807.524902,,,0,,,,,0,,,,,,,,,,,,,,,,,,,,,,,,,0,,,,,,,,,,,,,,,,,,,,,,,,,,,,,,,,,,,,,,,,,,,
1642584212,"Jun 16, 2018, 4:03:08 PM",Lunch Ride,Ride,Wal-Mart and Starbucks,4969,7.34,,,FALSE,,,activities/1642584212.gpx,91.08129883,,4969,2446,7339.600098,5.5,,10.8594408,,286.7999878,291.1000061,3.099999905,0.001362472,,,,,,,,29.38115883,80.13105011,,,,,,,,,,,,,,,,0,,,,,,,,,,,,,,,,,,,,,,,,,,,,,,,,,,,,,,,,,,,
1642767354,"Jun 16, 2018, 5:50:00 PM",Lunch Activity,E-Bike Ride,"RPM - high 80s
Calories - 114
MaxHR - 142",1200,7.37,,,FALSE,,,,91.08129883,,1200,1200,7370.79541,,,0,,,,,0,,,,,,,,,,,,,,,,,,,,,,,,,0,,,,,,,,,,,,,,,,,,,,,,,,,,,,,,,,,,,,,,,,,,,
1644787747,"Jun 17, 2018, 2:40:00 PM",Morning Activity,E-Bike Ride,"RPM - mid 80s
Calories - 110
MaxHR - 136",1200,7.14,,,FALSE,,,,91.08129883,,1200,1200,7145.487305,,,0,,,,,0,,,,,,,,,,,,,,,,,,,,,,,,,0,,,,,,,,,,,,,,,,,,,,,,,,,,,,,,,,,,,,,,,,,,,
1648497000,"Jun 19, 2018, 2:00:00 PM",Morning Activity,E-Bike Ride,"RPM - high 80s
Calories - 104
MaxHR - 120",1200,6.98,,,FALSE,,,,91.08129883,,1200,1200,6984.552734,,,0,,,,,0,,,,,,,,,,,,,,,,,,,,,,,,,0,,,,,,,,,,,,,,,,,,,,,,,,,,,,,,,,,,,,,,,,,,,
1651186881,"Jun 20, 2018, 5:20:00 PM",Lunch Activity,E-Bike Ride,"RPM - high 80s
Calories - 104
MaxHR- 135",1200,7.08,,,FALSE,,,,91.08129883,,1200,1200,7081.11377,,,0,,,,,0,,,,,,,,,,,,,,,,,,,,,,,,,0,,,,,,,,,,,,,,,,,,,,,,,,,,,,,,,,,,,,,,,,,,,
1652974977,"Jun 21, 2018, 2:40:00 PM",Morning Activity,E-Bike Ride,"RPM - mid 80s
Calories - 111
MaxHR - 131",1200,7.19,,,FALSE,,,,91.08129883,,1200,1200,7193.767578,,,0,,,,,0,,,,,,,,,,,,,,,,,,,,,,,,,0,,,,,,,,,,,,,,,,,,,,,,,,,,,,,,,,,,,,,,,,,,,
1654969375,"Jun 22, 2018, 2:50:00 PM",Morning Activity,E-Bike Ride,"RPM - high 70s
Calories - 100
MaxHR - 105",1200,6.55,,,FALSE,,,,91.08129883,,1200,1200,6550.030273,,,0,,,,,0,,,,,,,,,,,,,,,,,,,,,,,,,0,,,,,,,,,,,,,,,,,,,,,,,,,,,,,,,,,,,,,,,,,,,
1657173486,"Jun 23, 2018, 3:20:00 PM",Morning Activity,E-Bike Ride,"RPM - high 80s
Calories- 115
MaxHR - 128",1200,7.3,,,FALSE,,,,91.08129883,,1200,1200,7306.421875,,,0,,,,,0,,,,,,,,,,,,,,,,,,,,,,,,,0,,,,,,,,,,,,,,,,,,,,,,,,,,,,,,,,,,,,,,,,,,,
1660374842,"Jun 24, 2018, 11:00:00 PM",Evening Activity,E-Bike Ride,"RPM - mid 80s
Calories - 103
MaxHR - 111",1200,7.01,,,FALSE,,,,91.08129883,,1200,1200,7016.739746,,,0,,,,,0,,,,,,,,,,,,,,,,,,,,,,,,,0,,,,,,,,,,,,,,,,,,,,,,,,,,,,,,,,,,,,,,,,,,,
1661737947,"Jun 25, 2018, 3:10:46 PM",Morning Ride,Ride,CHC-SEK and Wal-Mart ,11798,4.88,,,FALSE,,,activities/1661737947.gpx,91.08129883,,11798,1784,4882.899902,7.099999905,,6.222435951,,287,291.1000061,4.099999905,-0.014335743,,,,,,,,32.5314827,64.71035767,,,,,,,,,,,,,,,,0,,,,,,,,,,,,,,,,,,,,,,,,,,,,,,,,,,,,,,,,,,,
1663464496,"Jun 25, 2018, 6:00:00 PM",Afternoon Ride,Ride,Walmart to home,1200,4.26,,,FALSE,,,,91.08129883,,1200,1200,4264.761719,,,0,,,,,0,,,,,,,,,,,,,,,,,,,,,,,,,0,,,,,,,,,,,,,,,,,,,,,,,,,,,,,,,,,,,,,,,,,,,
1663511797,"Jun 26, 2018, 2:40:00 PM",Morning Activity,E-Bike Ride,"RPM -high 80s
Calories  115
MaxHR - 158
",1200,7.51,,,FALSE,,,,91.08129883,,1200,1200,7515.636719,,,0,,,,,0,,,,,,,,,,,,,,,,,,,,,,,,,0,,,,,,,,,,,,,,,,,,,,,,,,,,,,,,,,,,,,,,,,,,,
1665873891,"Jun 27, 2018, 3:40:00 PM",Morning Activity,E-Bike Ride,"RPM - high 80s
Calories - 104
MaxHR - 128",1200,7.29,,,FALSE,,,,91.08129883,,1200,1200,7290.328125,,,0,,,,,0,,,,,,,,,,,,,,,,,,,,,,,,,0,,,,,,,,,,,,,,,,,,,,,,,,,,,,,,,,,,,,,,,,,,,
1666448004,"Jun 27, 2018, 6:11:10 PM",Afternoon Ride,Ride,Starbucks and Wal-Mart,8562,7.29,,,FALSE,,,activities/1666448004.gpx,91.08129883,,8562,2434,7293,5.900000095,,9.404428482,,286.7999878,291.1000061,5.099999905,0.002742356,,,,,,,,29.06632233,78.88332367,,,,,,,,,,,,,,,,0,,,,,,,,,,,,,,,,,,,,,,,,,,,,,,,,,,,,,,,,,,,
1667789321,"Jun 28, 2018, 2:00:00 PM",Morning Activity,E-Bike Ride,"RPM - high 80s
Calories - 104
MaxHR - 143",1200,7.54,,,FALSE,,,,91.08129883,,1200,1200,7547.823242,,,0,,,,,0,,,,,,,,,,,,,,,,,,,,,,,,,0,,,,,,,,,,,,,,,,,,,,,,,,,,,,,,,,,,,,,,,,,,,
1680901387,"Jul 4, 2018, 4:50:00 PM",Lunch Activity,E-Bike Ride,"RPM -:high 80s
Calories - 106
MaxHR - 121",1200,7.33,,,FALSE,,,,91.08129883,,1200,1200,7338.608398,,,0,,,,,0,,,,,,,,,,,,,,,,,,,,,,,,,0,,,,,,,,,,,,,,,,,,,,,,,,,,,,,,,,,,,,,,,,,,,
1684718453,"Jul 5, 2018, 2:20:00 PM",Morning Ride,Ride,Starbucks and Walmart,2400,7.27,,,TRUE,,,,91.08129883,,2400,2400,7274.234863,,,0,,,,,0,,,,,,,,,,,,,,,,,,,,,,,,,1,,,,,,,,,,,,,,,,,,,,,,,,,,,,,,,,,,,,,,,,,,,
1684760689,"Jul 6, 2018, 2:50:00 PM",Morning Activity,E-Bike Ride,"RPM - high 80s
Calories - 106
MaxHR - 141",1200,7.46,,,FALSE,,,,91.08129883,,1200,1200,7467.355957,,,0,,,,,0,,,,,,,,,,,,,,,,,,,,,,,,,0,,,,,,,,,,,,,,,,,,,,,,,,,,,,,,,,,,,,,,,,,,,
1687476395,"Jul 7, 2018, 3:00:00 PM",Morning Ride,Ride,Starbucks and Walmart,2400,7.24,,,TRUE,,,,91.08129883,,2400,2400,7242.047852,,,9.448800087,,,,,0,,,,,,,,,,,,,,,,,,,,,,,,,1,,,,,,,,,,,,,,,,,,,,,,,,,,,,,,,,,,,,,,,,,,,
1689525207,"Jul 8, 2018, 4:00:00 PM",Lunch Activity,E-Bike Ride,"RPM - low 90s
Calories - 113
MaxHR - 143",1200,7.77,,,FALSE,,,,91.08129883,,1200,1200,7773.131348,,,0,,,,,0,,,,,,,,,,,,,,,,,,,,,,,,,0,,,,,,,,,,,,,,,,,,,,,,,,,,,,,,,,,,,,,,,,,,,
1693497621,"Jul 10, 2018, 2:30:00 PM",Morning Activity,E-Bike Ride,"RPM - low 90s
Calories- 107
MaxHR - 127",1200,7.61,,,FALSE,,,,91.08129883,,1200,1200,7612.197266,,,0,,,,,0,,,,,,,,,,,,,,,,,,,,,,,,,0,,,,,,,,,,,,,,,,,,,,,,,,,,,,,,,,,,,,,,,,,,,
1696310605,"Jul 11, 2018, 7:20:00 PM",Afternoon Activity,E-Bike Ride,"RPM - low 80s
Calories - 152
MaxHR - 112",1800,10.01,,,FALSE,,,,91.08129883,,1800,1800,10010.12012,,,0,,,,,0,,,,,,,,,,,,,,,,,,,,,,,,,0,,,,,,,,,,,,,,,,,,,,,,,,,,,,,,,,,,,,,,,,,,,
1698509735,"Jul 12, 2018, 7:40:00 PM",Afternoon Ride,Ride,Pittsburg Public Library,4140,12.87,,,TRUE,,,,91.08129883,,4140,4140,12874.75195,,,0,,,,,0,,,,,,,,,,,,,,,,,,,,,,,,,1,,,,,,,,,,,,,,,,,,,,,,,,,,,,,,,,,,,,,,,,,,,
1700660830,"Jul 13, 2018, 10:40:00 PM",Afternoon Activity,E-Bike Ride,"RPM - mid 80s
Calories - 103
MaxHR - 104
Level - 1",1200,6.96,,,FALSE,,,,91.08129883,,1200,1200,6968.459473,,,0,,,,,0,,,,,,,,,,,,,,,,,,,,,,,,,0,,,,,,,,,,,,,,,,,,,,,,,,,,,,,,,,,,,,,,,,,,,
1705518402,"Jul 15, 2018, 6:30:00 PM",Afternoon Activity,E-Bike Ride,"RPM - high 80s
Calories - 104
MaxHR - 114
Level - 2",1200,7.4,,,FALSE,,,,91.08129883,,1200,1200,7402.982422,,,0,,,,,0,,,,,,,,,,,,,,,,,,,,,,,,,0,,,,,,,,,,,,,,,,,,,,,,,,,,,,,,,,,,,,,,,,,,,
1707051027,"Jul 16, 2018, 5:47:28 PM",Lunch Ride,Ride,Wal-Mart to home,3028,4.03,,,FALSE,,,activities/1707051027.gpx,91.08129883,,3028,1480,4033.5,5.400000095,,6.015476227,,287,291.1000061,5,0.029750837,,,,,,,,25.67114639,42.36244965,,,,,,,,,,,,,,,,0,,,,,,,,,,,,,,,,,,,,,,,,,,,,,,,,,,,,,,,,,,,
1707106433,"Jul 16, 2018, 7:00:00 PM",Afternoon Ride,Ride,Starbucks,960,3.21,,,TRUE,,,,91.08129883,,960,960,3218.687988,,,0,,,,,0,,,,,,,,,,,,,,,,,,,,,,,,,1,,,,,,,,,,,,,,,,,,,,,,,,,,,,,,,,,,,,,,,,,,,
1754501324,"Aug 6, 2018, 4:08:07 PM",Lunch Ride,Ride,"CHC-SEK, Starbucks and Wal-Mart",11800,8.11,,,FALSE,,,activities/1754501324.gpx,91.08129883,,11800,2774,8111.200195,5.599999905,,10.08758736,,286.7999878,291.1000061,4.5,-0.002465726,,,,,,,,28.55396843,88.31781006,,,,,,,,,,,,,,,,0,,,,,,,,,,,,,,,,,,,,,,,,,,,,,,,,,,,,,,,,,,,
1759403189,"Aug 8, 2018, 8:39:55 PM",Afternoon Ride,Ride,PSU - home,5388,9.03,,,FALSE,,,activities/1759403189.gpx,91.08129883,,5388,3564,9034.5,5.5,,23.36440468,,276.5,291.1000061,3.099999905,0.148320332,,,,,,,,26.55940056,105.543335,,,,,,,,,,,,,,,,0,,,,,,,,,,,,,,,,,,,,,,,,,,,,,,,,,,,,,,,,,,,
1759432784,"Aug 8, 2018, 2:37:36 PM",Doctors Appointment and lunch,Ride,"Appt with Dr Dunbar, Dr Khalid and lunch at the Mall Deli",6473,20.43,,,TRUE,,,,91.08129883,,6473,6473,20438.66797,,,0,,,,,0,,,,,,,,,,,,,,,,,,,,,,,,,1,,,,,,,,,,,,,,,,,,,,,,,,,,,,,,,,,,,,,,,,,,,
1768162521,"Aug 12, 2018, 5:39:35 PM",Lunch Ride,Ride,Starbucks,10630,6.53,,,TRUE,,,activities/1768162521.gpx,91.08129883,,10630,2198,6538.399902,5.300000191,,9.889839172,,286.7999878,291.1000061,2.700000048,-0.001529426,,,,,,,,27.22356224,66.71878052,,,,,,,,,,,,,,,,1,,,,,,,,,,,,,,,,,,,,,,,,,,,,,,,,,,,,,,,,,,,
1774779318,"Aug 15, 2018, 5:37:23 PM",Get groceries,Ride,Starbucks and Wal-Mart ,8030,7.64,,,TRUE,,,activities/1774779318.gpx,91.08129883,,8030,2660,7647.700195,4.800000191,,9.552098274,,286.7999878,291.1000061,5.199999809,0,,,,,,,,25.66893196,76.13139343,,,,,,,,,,,,,,,,1,,,,,,,,,,,,,,,,,,,,,,,,,,,,,,,,,,,,,,,,,,,
1777042240,"Aug 16, 2018, 6:21:18 PM",Wi-fi access,Ride,Starbucks,7777,6.67,,,TRUE,,,activities/1777042240.gpx,91.08129883,,7777,2039,6676.5,6.400000095,,10.4416666,,286.7999878,291.1000061,3.099999905,0.001497791,,,,,,,,31.86568642,72.44618988,,,,,,,,,,,,,,,,1,,,,,,,,,,,,,,,,,,,,,,,,,,,,,,,,,,,,,,,,,,,
1779004767,"Aug 17, 2018, 5:49:30 PM",Coffee and Wi-fi,Ride,Starbucks,6968,6.58,,,TRUE,,,activities/1779004767.gpx,91.08129883,,6968,1794,6587.5,6.599999905,,10.49809551,,286.7999878,291.1000061,3.400000095,-0.001518027,,,,,,,,38.03409195,76.0799942,,,,,,,,,,,,,,,,1,,,,,,,,,,,,,,,,,,,,,,,,,,,,,,,,,,,,,,,,,,,
1781192748,"Aug 18, 2018, 4:05:58 PM",Lunch Commute,Ride,Starbucks and Wal-Mart,7298,7.64,,,TRUE,,,activities/1781192748.gpx,91.08129883,,7298,2205,7647.799805,6.300000191,,9.56000042,,286.7999878,291.1000061,5.099999905,0,,,,,,,,36.15091705,88.87969971,,,,,,,,,,,,,,,,1,,,,,,,,,,,,,,,,,,,,,,,,,,,,,,,,,,,,,,,,,,,
1799513217,"Aug 26, 2018, 4:41:17 PM",Lunch Commute,Ride,Starbucks and Wal-Mart,8043,7.64,,,TRUE,,,activities/1799513217.gpx,91.08129883,,8043,2393,7648.100098,6.099999905,,9.514545441,,286.7999878,291.1000061,4.5,0.001307514,,,,,,,,32.42215347,86.50862885,,,,,,,,,,,,,,,,1,,,,,,,,,,,,,,,,,,,,,,,,,,,,,,,,,,,,,,,,,,,
1801446289,"Aug 27, 2018, 4:46:33 PM",Lunch Commute,Ride,Starbucks for lunch,7406,6.57,,,TRUE,,,activities/1801446289.gpx,91.08129883,,7406,2055,6574.899902,6.099999905,,10.4333334,,286.7999878,291.1000061,3.099999905,0.004562807,,,,,,,,30.86580467,70.72359467,,,,,,,,,,,,,,,,1,,,,,,,,,,,,,,,,,,,,,,,,,,,,,,,,,,,,,,,,,,,
1812665814,"Sep 1, 2018, 4:59:27 PM",Lunch Commute,Ride,Starbucks and Wal-Mart ,9766,7.6,,,TRUE,,,activities/1812665814.gpx,91.08129883,,9766,2467,7608.600098,5.900000095,,9.552207947,,286.7999878,291.1000061,5,0.001314302,,,,,,,,31.53643608,86.74742889,,,,,,,,,,,,,,,,1,,,,,,,,,,,,,,,,,,,,,,,,,,,,,,,,,,,,,,,,,,,
1824495304,"Sep 6, 2018, 6:40:16 PM",Afternoon commute,Ride,Starbucks,2100,6.43,,,FALSE,,,,91.08129883,,2100,2100,6437.375977,,,,,,,,0,,,,,,,,,,,,,,,,,,,,,,,,,0,,,,,,,,,,,,,,,,,,,,,,,,,,,,,,,,,,,,,,,,,,,
1835194912,"Sep 11, 2018, 5:03:28 PM",Lunch Commute,Ride,Starbucks and Petsense,9033,6.83,,,TRUE,,,activities/1835194912.gpx,91.08129883,,9033,1905,6838.899902,6.099999905,,10.42666626,,286.7999878,291.1000061,2.799999952,0,,,,,,,,38.02867889,80.77576447,,,,,,,,,,,,,,,,1,,,,,,,,,,,,,,,,,,,,,,,,,,,,,,,,,,,,,,,,,,,
1837307772,"Sep 12, 2018, 4:45:46 PM",Lunch Commute,Ride,Starbucks,6848,6.55,,,TRUE,,,activities/1837307772.gpx,91.08129883,,6848,1785,6549.899902,6.099999905,,10.44666672,,286.7999878,291.1000061,3.900000095,0.003053482,,,,,,,,36.60667801,72.85735321,,,,,,,,,,,,,,,,1,,,,,,,,,,,,,,,,,,,,,,,,,,,,,,,,,,,,,,,,,,,
1837661672,"Sep 12, 2018, 9:28:37 PM",Afternoon Ride,Ride,Atkinson loop,1389,5.43,,,FALSE,,,activities/1837661672.gpx,91.08129883,,1389,1389,5432.899902,6.099999905,,7.099999905,,284,291.1000061,3.099999905,0.003681275,,,,,,,,40.81718063,63.21499634,,,,,,,,,,,,,,,,0,,,,,,,,,,,,,,,,,,,,,,,,,,,,,,,,,,,,,,,,,,,
1843761743,"Sep 15, 2018, 4:25:07 PM",Lunch Commute,Ride,Starbucks and Wal-Mart,9851,8.3,,,TRUE,,,activities/1843761743.gpx,91.08129883,,9851,2496,8305.799805,6.099999905,,9.729193687,,286.7999878,291.3999939,4.900000095,0.002407956,,,,,,,,32.57225418,90.64988708,,,,,,,,,,,,,,,,1,,,,,,,,,,,,,,,,,,,,,,,,,,,,,,,,,,,,,,,,,,,
1846450120,"Sep 16, 2018, 4:39:21 PM",Lunch Commute,Ride,Starbucks and Wal-Mart,8558,7.69,,,TRUE,,,activities/1846450120.gpx,91.08129883,,8558,2436,7690.899902,5.599999905,,9.558132172,,286.7999878,291.1000061,4.199999809,0.003900714,,,,,,,,30.32884216,82.37738037,,,,,,,,,,,,,,,,1,,,,,,,,,,,,,,,,,,,,,,,,,,,,,,,,,,,,,,,,,,,
1855071068,"Sep 20, 2018, 5:50:16 PM",Afternoon commute,Ride,Starbucks and Wal-Mart,9139,7.32,,,TRUE,,,activities/1855071068.gpx,91.08129883,,9139,2258,7322.200195,6,,10.79642868,,286.7999878,291.1000061,5.5,0.00136571,,,,,,,,33.8866272,85.31534576,,,,,,,,,,,,,,,,1,,,,,,,,,,,,,,,,,,,,,,,,,,,,,,,,,,,,,,,,,,,
1869676285,"Sep 27, 2018, 4:29:43 PM",Lunch Commute,Ride,Starbucks and Wal-Mart,10243,7.34,,,TRUE,,,activities/1869676285.gpx,91.08129883,,10243,2185,7343,6,,10.84457874,,286.7999878,291.1000061,4.800000191,0.001361841,,,,,,,,35.42124939,86.29590607,,,,,,,,,,,,,,,,1,,,,,,,,,,,,,,,,,,,,,,,,,,,,,,,,,,,,,,,,,,,
1880212164,"Oct 2, 2018, 3:10:21 PM",Lunch Commute,Ride,US Bank and Wal-Mart,17802,13.89,,,TRUE,,,activities/1880212164.gpx,91.08129883,,17802,3905,13893.2002,7.5,,17.52119064,,282.8999939,291.1000061,4.099999905,-0.000719777,,,,,,,,36.63538361,159.5132141,,,,,,,,,,,,,,,,1,,,,,,,,,,,,,,,,,,,,,,,,,,,,,,,,,,,,,,,,,,,
1886635999,"Oct 5, 2018, 3:46:49 PM",Dumb,Ride,Downtown Pittsburg what a let down!,40681,14.85,,,TRUE,,,activities/1886635999.gpx,91.08129883,,40681,6673,14858.09961,6.199999809,,22.24586868,,279.8999939,291.1000061,5.099999905,-0.000673034,,,,,,,,29.79679489,221.6999359,,,,,,,,,,,,,,,,1,,,,,,,,,,,,,,,,,,,,,,,,,,,,,,,,,,,,,,,,,,,
1892702619,"Oct 8, 2018, 2:36:48 PM",Morning Commute,Ride,"Appt w/Dr Khalid, Cardiologist",20481,23.74,,,TRUE,,,activities/1892702619.gpx,91.08129883,,20481,7453,23747.59961,6.599999905,,45.80387115,,273.3999939,291.1000061,7.300000191,0.000421095,,,,,,,,34.15729523,283.8503418,,,,,,,,,,,,,,,,1,,,,,,,,,,,,,,,,,,,,,,,,,,,,,,,,,,,,,,,,,,,
1911098384,"Oct 17, 2018, 4:44:44 PM",Lunch Commute,Ride,Starbucks and Wal-Mart ,9713,7.36,,,TRUE,,,activities/1911098384.gpx,91.08129883,,9713,2449,7360.299805,6.800000191,,10.86868095,,286.7999878,291.1000061,2.799999952,-0.00135864,,,,,,,,32.45523834,88.62340546,,,,,,,,,,,,,,,,1,,,,,,,,,,,,,,,,,,,,,,,,,,,,,,,,,,,,,,,,,,,
1919459235,"Oct 21, 2018, 4:03:33 PM",Lunch Commute,Ride,Starbucks,8708,6.65,,,TRUE,,,activities/1919459235.gpx,91.08129883,,8708,1943,6657.299805,7.900000095,,13.69741917,,285.1000061,292.1000061,3.599999905,-0.001502111,,,,,,,,38.34163284,83.06503296,,,,,,,,,,,,,,,,1,,,,,,,,,,,,,,,,,,,,,,,,,,,,,,,,,,,,,,,,,,,
1925364847,"Oct 24, 2018, 4:41:07 PM",Lunch Commute,Ride,Starbucks and Shooters,12898,7.25,,,TRUE,,,activities/1925364847.gpx,91.08129883,,12898,2093,7256.100098,6.300000191,,11.63380909,,285.1000061,292.1000061,2.5,0,,,,,,,,33.82198334,78.93019867,,,,,,,,,,,,,,,,1,,,,,,,,,,,,,,,,,,,,,,,,,,,,,,,,,,,,,,,,,,,
1928848791,"Oct 26, 2018, 4:46:20 PM",Lunch Commute,Ride,Starbucks,11051,7.28,,,TRUE,,,activities/1928848791.gpx,91.08129883,,11051,2042,7280.899902,6,,10.84097099,,287.5,292.1000061,3.099999905,0,,,,,,,,34.55146408,78.66780853,,,,,,,,,,,,,,,,1,,,,,,,,,,,,,,,,,,,,,,,,,,,,,,,,,,,,,,,,,,,
1932886851,"Oct 28, 2018, 4:06:05 PM",Lunch Commute,Ride,Starbucks,8957,6.63,,,TRUE,,,activities/1932886851.gpx,91.08129883,,8957,1879,6637.899902,7.5,,11.22857189,,285.1000061,292.1000061,3.299999952,-0.001506501,,,,,,,,36.77545547,77.04769897,,,,,,,,,,,,,,,,1,,,,,,,,,,,,,,,,,,,,,,,,,,,,,,,,,,,,,,,,,,,
1934483258,"Oct 29, 2018, 5:35:02 PM",Lunch Commute,Ride,US Bank and Wal-Mart,6327,14.38,,,TRUE,,,activities/1934483258.gpx,91.08129883,,6327,3886,14382.7002,8.600000381,,27.29328918,,282.2999878,292.1000061,3,0,,,,,,,,42.24219131,183.030777,,,,,,,,,,,,,,,,1,,,,,,,,,,,,,,,,,,,,,,,,,,,,,,,,,,,,,,,,,,,
1948338350,"Nov 5, 2018, 8:50:32 PM",Afternoon commute,Ride,Starbucks and Wal-Mart,7262,7.6,,,TRUE,,,activities/1948338350.gpx,91.08129883,,7262,2408,7608.700195,6.800000191,,15.95089722,,285.1000061,292.1000061,2.799999952,-0.001314285,,,,,,,,35.54624939,95.43883514,,,,,,,,,,,,,,,,1,,,,,,,,,,,,,,,,,,,,,,,,,,,,,,,,,,,,,,,,,,,
1950005129,"Nov 6, 2018, 6:00:33 PM",Lunch Commute,Ride,Ride to Vote and Starbucks,8526,9.01,,,TRUE,,,activities/1950005129.gpx,91.08129883,,8526,2674,9012.200195,7.099999905,,16.31978035,,287.2000122,292.1000061,2.900000095,0,,,,,,,,36.04467392,107.4675522,,,,,,,,,,,,,,,,1,,,,,,,,,,,,,,,,,,,,,,,,,,,,,,,,,,,,,,,,,,,
1976012288,"Nov 20, 2018, 6:56:57 PM",Lunch Commute,Ride,Starbucks ,7622,6.63,,,FALSE,,,activities/1976012288.gpx,91.08129883,,7622,1865,6635.799805,6.099999905,,11.68205166,,285.1000061,292.1000061,2.900000095,0,,,,,,,,36.04066086,74.94564819,,,,,,,,,,,,,,,,0,,,,,,,,,,,,,,,,,,,,,,,,,,,,,,,,,,,,,,,,,,,
2014229208,"Dec 12, 2018, 7:19:32 PM",Afternoon commute,Ride,Starbucks and Wal-Mart ,7343,7.25,,,FALSE,,,activities/2014229208.gpx,91.08129883,,7343,2335,7257.200195,6.400000095,,16.77723503,,285.1000061,292.1000061,3.099999905,0,,,,,,,,35.4557457,92.30991364,,,,,,,,,,,,,,,,0,,,,,,,,,,,,,,,,,,,,,,,,,,,,,,,,,,,,,,,,,,,
2032273954,"Dec 23, 2018, 7:23:06 PM",Lunch Commute,Ride,Starbucks and Wal-Mart ,8290,7.65,,,FALSE,,,activities/2032273954.gpx,91.08129883,,8290,2296,7651.299805,6,,13.67214298,,285.1000061,292.1000061,3.299999952,-0.001306967,,,,,,,,35.2417717,90.22035217,,,,,,,,,,,,,,,,0,,,,,,,,,,,,,,,,,,,,,,,,,,,,,,,,,,,,,,,,,,,
2065204201,"Jan 8, 2019, 6:54:39 PM",Lunch Commute,Ride,Starbucks and Wal-Mart ,7625,7.31,,,FALSE,,,activities/2065204201.gpx,91.08129883,,7625,2354,7316,7.099999905,,13.98347282,,285.1000061,292.1000061,3.200000048,-0.001366867,,,,,,,,34.24889755,89.89342499,,,,,,,,,,,,,,,,0,,,,,,,,,,,,,,,,,,,,,,,,,,,,,,,,,,,,,,,,,,,
2083533827,"Jan 16, 2019, 7:09:38 PM",Lunch Commute,Ride,Starbucks and Wal-Mart ,7047,7.67,,,FALSE,,,activities/2083533827.gpx,91.08129883,,7047,2224,7677.899902,7.099999905,,13.98412132,,285.1000061,292.1000061,3.099999905,-0.001302439,,,,,,,,39.04579544,96.82419586,,,,,,,,,,,,,,,,0,,,,,,,,,,,,,,,,,,,,,,,,,,,,,,,,,,,,,,,,,,,
2107775468,"Jan 27, 2019, 6:07:09 PM",Lunch Commute,Ride,Starbucks ,7807,6.59,,,FALSE,,,activities/2107775468.gpx,91.08129883,,7807,1823,6592.299805,7,,11.65054989,,285.1000061,292.1000061,2.5,-0.003033842,,,,,,,,41.84222412,85.05038452,,,,,,,,,,,,,,,,0,,,,,,,,,,,,,,,,,,,,,,,,,,,,,,,,,,,,,,,,,,,
2232331083,"Mar 22, 2019, 4:54:07 PM",Lunch Commute,Ride,Starbucks ,7945,7.46,,,FALSE,,,activities/2232331083.gpx,91.08129883,,7945,2049,7465.299805,7,,15.1740427,,285.1000061,292.1000061,3,-0.001339531,,,,,,,,38.10746384,87.06164551,,,,,,,,,,,,,,,,0,,,,,,,,,,,,,,,,,,,,,,,,,,,,,,,,,,,,,,,,,,,
2242601233,"Mar 26, 2019, 4:19:46 PM",Lunch Commute,Ride,Starbucks and Wal-Mart ,8779,7.6,,,FALSE,,,activities/2242601233.gpx,91.08129883,,8779,2281,7600.100098,6.400000095,,15.98511887,,285.1000061,292.1000061,3.099999905,-0.001315772,,,,,,,,34.75,88.38019562,,,,,,,,,,,,,,,,0,,,,,,,,,,,,,,,,,,,,,,,,,,,,,,,,,,,,,,,,,,,
2247014468,"Mar 28, 2019, 1:42:35 PM",Morning Commute,Ride,Wal-Mart ,3873,7.99,,,FALSE,,,activities/2247014468.gpx,91.08129883,,3873,2649,7989.399902,6.599999905,,15.31923771,,285.1000061,292.2000122,2.700000048,-0.002503317,,,,,,,,32.0571785,94.68519592,,,,,,,,,,,,,,,,0,,,,,,,,,,,,,,,,,,,,,,,,,,,,,,,,,,,,,,,,,,,
2257960685,"Apr 1, 2019, 5:34:36 PM",Lunch Commute,Ride,Wal-Mart ,4678,7.11,,,FALSE,,,activities/2257960685.gpx,91.08129883,,4678,2210,7114.799805,5.800000191,,14.36238098,,285.1000061,292.1000061,2.400000095,0,,,,,,,,34.20161057,84.27789307,,,,,,,,,,,,,,,,0,,,,,,,,,,,,,,,,,,,,,,,,,,,,,,,,,,,,,,,,,,,
2262671937,"Apr 3, 2019, 2:51:17 PM",Lunch Commute,Ride,Starbucks and Wal-Mart ,11178,7.66,,,TRUE,,,activities/2262671937.gpx,91.08129883,,11178,2440,7661.399902,7.5,,15.97068501,,285.1000061,292.1000061,2.599999905,0,,,,,,,,36.60630417,99.59111786,,,,,,,,,,,,,,,,1,,,,,,,,,,,,,,,,,,,,,,,,,,,,,,,,,,,,,,,,,,,
2278251030,"Apr 9, 2019, 10:09:59 PM",Work,Ride,Fb&f and Shooters,3808,3.45,,,FALSE,,,activities/2278251030.gpx,91.08129883,,3808,2619,3454.399902,5.400000095,,16.75833321,,273.7000122,291.8999939,12.19999981,0.301065296,,,,,,,,38.04578781,111.1007385,,,,,,,,,,,,,,,,0,,,,,,,,,,,,,,,,,,,,,,,,,,,,,,,,,,,,,,,,,,,
2305668391,"Apr 20, 2019, 5:13:38 PM",Lunch Commute,Ride,Starbucks and Wal-Mart ,9500,7.6,,,TRUE,,,activities/2305668391.gpx,91.08129883,,9500,2353,7606.899902,5.699999809,,18.33783913,,285.1000061,292.2000122,3.599999905,0,,,,,,,,31.97030067,83.87712097,,,,,,,,,,,,,,,,1,,,,,,,,,,,,,,,,,,,,,,,,,,,,,,,,,,,,,,,,,,,
2326704309,"Apr 28, 2019, 5:35:29 PM",Lunch Commute,Ride,Starbucks and Wal-Mart ,9067,7.68,,,TRUE,,,activities/2326704309.gpx,91.08129883,,9067,2295,7686.5,6,,14.02733994,,285.1000061,292.1000061,3.400000095,0.001300982,,,,,,,,34.97547531,89.49961853,,,,,,,,,,,,,,,,1,,,,,,,,,,,,,,,,,,,,,,,,,,,,,,,,,,,,,,,,,,,
2337460708,"May 2, 2019, 2:58:52 PM",Morning Commute,Ride,BSS,31973,2.84,,,FALSE,,,activities/2337460708.gpx,91.08129883,,,772,2843.100098,6.5,,4.025714397,,275.7999878,291.2999878,2.5,-0.369315177,,,,,,,,36.36209488,31.29976273,,,,,,,,,,,,,,,,,,,,,,,,,,,,,,,,,,,,,,,,,,,,,,,,,,,,,,,,,,,
2381324056,"May 19, 2019, 4:54:51 PM",Lunch Commute,Ride,Starbucks and Wal-Mart ,8685,7.61,,,TRUE,,,activities/2381324056.gpx,91.08129883,,,2490,7617.899902,5.900000095,,16.13130951,,285.1000061,292.1000061,2.799999952,0,,,,,,,,30.97296143,85.99178314,,,,,,,,,,,,,,,,,,,,,,,,,,,,,,,,,,,,,,,,,,,,,,,,,,,,,,,,,,,
2402406752,"May 27, 2019, 5:53:09 PM",Lunch Commute,Ride,Starbucks ,9059,6.61,,,TRUE,,,activities/2402406752.gpx,91.08129883,,,1965,6610.200195,6.300000191,,13.74761868,,285.1000061,292.1000061,2.5,-0.001512813,,,,,,,,32.71383667,71.67520142,,,,,,,,,,,,,,,,,,,,,,,,,,,,,,,,,,,,,,,,,,,,,,,,,,,,,,,,,,,
2406772173,"May 29, 2019, 1:15:23 PM",Morning Commute,Ride,"Starbucks, US Bank and Wal-Mart ",12014,10.49,,,TRUE,,,activities/2406772173.gpx,91.08129883,,,3207,10490,7.199999809,,19.91452408,,283.6000061,292.1000061,4.5,-0.016205911,,,,,,,,32.21726608,115.2026596,,,,,,,,,,,,,,,,,,,,,,,,,,,,,,,,,,,,,,,,,,,,,,,,,,,,,,,,,,,
2434454234,"Jun 8, 2019, 6:24:43 PM",Lunch Commute,Ride,"Starbucks, Wal-Mart and TSC",10972,7.22,,,TRUE,,,activities/2434454234.gpx,91.08129883,,,2317,7226.600098,6.099999905,,17.12528801,,285.1000061,292.1000061,8.5,-0.001383777,,,,,,,,30.1994648,78.01895905,,,,,,,,,,,,,,,,,,,,,,,,,,,,,,,,,,,,,,,,,,,,,,,,,,,,,,,,,,,
2440148378,"Jun 10, 2019, 5:52:02 PM",Afternoon commute,Ride,"CHC-SEK, Starbucks and Wal-Mart ",13178,8.21,,,TRUE,,,activities/2440148378.gpx,91.08129883,,,2597,8213.400391,6.199999809,,8.702976227,,287.5,292.1000061,2.400000095,0.001217523,,,,,,,,31.22305489,90.41119385,,,,,,,,,,,,,,,,,,,,,,,,,,,,,,,,,,,,,,,,,,,,,,,,,,,,,,,,,,,
2488438259,"Jun 28, 2019, 1:21:27 PM",Lunch,Ride,Nowhere fast,39950,8.55,,,TRUE,,,activities/2488438259.gpx,91.08129883,,39950,2918,8555.799805,6,,14.9861536,,285.1000061,292.1000061,3.400000095,-0.004675191,,,,,,,,32.25634384,104.9482651,,,,,,,,,,,,,,,,,,,,,,,,,,,,,,,,,,,,,,,,,,,,,,,,,,,,,,,,,,,
2490103281,"Jun 29, 2019, 12:33:44 PM",Morning Commute,Ice Skate,Starbucks ,8905,6.54,,,TRUE,,,activities/2490103281.gpx,,,8905,1961,6540.700195,5.599999905,,13.74926949,,285.1000061,292.1000061,2.599999905,-0.001528888,,,,,,,,,,,,,,,,,,,,,,,,,,,,,,,,,,,,,,,,,,,,,,,,,,,,,,,,,,,,,,,,,,,,
2493333201,"Jun 30, 2019, 3:43:06 PM",Lunch Commute,Ride,Starbucks and Subway,9232,6.98,,,TRUE,,,activities/2493333201.gpx,91.08129883,,9232,2191,6981.399902,7.5,,12.46051311,,284.2000122,292.1000061,8.100000381,-0.001432377,,,,,,,,33.552845,81.96842957,,,,,,,,,,,,,,,,,,,,,,,,,,,,,,,,,,,,,,,,,,,,,,,,,,,,,,,,,,,
2502393520,"Jul 3, 2019, 11:23:16 PM",Evening Commute,Ride,Wal-Mart ,5946,7.42,,,TRUE,,,activities/2502393520.gpx,91.08129883,,5946,2808,7427.5,5.699999809,,14.71128178,,285.1000061,292.1000061,2.700000048,0.010770785,,,,,,,,29.11156273,91.14597321,,,,,,,,,,,,,,,,,,,,,,,,,,,,,,,,,,,,,,,,,,,,,,,,,,,,,,,,,,,
2523765360,"Jul 11, 2019, 3:37:59 PM",Morning Commute,Ride,Starbucks and Dollar General,7818,6.89,,,TRUE,,,activities/2523765360.gpx,91.08129883,,7818,2243,6896,6.099999905,,14.35452366,,285.1000061,292.1000061,2.400000095,0,,,,,,,,29.65903854,74.17562866,,,,,,,,,,,,,,,,,,,,,,,,,,,,,,,,,,,,,,,,,,,,,,,,,,,,,,,,,,,
2532252510,"Jul 14, 2019, 3:19:42 PM",Lunch Commute,Ride,Starbucks and Wal-Mart ,7979,7.71,,,TRUE,,,activities/2532252510.gpx,91.08129883,,7979,2533,7713.899902,6.800000191,,14.26422596,,285.1000061,292.1000061,3.200000048,0,,,,,,,,30.44137955,85.97543335,,,,,,,,,,,,,,,,,,,,,,,,,,,,,,,,,,,,,,,,,,,,,,,,,,,,,,,,,,,
2552284022,"Jul 21, 2019, 4:41:56 PM",Lunch Commute,Ride,PPL and Starbucks,20223,14.33,,,TRUE,,,activities/2552284022.gpx,91.08129883,,20223,4209,14332.2998,6.300000191,,26.29622459,,282.2999878,292.1000061,3.900000095,-0.000697725,,,,,,,,33.09544754,155.3180847,,,,,,,,,,,,,,,,,,,,,,,,,,,,,,,,,,,,,,,,,,,,,,,,,,,,,,,,,,,
2557441990,"Jul 23, 2019, 3:14:05 PM",Lunch Commute,Ride,PPL and  Starbucks,18410,15.03,,,TRUE,,,activities/2557441990.gpx,91.08129883,,18410,4854,15035,6.400000095,,28.72576714,,282.2999878,292.1000061,4.699999809,0,,,,,,,,30.93092155,167.4046478,,,,,,,,,,,,,,,,,,,,,,,,,,,,,,,,,,,,,,,,,,,,,,,,,,,,,,,,,,,
2560720782,"Jul 24, 2019, 9:33:14 PM",Afternoon commute,Ride,Starbucks ,7108,7.38,,,TRUE,,,activities/2560720782.gpx,91.08129883,,7108,2376,7379.100098,5.5,,11.69250011,,285.1000061,292.1000061,2.700000048,0.004065536,,,,,,,,29.36101341,77.78437042,,,,,,,,,,,,,,,,,,,,,,,,,,,,,,,,,,,,,,,,,,,,,,,,,,,,,,,,,,,
2563226633,"Jul 25, 2019, 3:08:27 PM",Lunch Commute,Ride,PPL and Starbucks ,26803,16.08,,,TRUE,,,activities/2563226633.gpx,91.08129883,,26803,5552,16082.5,7.199999809,,23.27713013,,283.6000061,292.1000061,3,0.000621794,,,,,,,,28.4285183,175.9861755,,,,,,,,,,,,,,,,,,,,,,,,,,,,,,,,,,,,,,,,,,,,,,,,,,,,,,,,,,,
2579646216,"Jul 31, 2019, 3:44:48 PM",Lunch Commute,Ride,Starbucks and Wal-Mart ,17591,7.5,,,TRUE,,,activities/2579646216.gpx,91.08129883,,17591,2691,7499.5,6.199999809,,16.65740967,,285.1000061,292.1000061,5.300000191,0.004000267,,,,,,,,27.32901955,81.99976349,,,,,,,,,,,,,,,,,,,,,,,,,,,,,,,,,,,,,,,,,,,,,,,,,,,,,,,,,,,
2587840461,"Aug 3, 2019, 4:39:12 PM",Lunch Commute,Ride,Starbucks and Wal-Mart ,9740,7.5,,,TRUE,,,activities/2587840461.gpx,91.08129883,,9740,2808,7507.399902,6.900000095,,16.7609272,,285.1000061,292.1000061,2.900000095,0.001332019,,,,,,,,28.14622879,88.12358856,,,,,,,,,,,,,,,,,,,,,,,,,,,,,,,,,,,,,,,,,,,,,,,,,,,,,,,,,,,
2591404520,"Aug 4, 2019, 6:18:41 PM",Lunch Commute,Ride,Starbucks,8726,7,,,TRUE,,,activities/2591404520.gpx,91.08129883,,8726,2153,7006,6,,13.72298527,,285.1000061,292.1000061,3.099999905,-0.015700828,,,,,,,,31.55414009,75.74871063,,,,,,,,,,,,,,,,,,,,,,,,,,,,,,,,,,,,,,,,,,,,,,,,,,,,,,,,,,,
2596880354,"Aug 6, 2019, 6:06:23 PM",Lunch Commute,Ride,Starbucks ,8587,6.59,,,TRUE,,,activities/2596880354.gpx,91.08129883,,8587,2062,6591.399902,6.099999905,,11.64857101,,285.1000061,292.1000061,2.900000095,0,,,,,,,,30.80309105,70.8203125,,,,,,,,,,,,,,,,,,,,,,,,,,,,,,,,,,,,,,,,,,,,,,,,,,,,,,,,,,,
2619501312,"Aug 14, 2019, 2:39:28 PM",Lunch Commute,Ride,"Via Christi, Starbucks and Wal-Mart",24247,21.14,,,TRUE,,,activities/2619501312.gpx,91.08129883,,24247,6073,21144.90039,17.20000076,,42.76047516,,270.7000122,292.1000061,6.5,-0.000472927,,,,,,,,64.46479034,436.5165405,,,,,,,,,,,,,,,,,,,,,,,,,,,,,,,,,,,,,,,,,,,,,,,,,,,,,,,,,,,
2633571854,"Aug 19, 2019, 5:47:41 PM",Lunch Commute,Ride,Starbucks and Wal-Mart ,9855,7.11,,,TRUE,,,activities/2633571854.gpx,91.08129883,,9855,2370,7116.299805,5.699999809,,14.48838806,,285.1000061,292.1000061,5.099999905,-0.001405225,,,,,,,,30.26999474,79.98997498,,,,,,,,,,,,,,,,,,,,,,,,,,,,,,,,,,,,,,,,,,,,,,,,,,,,,,,,,,,
2694517175,"Sep 9, 2019, 5:32:30 PM",Afternoon commute,Ride,Starbucks and Wal-Mart ,13297,8.01,,,TRUE,,,activities/2694517175.gpx,91.08129883,,13297,2905,8012.100098,5.699999809,,17.57571793,,285.1000061,292.2000122,3.200000048,0,,,,,,,,27.25604057,88.28436279,,,,,,,,,,,,,,,,1,,,,,,,,,,,,,,,,,,,,,,,,,,,,,,,,,,,,,,,,,,,
2744275478,"Sep 27, 2019, 2:07:20 PM",Lunch Commute,Ride,Starbucks and Wal-Mart ,10606,7.34,,,TRUE,,,activities/2744275478.gpx,91.08129883,,10606,2795,7342.700195,20.10000038,,17.58778,,285.5,292,3.799999952,0,,,,,,,,29.12581062,90.7684021,,,,,,,,,5,,,,,0,50,1,,,,,,,,,,,,,,,,,,,,,,,,,,,,,,,,,,,,,,,,,,,
2796830043,"Oct 17, 2019, 6:08:05 PM",Afternoon Ride,Ride,Starbucks and Wal-Mart ,11491,7.28,,,TRUE,,,activities/2796830043.gpx,91.08129883,,11491,2832,7281.899902,4.900000095,,15.91512775,,285.5,292,3.799999952,0,,,,,,,,26.34341621,83.1840744,,,,,,,,,,,,,,0,,1,,,,,,,,,,,,,,,,,,,,,,,,,,,,,,,,,,,,,,,,,,,
2913618744,"Dec 5, 2019, 7:04:28 PM",Lunch Commute,Ride,Shooters,3401,1.29,,,TRUE,,,activities/2913618744.gpx,91.08129883,,3401,461,1297.099976,10.5,2.813665867,,,290.1000061,291.8999939,2.299999952,-0.038547531,,,,,,,,57.27814484,29.44182587,,,,,,,,,3,,,,,0,3,1,,,,,,,,,,,,,,,,,,,,,,,,,,,,,,,,,,,,,,,,,,,
2913869589,"Dec 5, 2019, 9:13:49 PM",Afternoon commute,Ride,Raider Express,4599,1.3,,,TRUE,,,activities/2913869589.gpx,91.08129883,,4599,475,1306.599976,13.30000019,2.750736952,,,290.6000061,291.8999939,2.400000095,-0.068881065,,,,,,,,61.66591263,32.65980911,,,,,,,,,3,,,,,0,3,1,,,,,,,,,,,,,,,,,,,,,,,,,,,,,,,,,,,,,,,,,,,
2915984024,"Dec 6, 2019, 9:12:03 PM",Afternoon Whatever,Ride,Shooters ,13438,1.59,,,TRUE,,,activities/2915984024.gpx,91.08129883,,13438,876,1593.800049,11.80000019,1.81940639,,,290.5,291.8999939,2.700000048,-0.006274313,,,,,,,,35.56182861,34.7346611,,,,,,,,,2,,,,,0,4,1,,,,,,,,,,,,,,,,,,,,,,,,,,,,,,,,,,,,,,,,,,,
2918278548,"Dec 7, 2019, 7:21:48 PM",Afternoon commute,Ride,Raider Express National Bank ,13817,1.28,,,TRUE,,,activities/2918278548.gpx,91.08129883,,13817,504,1285.699951,6.400000095,2.550992012,,,290.5,291.8999939,2.5,-0.054445051,,,,,,,,44.9670105,25.26966095,,,,,,,,,3,,,,,0,4,1,,,,,,,,,,,,,,,,,,,,,,,,,,,,,,,,,,,,,,,,,,,
2922695750,"Dec 9, 2019, 8:31:23 PM",Afternoon commute,Ride,Raider Express ,5354,1.62,,,TRUE,,,activities/2922695750.gpx,91.08129883,,5354,859,1624,10.89999962,1.890570402,,,290.5,291.8999939,2.599999905,-0.006157635,,,,,,,,46.69195938,44.72085571,,,,,,,,,3,,,,,0,7,1,,1,,,,,,,,,,,,,,,,,,,,,,,,,,,,,,,,,,,,,,,,,
2927161608,"Dec 11, 2019, 8:54:25 PM",Afternoon commute,Ride,Raider Express ,6508,1.35,,,TRUE,,,activities/2927161608.gpx,91.08129883,,6508,616,1353.599976,7.800000191,2.197402716,,,290.5,291.8999939,2.599999905,-0.059101656,,,,,,,,40.4531517,27.78484344,,,,,,,,,3,,,,,0,5,1,,1,,,,,,,,,,,,,,,,,,,,,,,,,,,,,,,,,,,,,,,,,
2930779941,"Dec 13, 2019, 6:37:03 PM",Afternoon commute,Ride,Starbucks and Wal-Mart ,9085,10.19,,,TRUE,,,activities/2930779941.gpx,91.08129883,,9085,2427,10197.7998,12,4.201812744,17.52677727,,285.5,292,4.5,0,,,,,,,,59.80794144,161.8465729,,,,,,,,,5,,,,,0,43,1,,1,,,,,,,,,,,,,,,,,,,,,,,,,,,,,,,,,,,,,,,,,
2952132849,"Dec 23, 2019, 6:51:45 PM",Afternoon commute,Ride,Starbucks and Shooters,10517,7.64,,,TRUE,,,activities/2952132849.gpx,91.08129883,,10517,2240,7645.399902,11.69999981,3.413125038,12.90012836,,285.5,292,6,-0.002615952,,,,,,,,62.82411957,156.9095306,,,,,,,,,3,,,,,0,18,1,,1,,,,,,,,,,,,,,,,,,,,,,,,,,,,,,,,,,,,,,,,,
2994298531,"Jan 8, 2020, 6:39:53 PM",Afternoon commute,Ride,"Starbucks, NEW and Wal-Mart ",12370,7.87,,,TRUE,,,activities/2994298531.gpx,91.08129883,,12370,2808,7878.5,13.30000019,2.805733681,16.22495079,,285.5,292,4.599999905,-0.001269277,,,,,,,,51.56247711,161.4379883,,,,,,,,,4,,,,,0,31,1,,1,,,,,,,,,,,,,,,,,,,,,,,,,,,,,,,,,,,,,,,,,
3217829439,"Mar 25, 2020, 7:08:49 PM",1st ride in a while,Run,Trying to start getting back on shape,1437,3.11,,,TRUE,,,activities/3217829439.gpx,91.08129883,,1437,1099,3118,8.800000191,2.837124586,6.045192719,5.945189953,288,291.8999939,3.099999905,0.003207184,,,,,,,,,349.6508789,,,,,,,,,3,,,,,0,9,1,,1,3124.399902,,,,,,,,,,,,,,,,,,,,,,,,,,,,,,,,,,,,,,,,
3235879115,"Mar 30, 2020, 6:13:14 PM",Lunch commute,Ride,Walmart,3206,7.3,,,TRUE,,,activities/3235879115.gpx,91.08129883,,3206,2305,7299.700195,6.5,3.166898012,15.21512508,15.21512508,284.8999939,292,6.099999905,0,,,,,,,,71.64097595,184.1226807,,,,,,,,,4,,,,,0,25,1,,1,,,,,,,,,,,,,,,,,,,,,,,,,,,,,,,,,,,,,,,,,
3243682514,"Apr 1, 2020, 5:36:36 PM",Lunch commute,Ride,"US Bank, Dillons and Walmart",7541,14.15,,,FALSE,,,activities/3243682514.gpx,91.08129883,,7541,4667,14157.40039,13,3.033511877,25.15289307,25.1529007,281.7000122,292,6.300000191,0,,,,,,,,83.17726898,432.8301392,,,,,,,,,4,,,,,0,51,0,,1,,,,,,,,,,,,,,,,,,,,,,,,,,,,,,,,,,,,,,,,,
3264119284,"Apr 6, 2020, 7:54:22 PM",Afternoon commute,Ride,Scooters and Wal-Mart ,5343,7.24,,,FALSE,,,activities/3264119284.gpx,91.08129883,,5343,2848,7239.5,9.699999809,2.541959286,12.28388882,12.28390026,284.8999939,292,7.699999809,0,,,,,,,,81.27971649,258.1053162,,,,,,,,,5,,,,,0,51,0,,1,,,,,,,,,,,,,,,,,,,,,,,,,,,,,,,,,,,,,,,,,
3589727809,"Jun 9, 2020, 6:37:52 PM",Lunch commute,Ride,"Starbucks, Wal-Mart and Shooters",2751,8.69,,,TRUE,,,,,,2751,2751,8690.458008,,3.159017801,,,,,,0,,,,,,,,,,,,,,,,,,5,,,,,0,49,1,,0,,,,,,,,,,,,,,,,,,,,,,,,,,,,,,,,,,,,,,,,,
3654473514,"Jun 22, 2020, 4:01:28 PM",Lunch commute,E-Bike Ride,"UPS Store, Starbucks and Wal-Mart",4125,7.97,,,TRUE,,,activities/3654473514.gpx,,,4125,2785,7977.5,12.19999981,2.864452362,18.35322952,18.35322952,285.6000061,292.5,10.10000038,0,,,,,,,,84.79719543,263.3186035,,,,,0,,,,4,,,,,0,30,1,,1,,,,,,,,,,,,,,,,,,,,,,,,,,,,,,,,,,,,,,,,,
3816615667,"Jul 26, 2020, 6:27:48 PM",Afternoon commute,Ride,"Wal-Mart, Starbucks and Raider Express",8643,10.55,,,TRUE,,,activities/3816615667.gpx,,,8643,3434,10557.7002,22.29999924,3.074461222,20.65992928,20.65992928,285.6000061,293.2000122,13.5,0,,,,,,,,87.04780579,333.2982178,,,,,,,,,4,,,,,0,38,1,,1,,,,,,,,,,,,,,,,,,,,,,,,,,,,,,,,,,,,,,,,,
3856070325,"Aug 2, 2020, 11:20:14 PM",Evening ride,Ride,Short training ride - gotta start some where,901,2.61,,,FALSE,,,activities/3856070325.gpx,,,901,817,2613.300049,11.39999962,3.198653698,3.641414165,3.74141407,288.2000122,292.1000061,2.799999952,-0.003826579,,,,,,,,71.37960052,65.02360535,,,,,,,,,4,,,,,0,9,0,,1,,,,,,,,,,,,,,,,,,,,,,,,,,,,,,,,,,,,,,,,,
3859263866,"Aug 3, 2020, 2:57:18 PM",Morning commute,Ride,"CHC-SEK, Dillons, Wal-Mart and Starbucks",10661,8.37,,,TRUE,,,activities/3859263866.gpx,,,10661,2972,8373.900391,13.10000038,2.817597628,17.72019005,17.82018852,285.6000061,293.2000122,11.89999962,-0.001194187,,,,,,,,97.8513031,324.2576904,,,,,,,,,4,,,,,0,33,1,,1,,,,,,,,,,,,,,,,,,,,,,,,,,,,,,,,,,,,,,,,,
3923214242,"Aug 16, 2020, 5:21:20 PM",Lunch commute,Ride,Wal-Mart and Starbucks,5108,7.76,,,TRUE,,,activities/3923214242.gpx,,,5108,2693,7761.600098,11.89999962,2.882138968,18.78411674,18.78411674,285.6000061,293.2000122,13.39999962,0,,,,,,,,92.09801483,276.5422363,,,,,,,,,4,,,,,0,29,1,,1,,,,,,,,,,,,,,,,,,,,,,,,,,,,,,,,,,,,,,,,,
3942997673,"Aug 20, 2020, 7:53:58 PM",Afternoon ride,Ride,Short ride to Shooters,12716,2.48,,,FALSE,,,activities/3942997673.gpx,,,12716,896,2486.5,14.30000019,2.775111675,3.768333435,3.86833334,288.2000122,292.1000061,4,-0.004021717,,,,,,,,87.90376282,87.81938171,,,,,,,,,2,,,,,0,4,0,,1,,1597949952,1,29.68000031,30.67000008,18.31999969,0.50999999,1013.5,0.629999995,0.850000024,222,0,1597923712,1597971968,0.079999998,,,0,,0,16093,9,302.2999878,,,,,,,,,,,,,,,,,,
3946734223,"Aug 21, 2020, 8:02:41 PM",Afternoon ride,Ride,Shooters,3490,1.19,,,FALSE,,,activities/3946734223.gpx,,,3490,480,1195.5,9.800000191,2.490624905,0,0,290.6000061,292.1000061,2.299999952,0,,,,,,,,95.54814911,51.13736725,,,,,,,,,2,,,,,0,2,0,,1,,1598040064,1,30.75,31.12999916,16.97999954,0.439999998,1012.099976,1.830000043,2.539999962,219,0,1598010112,1598058240,0.109999999,,,0,,0.159999996,16093,7,306.2999878,,,,,,,,,,,,,,,,,,
4045342882,"Sep 11, 2020, 5:46:48 PM",Lunch commute,Ride,Starbucks ,5814,4.11,,,TRUE,,,activities/4045342882.gpx,,,5814,1369,4112.799805,8.600000381,3.004236698,8.29010582,10.59010601,287.8999939,293.2000122,11.30000019,-0.055922974,,,,,,,,87.49224854,133.551239,,,,,,,,,2,,,,,0,6,1,,1,,1599843584,3,16.68000031,16.68000031,14.39000034,0.860000014,1021.900024,1.370000005,1.600000024,245,0,1599825536,1599870848,0.800000012,,,0,,0.939999998,16093,5,270.3999939,,,,,,,,,,,,,,,,,,
4070007703,"Sep 16, 2020, 6:24:45 PM",Lunch commute,Ride,"Starbucks (2), Wal-Mart and Dillons",4217,7.72,,,TRUE,,,,,,4217,4217,7724.851563,,1.831835747,,,,,,0,,,,,,,,,,,,,,,,,,3,,,,,0,35,1,,0,,,,,,,,,,,,,,,,,,,,,,,,,,,,,,,,,,,,,,,,,
4074391206,"Sep 17, 2020, 6:04:49 PM",Lunch commute,Ride,Short conditioning ride,1518,2.45,,,TRUE,,,activities/4074391206.gpx,,,1518,840,2455.5,7.400000095,2.923214197,3.670000076,3.670000076,288.2000122,292.1000061,2.700000048,0,,,,,,,,88.67651367,83.05442047,,,,,,,,,3,,,,,0,7,1,,1,,1600365568,1,23.96999931,24.17000008,17.40999985,0.670000017,1019.700012,4.579999924,6.389999866,23,0,1600344192,1600388608,0.02,,,0,,0.300000012,16093,7,283.3999939,,,,,,,,,,,,,,,,,,
4151896258,"Oct 4, 2020, 6:58:10 PM",Lunch training ride,Ride,Short training ride to Raider Express,1760,2.57,,,FALSE,,,activities/4151896258.gpx,,,1760,923,2572.600098,9.899999619,2.78721571,3.681818247,3.681818247,288.2000122,292.1000061,3.200000048,0,,,,,,,,73.85895538,76.01157379,,,,,,,,,3,,,,,0,7,0,,1,,1601834368,1,15.84000015,15.84000015,6.239999771,0.529999971,1026.099976,3.539999962,5.28000021,28,0,1601813888,1601855872,0.600000024,,,0,,0.170000002,16093,5,305.1000061,,,,,,,,,,,,,,,,,,
4156058780,"Oct 5, 2020, 9:22:31 PM",Short training ride,Ride,Gotta start somewhere,645,1.65,,,FALSE,,,activities/4156058780.gpx,,,645,607,1654.199951,7.900000095,2.725205898,2.583333254,2.583333254,289.2999878,292.1000061,2.5,0,,,,,,,,80.25,54.31360245,,,,,,,,,4,,,,,0,6,0,,1,,1601931648,1,22.72999954,22.72999954,8.829999924,0.409999996,1017.099976,6.25,8.789999962,188,0,1601900416,1601942272,0.629999995,,,0,,0,16093,3,278.7000122,,,,,,,,,,,,,,,,,,
4160146717,"Oct 6, 2020, 6:25:32 PM",Short lunch ride,Ride,Shooters and short ride,2816,1.93,,,FALSE,,,activities/4160146717.gpx,,,2816,1022,1929.300049,7.599999905,1.887769103,2.098333359,2.198333263,289.2999878,292.1000061,4.199999809,-0.005183227,,,,,,,,78.623703,89.59407043,,,,,,,,,3,,,,,0,8,0,,1,,1602007168,1,22.70000076,22.70000076,13,0.540000021,1017.5,4.909999847,7.289999962,239,0,1601986816,1602028544,0.660000026,,,0,,0,16093,6,267.8999939,,,,,,,,,,,,,,,,,,
4160886681,"Oct 6, 2020, 9:34:09 PM",Afternoon ride,Ride,Shooters and short ride,4323,2.41,,,FALSE,,,activities/4160886681.gpx,,,4323,875,2412.100098,8,2.756685734,15.05075741,15.15075779,287.2000122,297.2000122,13.30000019,-0.004145765,,,,,,,,90.10066986,87.90446472,,,,,,,,,4,,,,,0,9,0,,1,,1602018048,1,25.15999985,25.15999985,14.22000027,0.50999999,1015.400024,3.309999943,6.239999771,239,0,1601986816,1602028544,0.660000026,,,0,,0,16093,3,267.5,,,,,,,,,,,,,,,,,,
4341944144,"Nov 15, 2020, 2:01:25 PM",Morning Walk,Walk,Walk with the puppy,1069,0.72,,,FALSE,,,activities/4341944144.gpx,,,1069,794,719.9000244,3.099999905,0.906675041,0,0,290.5,291.6000061,1.5,0,,,,,,,,,88.34741211,,,,,,,,,,,,,,0,,0,,1,,1605448832,1,5,1.049999952,-1.120000005,0.649999976,1021.200012,5.639999866,14.09000015,280,0,1605445248,1605481728,0.029999999,,,0,,0,16093,0,288.1000061,,,,,,,,,,,,,,,,,,
4342736917,"Nov 15, 2020, 2:53:02 PM",Morning Ride,Ride,Raider Express,5369,1.34,,,TRUE,,,activities/4342736917.gpx,,,5369,584,1345.5,10.89999962,2.303938389,0,0,290.5,292.1000061,1.399999976,0,,,,,,,,78.24761963,50.95172119,,,,,,,,,2,,,,,0,2,1,,1,,1605448832,1,5,1.049999952,-1.120000005,0.649999976,1021.200012,5.639999866,14.09000015,280,0,1605445248,1605481728,0.029999999,,,0,,0,16093,0,288.1000061,,,,,,,,,,,,,,,,,,
4346062217,"Nov 16, 2020, 1:35:25 PM",Morning Walk,Walk,Walk with the puppy,1068,0.76,,,FALSE,,,activities/4346062217.gpx,,,1068,681,761.9000244,6.599999905,1.118795872,0,0,290.5,291.6000061,3.299999952,0,,,,,,,,,93.50173187,,,,,,,,,1,,,,,0,1,0,,1,,1605531648,1,2.329999924,-1.24000001,-2.690000057,0.689999998,1025.099976,3.720000029,8.340000153,202,0,1605531776,1605568128,0.07,,,0,,0.039999999,16093,0,272.8999939,,,,,,,,,,,,,,,,,,
4347365151,"Nov 16, 2020, 6:40:54 PM",Lunch commute,Ride,Raider Express,1459,1.17,,,TRUE,,,activities/4347365151.gpx,,,1459,561,1175.699951,4.5,2.09572196,0,0,290.5,292.1000061,1.399999976,0,,,,,,,,75.64164734,47.31498337,,,,,,,,,2,,,,,0,2,1,,1,,1605549568,1,15.10999966,15.10999966,-0.310000002,0.349999994,1025.199951,8.069999695,13.92000008,235,0,1605531776,1605568128,0.07,,,0,,0.039999999,16093,3,271.1000061,,,,,,,,,,,,,,,,,,
4350570484,"Nov 17, 2020, 1:34:54 PM",Morning Walk,Walk,Walk with the puppy,1003,0.78,,,FALSE,,,activities/4350570484.gpx,,,1003,795,783.5999756,3,0.985660374,0,0,290.5,291.6000061,3,0,,,,,,,,,96.16479492,,,,,,,,,2,,,,,0,3,0,,1,,1605618048,1,1.769999981,0.419999987,-0.839999974,0.829999983,1033.199951,1.389999986,3.230000019,98,0,1605618176,1605654528,0.109999999,,,0,,0,16093,0,271.7999878,,,,,,,,,,,,,,,,,,
4350938885,"Nov 17, 2020, 2:27:43 PM",Morning commute,Ride,Raider Express,1196,1.24,,,TRUE,,,activities/4350938885.gpx,,,1196,644,1248.699951,5.199999809,1.938975096,0,0,290.5,292.1000061,2.400000095,0,,,,,,,,63.03292084,45.2614212,,,,,,,,,2,,,,,0,3,1,,1,,1605621632,1,3,1.840000033,-1.190000057,0.74000001,1033.5,1.379999995,3.890000105,112,0,1605618176,1605654528,0.109999999,,,0,,0,16093,0,271.2999878,,,,,,,,,,,,,,,,,,
4353134968,"Nov 17, 2020, 9:35:34 PM",Afternoon commute,Ride,Shooters,4105,1.1,,,TRUE,,,activities/4353134968.gpx,,,4105,561,1104.699951,4.800000191,1.969162226,0,0,290.5,292.1000061,1.399999976,0,,,,,,,,73.80406952,46.16555405,,,,,,,,,2,,,,,0,2,1,,1,,1605646848,1,18.47999954,18.47999954,-1.200000048,0.25999999,1029.900024,4.099999905,6.110000134,145,0,1605618176,1605654528,0.109999999,,,0,,0,16093,1,268.8999939,,,,,,,,,,,,,,,,,,
4355569834,"Nov 18, 2020, 1:39:13 PM",Morning Walk,Walk,Walk with the puppy,1042,0.71,,,FALSE,,,activities/4355569834.gpx,,,1042,829,714,2.799999952,0.861278653,0,0,290.5,291.6000061,2.900000095,0,,,,,,,,,87.62335968,,,,,,,,,1,,,,,0,1,0,,1,,1605704448,1,7.739999771,4.369999886,1.50999999,0.649999976,1026.900024,6,12.75,179,0,1605704704,1605740800,0.150000006,,,0,,0,16093,0,262.2999878,,,,,,,,,,,,,,,,,,
4355827282,"Nov 18, 2020, 2:31:15 PM",Morning commute,Ride,Raider Express,1643,1.16,,,TRUE,,,activities/4355827282.gpx,,,1643,671,1160.199951,4.599999905,1.729061127,0,0,290.5,292.1000061,1.399999976,0,,,,,,,,81.96614838,61.32419968,,,,,,,,,2,,,,,0,3,1,,1,,1605708032,1,8.520000458,5.230000019,1.5,0.610000014,1027.199951,6.400000095,13.80000019,184,0,1605704704,1605740800,0.150000006,,,0,,0,16093,0,262.3999939,,,,,,,,,,,,,,,,,,
4357650330,"Nov 18, 2020, 9:22:52 PM",Afternoon Walk,Walk,Walk with the puppy,846,0.64,,,FALSE,,,activities/4357650330.gpx,,,846,753,646.9000244,2.5,0.859096944,0,0,290.5,291.6000061,3.099999905,0,,,,,,,,,79.38872528,,,,,,,,,1,,,,,0,1,0,,1,,1605733248,8,20.12999916,20.12999916,0.819999993,0.280000001,1020.5,10.59000015,17.94000053,195,0,1605704704,1605740800,0.150000006,,,0,,0,16093,1,263.7000122,,,,,,,,,,,,,,,,,,
4360354405,"Nov 19, 2020, 2:45:55 PM",Morning commute,Ride,Raider Express ,1644,1.19,,,TRUE,,,activities/4360354405.gpx,,,1644,553,1196.699951,7.599999905,2.164014578,0,0,290.5,292.1000061,1.899999976,0,,,,,,,,67.27529144,41.48160934,,,,,,,,,2,,,,,0,2,1,,1,,1605794432,8,13.35000038,13.35000038,4.03000021,0.529999971,1017.599976,11.43999958,20.11000061,197,0,1605791104,1605827200,0.180000007,,,0,,0.389999986,16093,0,257.7000122,,,,,,,,,,,,,,,,,,
4364520222,"Nov 20, 2020, 1:41:25 PM",Morning Walk,Walk,Walk with the puppy,998,0.71,,,FALSE,,,activities/4364520222.gpx,,,998,821,715.4000244,2.5,0.871376395,0,0,290.5,291.6000061,1.5,0,,,,,,,,,87.79516602,,,,,,,,,1,,,,,0,1,0,,1,,1605877248,1,13.80000019,13.80000019,12.42000008,0.910000026,1022.299988,4.21999979,9.159999847,186,0,1605877504,1605913600,0.219999999,,,0,,0.02,16093,0,258,,,,,,,,,,,,,,,,,,
4364687311,"Nov 20, 2020, 2:19:57 PM",Morning commute,Ride,Raider Express,1295,1.2,,,TRUE,,,activities/4364687311.gpx,,,1295,577,1202,5.099999905,2.083189011,0,0,290.5,292.1000061,1.600000024,0,,,,,,,,80.31904602,51.67366028,,,,,,,,,2,,,,,0,2,1,,1,,1605880832,1,14.92000008,14.92000008,13.23999977,0.899999976,1023.200012,4.170000076,9.43999958,185,0,1605877504,1605913600,0.219999999,,,0,,0.129999995,16093,0,259.6000061,,,,,,,,,,,,,,,,,,
4365593235,"Nov 20, 2020, 5:09:08 PM",Lunch commute,Ride,Raider Express ,3657,1.2,,,FALSE,,,activities/4365593235.gpx,,,3657,557,1204.400024,3.799999952,2.162297964,0,0,290.5,292.1000061,1.5,0,,,,,,,,67.95023346,42.20083618,,,,,,,,,2,,,,,0,2,0,,1,,1605891584,2,18.62999916,18.64999962,15.22000027,0.810000002,1024.099976,3.710000038,6.900000095,212,0,1605877504,1605913600,0.219999999,,,0,,0.819999993,16093,2,260.3999939,,,,,,,,,,,,,,,,,,
4412015399,"Nov 30, 2020, 2:13:33 PM",Morning commute,Ride,Raider Express ,1859,1.18,,,TRUE,,,activities/4412015399.gpx,,,1859,578,1185.5,3.799999952,2.051038027,0,0,290.5,292.1000061,1.100000024,0,,,,,,,,81.52771759,52.54216766,,,,,,,,,3,,,,,0,4,1,,1,,1606744832,1,-2.930000067,-8.579999924,-7.789999962,0.689999998,1028.800049,5.010000229,12.18000031,325,0,1606742144,1606777344,0.519999981,,,0,,0,16093,0,308.7000122,,,,,,,,,,,,,,,,,,
4413700660,"Nov 30, 2020, 9:26:24 PM",Afternoon commute,Ride,Shooters ,3868,1.54,,,TRUE,,,activities/4413700660.gpx,,,3868,1039,1546.599976,5.699999809,1.488546729,53.40000153,53.40000153,242,272,46.40000153,0,,,,,,,,,,,,,,,,,,3,,,,,0,8,1,,1,,1606770048,1,6.730000019,3.700000048,-9.399999619,0.310000002,1024,4.570000172,8,301,0,1606742144,1606777344,0.519999981,,,0,,0,16093,1,308.8999939,,,,,,,,,,,,,,,,,,
4437779054,"Dec 6, 2020, 2:03:45 PM",Morning Walk,Walk,Walk with the puppy ,893,0.67,,,FALSE,,,activities/4437779054.gpx,,,893,757,676.7999878,2.299999952,0.894055486,0,0,290.5,291.6000061,3.099999905,0,,,,,,,,,83.05810547,,,,,,,,,2,,,,,0,3,0,,1,,1607263232,2,-0.200000003,-2.529999971,-2.150000095,0.870000005,1020.099976,1.870000005,5.510000229,312,0,1607260800,1607295744,0.720000029,,,0,,0.430000007,16093,0,272.2999878,,,,,,,,,,,,,,,,,,
4441721058,"Dec 7, 2020, 1:38:50 PM",Morning Walk,Walk,Walk with the puppy ,930,0.71,,,FALSE,,,activities/4441721058.gpx,,,930,778,712.7000122,2.400000095,0.916066825,0,0,290.5,291.6000061,1.5,0,,,,,,,,,87.46382141,,,,,,,,,2,,,,,0,3,0,,1,,1607346048,1,-2.309999943,-4.179999828,-5.230000019,0.800000012,1022.900024,1.379999995,2.74000001,20,0,1607347328,1607382144,0.75,,,0,,0.079999998,15724,0,263.1000061,,,,,,,,,,,,,,,,,,
4441980457,"Dec 7, 2020, 2:45:49 PM",Morning commute,Ride,Raider Express - brakes were rubbing,1530,1.17,,,FALSE,,,activities/4441980457.gpx,,,1530,615,1170.199951,4.5,1.902764201,0,0,290.5,292.1000061,1.700000048,0,,,,,,,,86.31839752,59.19068146,,,,,,,,,4,,,,,0,6,0,,1,,1607349632,1,-1.830000043,-1.830000043,-4.710000038,0.810000002,1022.900024,1.149999976,1.820000052,190,0,1607347328,1607382144,0.75,,,0,,0.100000001,16093,0,258.2999878,,,,,,,,,,,,,,,,,,
4443265653,"Dec 7, 2020, 8:11:29 PM",Lunch commute,Ride,Raider Express and Shooters ,2950,1.67,,,TRUE,,,activities/4443265653.gpx,,,2950,1089,1671.599976,7,1.534986258,0,0,290.5,292.1000061,1.799999952,0,,,,,,,,78.10745239,94.84080505,,,,,,,,,3,,,,,0,9,1,,1,,1607371264,1,12.82999992,12.82999992,3.75999999,0.540000021,1019.200012,4.28000021,6.46999979,257,0,1607347328,1607382144,0.75,,,0,,0.02,16093,2,256.2000122,,,,,,,,,,,,,,,,,,
4446164807,"Dec 8, 2020, 2:42:58 PM",Morning commute,Ride,Raider Express ,1398,1.2,,,TRUE,,,activities/4446164807.gpx,,,1398,545,1200.800049,4.599999905,2.20330286,0,0,290.5,292.1000061,1.399999976,0,,,,,,,,72.00731659,43.75704575,,,,,,,,,4,,,,,0,6,1,,1,,1607436032,1,0.07,-1.659999967,-4.510000229,0.709999979,1022.700012,1.49000001,4.119999886,321,0,1607433728,1607468544,0.790000021,,,0,,0.029999999,16093,0,261.7999878,,,,,,,,,,,,,,,,,,
4448338057,"Dec 8, 2020, 10:40:12 PM",Evening commute,Ride,Shooters ,6476,1.21,,,TRUE,,,activities/4448338057.gpx,,,6476,599,1218.199951,6.300000191,2.033722878,0,-0.100000001,290.3999939,292.1000061,1.5,0.008208833,,,,,,,,75.20796204,50.23027039,,,,,,,,,4,,,,,0,6,1,,1,,1607464832,1,12.84000015,12.84000015,2.799999952,0.5,1019.099976,3.099999905,5.269999981,260,0,1607433728,1607468544,0.790000021,,,0,,0.090000004,16093,0,264.2999878,,,,,,,,,,,,,,,,,,
4450196571,"Dec 9, 2020, 1:38:32 PM",Morning Walk,Walk,Walk with the puppy ,1108,0.81,,,FALSE,,,activities/4450196571.gpx,,,1108,948,817.4000244,6.699999809,0.862236261,0,0,290.5,291.6000061,2.200000048,0,,,,,,,,,100.3127899,,,,,,,,,2,,,,,0,4,0,,1,,1607518848,1,2.369999886,-0.579999983,-2.440000057,0.709999979,1017.5,2.910000086,4.619999886,216,0,1607520256,1607554944,0.829999983,,,0,,0.01,16093,0,257.3999939,,,,,,,,,,,,,,,,,,
4452326448,"Dec 9, 2020, 9:53:36 PM",Afternoon commute,Ride,Shooters ,5690,1.42,,,TRUE,,,activities/4452326448.gpx,,,5690,842,1426.800049,3.900000095,1.694536805,0,0,290.5,292.1000061,3.099999905,0,,,,,,,,68.37541199,64.19288635,,,,,,,,,3,,,,,0,7,1,,1,,1607547648,1,18.34000015,18.34000015,2.720000029,0.349999994,1014.400024,2.369999886,4.289999962,248,0,1607520256,1607554944,0.829999983,,,0,,0,16093,1,261,,,,,,,,,,,,,,,,,,
4454272611,"Dec 10, 2020, 1:34:22 PM",Morning Walk,Walk,Walk with the puppy ,1011,0.77,,,FALSE,,,activities/4454272611.gpx,,,1011,887,773.0999756,2.299999952,0.871589601,0,0,290.5,291.7000122,2.099999905,0,,,,,,,,,94.87621307,,,,,,,,,2,,,,,0,4,0,,1,,1607605248,1,1.980000019,-0.400000006,0.300000012,0.889999986,1014.400024,2.230000019,6.050000191,180,0,1607606656,1607641344,0.860000014,,,0,,0.039999999,16093,0,271.2000122,,,,,,,,,,,,,,,,,,
4455223392,"Dec 10, 2020, 6:02:59 PM",Lunch commute,Ride,Palluccas,763,0.91,,,TRUE,,,activities/4455223392.gpx,,,763,434,910.9000244,4.099999905,2.098847866,0,0,290.5,292.1000061,1.299999952,0,,,,,,,,72.36875153,35.01996231,,,,,,,,,3,,,,,0,3,1,,1,,1607623168,1,16.70999908,16.70999908,3.019999981,0.400000006,1012.700012,4.320000172,8.579999924,203,0,1607606656,1607641344,0.860000014,,,0,,0,16093,3,262.2999878,,,,,,,,,,,,,,,,,,
4471359696,"Dec 14, 2020, 2:19:47 PM",Morning Walk,Walk,Walk with the puppy ,965,0.78,,,FALSE,,,activities/4471359696.gpx,,,965,909,786.7000122,3.299999952,0.865456522,0,0,290.5,291.7000122,2.700000048,0,,,,,,,,,96.54522705,,,,,,,,,2,,,,,0,4,0,,1,,1607954432,1,-5.829999924,-8.569999695,-7.289999962,0.889999986,1029.699951,1.590000033,3.710000038,13,0,1607952384,1607986944,0.02,,,0,,0.230000004,16093,0,268.6000061,,,,,,,,,,,,,,,,,,
4471626450,"Dec 14, 2020, 3:20:19 PM",Morning commute,Ride,Raider Express ,2409,1.18,,,TRUE,,,activities/4471626450.gpx,,,2409,658,1183.400024,4,1.798480272,0,0,290.5,292.1000061,3,0,,,,,,,,76.76576233,56.32073975,,,,,,,,,3,,,,,0,5,1,,1,,1607958016,2,-5.050000191,-8.43999958,-6.809999943,0.870000005,1029.400024,2.069999933,3.650000095,26,0,1607952384,1607986944,0.02,,,0,,0.449999988,14899,0,266.8999939,,,,,,,,,,,,,,,,,,
4475146550,"Dec 15, 2020, 1:43:51 PM",Morning Walk,Walk,Walk with the puppy ,982,0.75,,,FALSE,,,activities/4475146550.gpx,,,982,863,750.4000244,2.299999952,0.869524896,0,0,290.5,291.7000122,2.900000095,0,,,,,,,,,92.09043121,,,,,,,,,2,,,,,0,4,0,,1,,1608037248,2,-2.519999981,-7.050000191,-5.840000153,0.779999971,1023,3.589999914,7.059999943,84,0,1608038912,1608073344,0.050000001,,,0,,0.74000001,16093,0,260,,,,,,,,,,,,,,,,,,
4475507597,"Dec 15, 2020, 3:03:23 PM",Morning commute,Ride,Raider Express ,2260,1.18,,,TRUE,,,activities/4475507597.gpx,,,2260,626,1179.699951,4.300000191,1.884504795,0,0,290.5,292.1000061,3.200000048,0,,,,,,,,78.85348511,55.03894806,,,,,,,,,4,,,,,0,6,1,,1,,1608044416,2,-1.720000029,-6.46999979,-4.840000153,0.790000021,1023,4.099999905,8.659999847,91,0,1608038912,1608073344,0.050000001,,,0,,0.74000001,16093,0,260.2999878,,,,,,,,,,,,,,,,,,
4484335648,"Dec 17, 2020, 6:36:39 PM",Lunch commute,Ride,Palluccas ,819,0.98,,,TRUE,,,activities/4484335648.gpx,,,819,491,984.4000244,4.099999905,2.004888058,0,0,290.5,292.1000061,1.399999976,0,,,,,,,,69.9093399,38.2729187,,,,,,,,,3,,,,,0,4,1,,1,,1608227968,1,2.369999886,-1.320000052,-0.300000012,0.829999983,1022.400024,3.920000076,6.389999866,230,0,1608211712,1608246272,0.129999995,,,0,,0.289999992,16093,2,285.7000122,,,,,,,,,,,,,,,,,,
4487066514,"Dec 18, 2020, 2:04:57 PM",Morning Walk,Walk,Walk with the puppy ,494,0.34,,,FALSE,,,activities/4487066514.gpx,,,494,459,344.5,2.200000048,0.750544667,0,0,290.5,291.2999878,3.099999905,0,,,,,,,,,42.27765656,,,,,,,,,2,,,,,0,2,0,,1,,1608300032,2,3.789999962,-1.029999971,0.74000001,0.800000012,1021,6.96999979,12.56999969,176,0,1608298240,1608332672,0.159999996,,,0,,0.74000001,16093,0,275.7999878,,,,,,,,,,,,,,,,,,
4491213091,"Dec 19, 2020, 1:54:39 PM",Morning Walk,Walk,Walk with the puppy ,1009,0.74,,,FALSE,,,activities/4491213091.gpx,,,1009,851,747.7999878,2.599999905,0.878730893,0,0,290.5,291.8999939,3.400000095,0,,,,,,,,,91.77135468,,,,,,,,,2,,,,,0,4,0,,1,,1608382848,1,0.75999999,-2.390000105,-1.110000014,0.870000005,1021.099976,2.779999971,8,341,0,1608384640,1608419072,0.189999998,,,0,,0.289999992,16093,0,297.7000122,,,,,,,,,,,,,,,,,,
4496137598,"Dec 20, 2020, 1:49:46 PM",Morning Walk,Walk,Walk with the puppy ,981,0.8,,,FALSE,,,activities/4496137598.gpx,,,981,871,800.2999878,2.900000095,0.918828905,0,0,290.5,291.7000122,2,0,,,,,,,,,98.21424866,,,,,,,,,2,,,,,0,4,0,,1,,1608469248,1,-0.860000014,-4.929999828,-2.190000057,0.910000026,1017.299988,3.470000029,6.449999809,215,0,1608471040,1608505472,0.219999999,,,0,,0.280000001,16093,0,306.3999939,,,,,,,,,,,,,,,,,,
4497775456,"Dec 20, 2020, 7:17:47 PM",Lunch commute,Ride,Raider Express ,2303,1.31,,,TRUE,,,activities/4497775456.gpx,,,2303,584,1309.199951,5.800000191,2.241780758,0,0,290.5,292.1000061,3,0,,,,,,,,65.18875122,42.44831085,,,,,,,,,3,,,,,0,4,1,,1,,1608490752,1,8.399999619,6,1.679999948,0.629999995,1015.200012,4.079999924,6.03000021,231,0,1608471040,1608505472,0.219999999,,,0,,0.02,16093,2,308.7000122,,,,,,,,,,,,,,,,,,
4500070553,"Dec 21, 2020, 1:53:17 PM",Morning Walk,Walk,Walk with the puppy ,520,0.3,,,FALSE,,,activities/4500070553.gpx,,,520,387,300.6000061,2.200000048,0.776744187,0,0,290.5,291.2000122,3.200000048,0,,,,,,,,,36.89017105,,,,,,,,,1,,,,,0,0,0,,1,,1608555648,1,1.669999957,-1.840000033,-0.589999974,0.850000024,1016.5,3.430000067,7.070000172,233,0,1608557440,1608592000,0.25,,,0,,0.01,16093,0,271.7000122,,,,,,,,,,,,,,,,,,
4500299637,"Dec 21, 2020, 2:44:50 PM",Morning commute,Ride,Raider Express ,1397,1.16,,,TRUE,,,activities/4500299637.gpx,,,1397,537,1165,4.199999809,2.169460058,0,0,290.5,292.1000061,1.600000024,0,,,,,,,,77.9807663,46.69137573,,,,,,,,,4,,,,,0,5,1,,1,,1608559232,1,1.950000048,-1.200000048,-0.699999988,0.829999983,1017.099976,3.049999952,5.869999886,262,0,1608557440,1608592000,0.25,,,0,,0.039999999,16093,0,273.8999939,,,,,,,,,,,,,,,,,,
4504138564,"Dec 22, 2020, 1:58:12 PM",Morning Walk,Walk,Walk with the puppy ,910,0.66,,,FALSE,,,activities/4504138564.gpx,,,910,854,659,2.599999905,0.771662772,0,0,290.5,291.7999878,4.800000191,0,,,,,,,,,80.87365723,,,,,,,,,2,,,,,0,4,0,,1,,1608642048,1,0.569999993,-2.069999933,-1.450000048,0.860000014,1022.299988,2.230000019,6.019999981,154,0,1608643968,1608678400,0.280000001,,,0,,0.029999999,16093,0,274.8999939,,,,,,,,,,,,,,,,,,
4508288982,"Dec 23, 2020, 1:55:06 PM",Morning Walk,Walk,Walk with the puppy ,953,0.82,,,FALSE,,,activities/4508288982.gpx,,,953,873,828.9000244,3,0.949484527,0,0,290.5,291.6000061,3,0,,,,,,,,,101.7240906,,,,,,,,,2,,,,,0,4,0,,1,,1608728448,8,13.85000038,13.85000038,11.06000042,0.829999983,1002.799988,11.18999958,19.20000076,216,0,1608730368,1608764800,0.310000002,,,0,,0.699999988,16093,0,298.7999878,,,,,,,,,,,,,,,,,,
4512335132,"Dec 24, 2020, 1:36:04 PM",Morning Walk,Walk,Walk with the puppy ,951,0.68,,,FALSE,,,activities/4512335132.gpx,,,951,795,682.0999756,2.900000095,0.857987404,0,0,290.5,291.7999878,4.300000191,0,,,,,,,,,83.70853424,,,,,,,,,2,,,,,0,3,0,,1,,1608814848,1,-4.920000076,-11.63000011,-10.81000042,0.629999995,1022.299988,5.889999866,13.13000011,298,0,1608816768,1608851200,0.340000004,,,0,,0.029999999,16093,0,373.2999878,,,,,,,,,,,,,,,,,,
4521252667,"Dec 26, 2020, 6:53:37 PM",Morning commute,Ride,Raider Express ,570,1.12,,,TRUE,,,,,,570,570,1126.540894,,1.976387501,,,,,,0,,,,,,,,,,,,,,,,,,3,,,,,0,4,1,,0,,,,,,,,,,,,,,,,,,,,,,,,,,,,,,,,,,,,,,,,,
4521901508,"Dec 26, 2020, 9:17:57 PM",Afternoon commute,Ride,Raider Express ,570,1.12,,,TRUE,,,,,,570,570,1126.540894,,1.976387501,,,,,,0,,,,,,,,,,,,,,,,,,4,,,,,0,6,1,,0,,,,,,,,,,,,,,,,,,,,,,,,,,,,,,,,,,,,,,,,,
4524934064,"Dec 27, 2020, 2:17:36 PM",Morning Walk,Walk,Walk with the puppy ,897,0.75,,,FALSE,,,activities/4524934064.gpx,,,897,763,754.2999878,3.599999905,0.988597631,0,0,290.5,291.7999878,1.700000048,0,,,,,,,,,92.56904602,,,,,,,,,2,,,,,0,3,0,,1,,1609077632,2,7.550000191,3.950000048,4.119999886,0.790000021,1005.200012,6.489999771,11.77999973,197,0,1609076096,1609110528,0.439999998,,,0,,0.699999988,16093,0,295.6000061,,,,,,,,,,,,,,,,,,
4526542873,"Dec 27, 2020, 7:52:52 PM",Morning commute,Ride,Raider Express ,570,1.12,,,TRUE,,,,,,570,570,1126.540894,,1.976387501,,,,,,0,,,,,,,,,,,,,,,,,,4,,,,,0,6,1,,0,,,,,,,,,,,,,,,,,,,,,,,,,,,,,,,,,,,,,,,,,
4529415926,"Dec 28, 2020, 1:44:36 PM",Morning Walk,Walk,Walk with the puppy ,999,0.82,,,FALSE,,,activities/4529415926.gpx,,,999,898,821.2000122,8.899999619,0.914476633,0,0,290.5,291.7000122,3.099999905,0,,,,,,,,,100.779129,,,,,,,,,2,,,,,0,4,0,,1,,1609160448,1,-2.529999971,-6.289999962,-4.110000134,0.889999986,1027.800049,2.75,6.53000021,0,0,1609162496,1609197056,0.469999999,,,0,,0.079999998,16093,0,280.2999878,,,,,,,,,,,,,,,,,,
4529962332,"Dec 28, 2020, 3:16:32 PM",Morning commute,Ride,Raider Express ,1536,1.42,,,TRUE,,,activities/4529962332.gpx,,,1536,716,1425.199951,4.5,1.990502834,0,0,290.5,292.1000061,2.099999905,0,,,,,,,,82.15662384,65.58892059,,,,,,,,,4,,,,,0,7,1,,1,,1609167616,2,-1.019999981,-5.260000229,-3.839999914,0.810000002,1029.300049,3.630000114,5.900000095,14,0,1609162496,1609197056,0.469999999,,,0,,0.400000006,16093,0,279.2999878,,,,,,,,,,,,,,,,,,
4567137231,"Jan 4, 2021, 6:23:13 PM",Lunch Ride,Ride,Raider Express ,1456,1.31,,,TRUE,,,activities/4567137231.gpx,,,1456,602,1314.199951,5.5,2.183056593,0,0,290.5,292.1000061,1.799999952,0,,,,,,,,61.95500946,41.58605576,,,,,,,,,3,,,,,0,5,1,,1,,1609783168,1,6.510000229,3.5,3.329999924,0.800000012,1016.799988,4.429999828,8.350000381,275,0,1609767296,1609802112,0.699999988,,,0,,0.189999998,16093,2,328.5,,,,,,,,,,,,,,,,,,
4572978768,"Jan 5, 2021, 7:27:13 PM",Lunch commute,Ride,Raider Express ,1807,1.62,,,TRUE,,,activities/4572978768.gpx,,,1807,836,1624.800049,5.300000191,1.943540692,0,0,290.5,292.1000061,1.5,0,,,,,,,,90.09944916,83.98529816,,,,,,,,,3,,,,,0,6,1,,1,,1609873152,1,11.10999966,11.10999966,1.659999967,0.519999981,1020.099976,3.480000019,5.329999924,177,0,1609853696,1609888512,0.74000001,,,0,,0.25,16093,2,310.8999939,,,,,,,,,,,,,,,,,,
4576607209,"Jan 6, 2021, 1:40:14 PM",Morning Walk,Walk,Walk with the puppy,1015,0.73,,,FALSE,,,activities/4576607209.gpx,,,1015,848,738.5,3.5,0.870872617,0,0,290.5,291.6000061,3.099999905,0,,,,,,,,,90.63004303,,,,,,,,,2,,,,,0,4,0,,1,,1609938048,3,4.809999943,1.00999999,1.279999971,0.779999971,1017.700012,5.199999809,9.529999733,128,0,1609940096,1609975040,0.779999971,,,0,,0.99000001,16093,0,310.3999939,,,,,,,,,,,,,,,,,,
4582963998,"Jan 7, 2021, 5:33:19 PM",Lunch Walk,Walk,Palluccas,1253,1.02,,,FALSE,,,activities/4582963998.gpx,,,1253,1125,1025.599976,2.700000048,0.911644459,0,0,290.5,292.1000061,1.600000024,0,,,,,,,,,125.8634644,,,,,,,,,2,,,,,0,5,0,,1,,1610038784,3,2.400000095,-1.730000019,2.170000076,0.980000019,1023.700012,4.650000095,9.289999962,49,0,1610026496,1610061440,0.810000002,,,0,,0.99000001,11927,1,341.6000061,,,,,,,,,,,,,,,,,,
4587147627,"Jan 8, 2021, 2:50:24 PM",Morning Commute,Run,Raider Express ,1824,1.62,,,TRUE,,,activities/4587147627.gpx,,,1824,775,1622.400024,6,2.093419313,0,0,290.5,292.1000061,1.600000024,0,,,,,,,,,199.2020111,,,,,,,,,3,,,,,0,6,1,,1,1623.199951,1610114432,1,-2.450000048,-6.730000019,-2.589999914,0.99000001,1029.199951,3.299999952,6.289999962,7,0,1610112896,1610147968,0.850000024,,,0,,0.230000004,16071,0,292.5,,,,,,,,,,,,,,,,,,
4589493881,"Jan 8, 2021, 8:31:33 PM",Lunch/Dinner Commute,Ride,Shooters and Walk home - couldn't ride because of my hip. Barely made it home.,16927,1.24,,,TRUE,,,activities/4589493881.gpx,,,16927,1057,1248.5,6,1.181173086,0,0,290.5,292.1000061,1.5,0,,,,,,,,104.859848,123.5830994,,,,,,,,,5,,,,,0,19,1,,1,,1610136064,2,2.920000076,-0.50999999,-2.50999999,0.670000017,1027.400024,3.720000029,5.53000021,357,0,1610112896,1610147968,0.850000024,,,0,,0.779999971,16093,2,292.2000122,,,,,,,,,,,,,,,,,,
4594977367,"Jan 9, 2021, 9:13:50 PM",Afternoon Commute,Ride,Shooters,5917,1.31,,,TRUE,,,activities/4594977367.gpx,,,5917,796,1313.800049,3.700000048,1.650502563,0,0,290.5,292.1000061,1.600000024,0,,,,,,,,82.33648682,73.07691956,,,,,,,,,4,,,,,0,8,1,,1,,1610226048,2,2.089999914,-0.879999995,-3.00999999,0.689999998,1028.599976,2.859999895,3.799999952,346,0,1610199296,1610234368,0.889999986,,,0,,0.860000014,16093,1,298.6000061,,,,,,,,,,,,,,,,,,
4601148665,"Jan 10, 2021, 9:38:54 PM",Afternoon Walk,Walk,Walk with the puppy ,1081,0.73,,,FALSE,,,activities/4601148665.gpx,,,1081,891,733.5,2,0.823232353,0,0,290.5,291.7000122,3,0,,,,,,,,,87.89076996,,,,,,,,,2,,,,,0,4,0,,1,,1610312448,2,0.949999988,-2.160000086,-4.820000172,0.649999976,1029.199951,2.779999971,5.380000114,17,0,1610285696,1610320896,0.920000017,,,0,,0.370000005,16093,1,342,,,,,,,,,,,,,,,,,,
4603485727,"Jan 11, 2021, 1:37:05 PM",Morning Walk,Walk,Walk with the puppy ,987,0.7,,,FALSE,,,activities/4603485727.gpx,,,987,830,708.0999756,2.299999952,0.853132546,0,0,290.5,291.6000061,1.600000024,0,,,,,,,,,84.84725189,,,,,,,,,2,,,,,0,3,0,,1,,1610370048,2,-3.670000076,-3.670000076,-5.269999981,0.889999986,1030.599976,0.939999998,1.74000001,254,0,1610372096,1610407296,0.959999979,,,0,,0.639999986,16093,0,339.3999939,,,,,,,,,,,,,,,,,,
4610150749,"Jan 12, 2021, 6:13:54 PM",Lunch Commute,Ride,Raider Express ,1582,1.35,,,TRUE,,,activities/4610150749.gpx,,,1582,649,1353.099976,6.900000095,2.084899902,0,0,290.5,292.1000061,1.399999976,0,,,,,,,,57.78926468,41.81833267,,,,,,,,,4,,,,,0,7,1,,1,,1610474368,1,5.909999847,1.99000001,0.129999995,0.660000026,1024.699951,6.179999828,9.600000381,222,0,1610458496,1610493824,1,,,0,,0.01,16093,2,341.3999939,,,,,,,,,,,,,,,,,,
4611314408,"Jan 12, 2021, 9:28:00 PM",Afternoon Commute,Ride,Shooters ,3945,1.17,,,TRUE,,,activities/4611314408.gpx,,,3945,682,1178,3.700000048,1.727272749,0,0,290.5,292.1000061,2.099999905,0,,,,,,,,72.17684174,54.88543701,,,,,,,,,4,,,,,0,7,1,,1,,1610485248,1,9.600000381,6.710000038,1.25999999,0.560000002,1022.099976,6.070000172,8.989999771,228,0,1610458496,1610493824,1,,,0,,0.039999999,16093,1,349.6000061,,,,,,,,,,,,,,,,,,
4614023563,"Jan 13, 2021, 1:45:14 PM",Morning Walk,Walk,Walk with the puppy ,1085,0.76,,,FALSE,,,activities/4614023563.gpx,,,1085,890,761.5999756,2.200000048,0.855730355,0,0,290.5,291.7000122,2.599999905,0,,,,,,,,,91.25782013,,,,,,,,,2,,,,,0,4,0,,1,,1610542848,1,-0.389999986,-5.400000095,-1.879999995,0.899999976,1017.900024,4.989999771,9.520000458,204,0,1610544896,1610580224,0.029999999,,,0,,0.050000001,16093,0,365.6000061,,,,,,,,,,,,,,,,,,
4615935584,"Jan 13, 2021, 7:36:41 PM",Lunch Commute,Ride,Raider Express ,1381,1.2,,,TRUE,,,activities/4615935584.gpx,,,1381,592,1204.099976,3.900000095,2.033952713,0,0,290.5,292.1000061,2.900000095,0,,,,,,,,75.55239868,49.87062836,,,,,,,,,4,,,,,0,6,1,,1,,1610564352,2,9.010000229,5.519999981,2,0.620000005,1012.599976,7.519999981,11.86999989,214,0,1610544896,1610580224,0.029999999,,,0,,0.610000014,16093,2,353,,,,,,,,,,,,,,,,,,
4619188530,"Jan 14, 2021, 1:55:34 PM",Morning Walk,Walk,Walk with the puppy ,919,0.6,,,FALSE,,,activities/4619188530.gpx,,,919,783,602.7000122,2.200000048,0.76973182,0,0,290.5,291.6000061,2.700000048,0,,,,,,,,,72.21781921,,,,,,,,,2,,,,,0,3,0,,1,,1610629248,2,6.230000019,2.75999999,2.119999886,0.75,1006.200012,5.25,12.65999985,215,0,1610631168,1610666752,0.07,,,0,,0.540000021,16093,0,350.5,,,,,,,,,,,,,,,,,,
4620524743,"Jan 14, 2021, 6:21:31 PM",Lunch Commute,Ride,Palluccas,878,1.16,,,TRUE,,,activities/4620524743.gpx,,,878,708,1165.599976,9.600000381,1.646327734,0,0,290.5,292.1000061,1.600000024,0,,,,,,,,70.30364227,55.49910355,,,,,,,,,4,,,,,0,7,1,,1,,1610647168,2,7.730000019,4.010000229,0.400000006,0.600000024,1009.400024,7.019999981,12.72999954,309,0,1610631168,1610666752,0.07,,,0,,0.829999983,16093,2,377.7999878,,,,,,,,,,,,,,,,,,
4632585248,"Jan 16, 2021, 8:56:25 PM",Afternoon Commute,Ride,Shooters ,10914,1.13,,,TRUE,,,activities/4632585248.gpx,,,10914,680,1131.5,5.300000191,1.66397059,0,0,290.5,292.1000061,1.5,0,,,,,,,,80.81336212,61.27269363,,,,,,,,,4,,,,,0,7,1,,1,,1610827264,2,4.25,0.629999995,-1.440000057,0.670000017,1015.299988,4.550000191,8.029999733,309,0,1610803968,1610839680,0.129999995,,,0,,0.449999988,16093,2,353.6000061,,,,,,,,,,,,,,,,,,
4636600896,"Jan 17, 2021, 2:44:15 PM",Morning Commute,Ride,Raider Express ,2154,1.67,,,TRUE,,,activities/4636600896.gpx,,,2154,1001,1674.5,8,1.672827125,0,0,290.5,292.1000061,5.5,0,,,,,,,,88.89250946,99.21426392,,,,,,,,,4,,,,,0,11,1,,1,,1610892032,2,-1.320000052,-5.179999828,-4.570000172,0.790000021,1017,3.099999905,6.550000191,276,0,1610890368,1610926080,0.170000002,,,0,,0.400000006,16093,0,413.8999939,,,,,,,,,,,,,,,,,,
4638588901,"Jan 17, 2021, 8:50:39 PM",Afternoon Walk,Walk,Walk with the puppy ,1080,0.73,,,FALSE,,,activities/4638588901.gpx,,,1080,897,734.4000244,2,0.818729103,0,0,290.5,291.7000122,2.599999905,0,,,,,,,,,87.99861145,,,,,,,,,2,,,,,0,4,0,,1,,1610913536,1,7.519999981,3.599999905,-1.200000048,0.540000021,1014.900024,7.489999771,10.28999996,301,0,1610890368,1610926080,0.170000002,,,0,,0.100000001,16093,1,398.7999878,,,,,,,,,,,,,,,,,,
4639254041,"Jan 17, 2021, 9:35:16 PM",Evening Commute,Ride,Shooters ,12007,1.12,,,TRUE,,,activities/4639254041.gpx,,,12007,623,1121.900024,3.700000048,1.800802588,0,0,290.5,292.1000061,3.700000048,0,,,,,,,,82.56626129,57.35424423,,,,,,,,,4,,,,,0,6,1,,1,,1610917248,1,8.149999619,4.75,-1.639999986,0.5,1014.700012,6.429999828,9.630000114,300,0,1610890368,1610926080,0.170000002,,,0,,0.25999999,16093,1,398.7000122,,,,,,,,,,,,,,,,,,
4641166340,"Jan 18, 2021, 1:40:51 PM",Morning Walk,Walk,Walk with the puppy ,1108,0.69,,,FALSE,,,activities/4641166340.gpx,,,1108,836,692.5999756,2,0.828468919,0,0,290.5,291.7000122,1.600000024,0,,,,,,,,,82.9899826,,,,,,,,,2,,,,,0,3,0,,1,,1610974848,2,-1.100000024,-4.880000114,-4.920000076,0.75,1014.900024,3.069999933,6.349999905,190,0,1610976768,1611012480,0.200000003,,,0,,0.550000012,16093,0,338.2999878,,,,,,,,,,,,,,,,,,
4644058540,"Jan 18, 2021, 9:30:49 PM",Afternoon Commute,Ride,Shooters ,7217,1.12,,,TRUE,,,activities/4644058540.gpx,,,7217,608,1121,4,1.84375,0,0,290.5,292.1000061,1.700000048,0,,,,,,,,75.02127838,50.85842514,,,,,,,,,4,,,,,0,6,1,,1,,1611003648,2,10.32999992,10.32999992,1.610000014,0.550000012,1012.799988,5.739999771,10.02000046,234,0,1610976768,1611012480,0.200000003,,,0,,0.75,16093,1,327.2000122,,,,,,,,,,,,,,,,,,
4646506285,"Jan 19, 2021, 1:39:34 PM",Morning Walk,Walk,Walk with the puppy ,1051,0.71,,,FALSE,,,activities/4646506285.gpx,,,1051,919,712.2000122,2,0.774972796,0,0,290.5,291.7000122,3.099999905,0,,,,,,,,,85.33852386,,,,,,,,,2,,,,,0,4,0,,1,,1611061248,1,-1.850000024,-4.550000191,-3.349999905,0.889999986,1027.199951,1.960000038,4.579999924,338,0,1611063168,1611099008,0.230000004,,,0,,0.230000004,16093,0,314.1000061,,,,,,,,,,,,,,,,,,
4646786633,"Jan 19, 2021, 2:37:35 PM",Morning Commute,Ride,Raider Express ,1420,1.32,,,TRUE,,,activities/4646786633.gpx,,,1420,550,1323.099976,14,2.405636311,0,0,290.5,292.2000122,6.699999809,0,,,,,,,,62.64845657,38.41916656,,,,,,,,,4,,,,,0,6,1,,1,,1611064832,2,-1.409999967,-3.349999905,-2.819999933,0.899999976,1028.199951,1.49000001,4.130000114,332,0,1611063168,1611099008,0.230000004,,,0,,0.330000013,16093,0,312,,,,,,,,,,,,,,,,,,
4649343630,"Jan 19, 2021, 10:08:49 PM",Afternoon Commute,Ride,Shooters ,4902,1.12,,,TRUE,,,activities/4649343630.gpx,,,4902,547,1120.300049,4.5,2.048080444,0,0,290.5,292.1000061,1.399999976,0,,,,,,,,79.88349152,48.72134399,,,,,,,,,4,,,,,0,6,1,,1,,1611093632,2,6.559999943,3.809999943,-1.659999967,0.560000002,1029.599976,3.930000067,6.449999809,305,0,1611063168,1611099008,0.230000004,,,0,,0.49000001,16093,0,311.6000061,,,,,,,,,,,,,,,,,,
4651725024,"Jan 20, 2021, 1:22:38 PM",Morning Walk,Walk,Walk with the puppy ,949,0.63,,,FALSE,,,activities/4651725024.gpx,,,949,752,630.2999878,5.199999809,0.838164866,0,0,290.5,291.5,1.600000024,0,,,,,,,,,75.52495575,,,,,,,,,2,,,,,0,3,0,,1,,1611147648,1,-3.210000038,-6.800000191,-5.949999809,0.810000002,1027.800049,2.480000019,5.260000229,199,0,1611149440,1611185408,0.25999999,,,0,,0.170000002,16093,0,316.7000122,,,,,,,,,,,,,,,,,,
4658159159,"Jan 21, 2021, 5:41:02 PM",Lunch Commute,Ride,Palluccas ,717,0.91,,,TRUE,,,activities/4658159159.gpx,,,717,526,917.5,3.799999952,1.744296551,0,0,290.5,292.1000061,2.099999905,0,,,,,,,,67.85969543,39.7990303,,,,,,,,,4,,,,,0,5,1,,1,,1611248384,3,5.360000134,3.829999924,2.670000076,0.829999983,1016,1.960000038,2.75,214,0,1611235840,1611271936,0.289999992,,,0,,1,15557,2,320.7000122,,,,,,,,,,,,,,,,,,
4664934453,"Jan 22, 2021, 10:18:43 PM",Afternoon Commute,Ride,Shooters ,9697,1.71,,,TRUE,,,activities/4664934453.gpx,,,9697,1026,1716.099976,3.5,1.672612071,0,0,290.5,292.1000061,3,0,,,,,,,,86.73858643,99.22807312,,,,,,,,,4,,,,,0,11,1,,1,,1611352832,1,4.590000153,0.810000002,-5.699999809,0.469999999,1023,5.039999962,6.630000114,39,0,1611322240,1611358336,0.319999993,,,0,,0.100000001,16093,0,317.2000122,,,,,,,,,,,,,,,,,,
4696243926,"Jan 28, 2021, 6:32:18 PM",Lunch Commute,Ride,Palluccas ,903,0.95,,,TRUE,,,activities/4696243926.gpx,,,903,669,958.9000244,3.400000095,1.433333278,0,0,290.5,292.1000061,2.799999952,0,,,,,,,,68.24626923,50.90727997,,,,,,,,,4,,,,,0,7,1,,1,,1611856768,2,0.930000007,-3.450000048,-3.349999905,0.730000019,1036,4.480000019,6.25,153,0,1611840384,1611877248,0.50999999,,,0,,0.560000002,16093,3,286.5,,,,,,,,,,,,,,,,,,
4716587415,"Feb 1, 2021, 1:31:46 PM",Morning Walk,Walk,Walk with the puppy ,950,0.63,,,FALSE,,,activities/4716587415.gpx,,,950,766,633,3.400000095,0.826370776,0,0,290.5,291.7000122,3,0,,,,,,,,,75.84848022,,,,,,,,,2,,,,,0,3,0,,1,,1612184448,2,-2.029999971,-6.659999847,-3.160000086,0.920000017,1029.699951,3.839999914,8.300000191,345,0,1612185728,1612222976,0.649999976,,,0,,0.670000017,16093,0,314.7999878,,,,,,,,,,,,,,,,,,
4716996787,"Feb 1, 2021, 2:44:31 PM",Morning Commute,Ride,Raider Express ,2171,1.19,,,TRUE,,,activities/4716996787.gpx,,,2171,559,1197.5,4.199999809,2.142218351,0,0,290.5,292.1000061,1.5,0,,,,,,,,69.66666412,43.42218781,,,,,,,,,4,,,,,0,6,1,,1,,1612188032,2,-1.570000052,-6.360000134,-2.940000057,0.899999976,1030,4.210000038,8.279999733,346,0,1612185728,1612222976,0.649999976,,,0,,0.709999979,16093,0,315.3999939,,,,,,,,,,,,,,,,,,
4719227891,"Feb 1, 2021, 10:17:53 PM",Afternoon Commute,Ride,Shooters ,2098,1.05,,,TRUE,,,activities/4719227891.gpx,,,2098,556,1051.099976,3.599999905,1.890467644,0,0,290.5,292.1000061,1.600000024,0,,,,,,,,69.19540405,42.89699936,,,,,,,,,4,,,,,0,6,1,,1,,1612216832,1,5.519999981,3.779999971,0.059999999,0.680000007,1027.599976,2.200000048,5.159999847,351,0,1612185728,1612222976,0.649999976,,,0,,0.270000011,16093,1,308.7000122,,,,,,,,,,,,,,,,,,
4727836320,"Feb 3, 2021, 2:52:55 PM",Morning Commute,Ride,Raider Express ,1993,1.2,,,TRUE,,,activities/4727836320.gpx,,,1993,537,1199.300049,4.099999905,2.233333349,0,0,290.5,292.1000061,1.299999952,0,,,,,,,,69.75926208,41.76870346,,,,,,,,,4,,,,,0,5,1,,1,,1612360832,1,0.660000026,-2.900000095,-1.99000001,0.819999993,1018.099976,3.230000019,7.289999962,162,0,1612358400,1612396032,0.730000019,,,0,,0.050000001,16093,0,303.3999939,,,,,,,,,,,,,,,,,,
4733161133,"Feb 4, 2021, 2:09:11 PM",Morning Commute,Ride,Raider Express ,1445,1.16,,,TRUE,,,activities/4733161133.gpx,,,1445,556,1159.199951,4.5,2.084892035,0,0,290.5,292.1000061,1.700000048,0,,,,,,,,93.00512695,57.6576004,,,,,,,,,4,,,,,0,6,1,,1,,1612447232,3,10.64000034,10.64000034,9.43999958,0.920000017,999.7999878,5.139999866,11.64000034,237,0,1612444800,1612482432,0.75999999,,,0,,1,16093,0,315.3999939,,,,,,,,,,,,,,,,,,
4734607513,"Feb 4, 2021, 6:23:13 PM",Lunch Commute,Ride,Palluccas ,724,0.91,,,TRUE,,,activities/4734607513.gpx,,,724,507,917.5999756,3.5,1.809861898,0,0,290.5,292.1000061,2.299999952,0,,,,,,,,58.96163559,33.33130646,,,,,,,,,4,,,,,0,5,1,,1,,1612461568,3,1.720000029,-4.639999866,-1.340000033,0.800000012,1007.900024,9.600000381,15.31000042,326,0,1612444800,1612482432,0.75999999,,,0,,0.99000001,16093,2,322.1000061,,,,,,,,,,,,,,,,,,
4738725122,"Feb 5, 2021, 2:34:17 PM",Morning Commute,Ride,Raider Express ,1276,1.19,,,TRUE,,,activities/4738725122.gpx,,,1276,581,1195.699951,3.700000048,2.058003426,0,0,290.5,292.1000061,1.5,0,,,,,,,,60.85217285,39.42095184,,,,,,,,,4,,,,,0,6,1,,1,,1612533632,1,-1.230000019,-6.21999979,-5.760000229,0.709999979,1015.200012,4.619999886,9.420000076,241,0,1612531200,1612568960,0.800000012,,,0,,0.079999998,16093,0,353.7000122,,,,,,,,,,,,,,,,,,
4740564765,"Feb 5, 2021, 8:42:12 PM",Lunch Commute,Ride,Shooters ,2153,1.09,,,TRUE,,,activities/4740564765.gpx,,,2153,585,1097.300049,3.5,1.875726461,0,0,290.5,292.1000061,1.600000024,0,,,,,,,,83.72142792,54.60939407,,,,,,,,,4,,,,,0,6,1,,1,,1612555264,2,8.81000042,6.480000019,-2.109999895,0.460000008,1012.900024,4.110000134,7.659999847,252,0,1612531200,1612568960,0.800000012,,,0,,0.379999995,16093,2,359.5,,,,,,,,,,,,,,,,,,
4744227501,"Feb 6, 2021, 1:52:56 PM",Morning Walk,Walk,Walk with the puppy ,833,0.61,,,FALSE,,,activities/4744227501.gpx,,,833,765,617.5,1.899999976,0.807189524,0,0,290.5,291.7999878,2.700000048,0,,,,,,,,,73.99121094,,,,,,,,,2,,,,,0,3,0,,1,,1612616448,3,-1.080000043,-6.269999981,-5.21999979,0.730000019,1015.299988,5.010000229,10.89999962,72,0,1612617472,1612655360,0.839999974,,,0,,0.980000019,16093,0,385.7999878,,,,,,,,,,,,,,,,,,
4744740892,"Feb 6, 2021, 2:42:10 PM",Morning Commute,Ride,Raider Express ,2120,1.33,,,TRUE,,,activities/4744740892.gpx,,,2120,671,1331.099976,10.80000019,1.983755589,0,0,290.5,292.1000061,1.600000024,0,,,,,,,,60.04581833,44.92417908,,,,,,,,,4,,,,,0,7,1,,1,,1612620032,3,-1.059999943,-6.130000114,-5.400000095,0.720000029,1016,4.809999943,10.07999992,77,0,1612617472,1612655360,0.839999974,,,0,,0.910000026,16093,0,389.6000061,,,,,,,,,,,,,,,,,,
4762663865,"Feb 9, 2021, 7:59:39 PM",Evening walk,Walk,Shooters,3863,1.44,,,FALSE,,,activities/4762663865.gpx,,,3863,1691,1443.900024,5.199999809,0.853873432,0,-1.200000048,290.5,292.1000061,1.5,0.083108246,,,,,,,,,173.0136108,,,,,,,,,2,,,,,0,7,0,,1,,1612897152,3,-7.900000095,-15.01000023,-11.06999969,0.779999971,1027.099976,5.300000191,7.340000153,27,0,1612876544,1612914816,0.939999998,,,0,,0.99000001,14047,3,306.1000061,,,,,,,,,,,,,,,,,,
4765586942,"Feb 10, 2021, 2:39:06 PM",Morning Walk,Walk,Raider Express ,1104,1.25,,,FALSE,,,activities/4765586942.gpx,,,1104,974,1250.900024,11.69999981,1.284291625,0,-1.200000048,290.5,292.1000061,2.200000048,0.095930927,,,,,,,,,149.887619,,,,,,,,,2,,,,,0,4,0,,1,,1612965632,3,-9.550000191,-17.04000092,-11.96000004,0.829999983,1026.800049,5.25,8.789999962,25,0,1612962816,1613001216,0.980000019,,,0,,1,7351,0,288.8999939,,,,,,,,,,,,,,,,,,
4777575623,"Feb 12, 2021, 8:50:19 PM",Evening Walk,Walk,Shooters ,727,0.54,,,FALSE,,,activities/4777575623.gpx,,,727,624,545.9000244,3.5,0.874839723,0,-1.200000048,290.5,292.1000061,2.400000095,0.219820485,,,,,,,,,65.41182709,,,,,,,,,2,,,,,0,2,0,,1,,1613159936,3,-9.359999657,-17.34000015,-15.02000046,0.629999995,1030.900024,6.019999981,8.5,17,0,1613135488,1613174272,0.039999999,,,0,,0.939999998,16093,3,274.7000122,,,,,,,,,,,,,,,,,,
4820746825,"Feb 20, 2021, 8:31:45 PM",Afternoon Walk,Walk,Shooters ,13738,1.08,,,FALSE,,,activities/4820746825.gpx,,,13738,1378,1087.900024,2.200000048,0.789477527,0,0,290.5,292.1000061,1.700000048,0,,,,,,,,,130.3563385,,,,,,,,,2,,,,,0,6,0,,1,,1613851136,1,3.940000057,-0.379999995,-0.200000003,0.74000001,1022.799988,5.860000134,10.22999954,194,0,1613826176,1613865856,0.289999992,,,0,,0.170000002,16093,4,262.1000061,,,,,,,,,,,,,,,,,,
4830285600,"Feb 22, 2021, 2:49:07 PM",Morning Commute,Ride,Raider Express ,2216,1.23,,,TRUE,,,activities/4830285600.gpx,,,2216,656,1230.800049,5.800000191,1.876219511,0,0,290.5,292.1000061,1.299999952,0,,,,,,,,76.54260254,55.9863205,,,,,,,,,4,,,,,0,7,1,,1,,1614002432,1,-0.629999995,-5.110000134,-4.380000114,0.75999999,1020.799988,4.079999924,8.149999619,232,0,1613998848,1614038784,0.349999994,,,0,,0.01,16093,0,360.8999939,,,,,,,,,,,,,,,,,,
4832601400,"Feb 22, 2021, 8:53:31 PM",Afternoon Commute,Ride,Shooters ,7852,1.12,,,TRUE,,,activities/4832601400.gpx,,,7852,597,1122.800049,4.599999905,1.880737066,0,0,290.5,292.1000061,1.5,0,,,,,,,,96.12436676,63.98566437,,,,,,,,,5,,,,,0,10,1,,1,,1614023936,1,12.52000046,12.52000046,3.059999943,0.519999981,1017.200012,8.350000381,13.77000046,239,0,1613998848,1614038784,0.349999994,,,0,,0,16093,3,338.6000061,,,,,,,,,,,,,,,,,,
4835914729,"Feb 23, 2021, 2:48:06 PM",Morning Commute,Ride,Raider Express ,1969,1.37,,,TRUE,,,activities/4835914729.gpx,,,1969,573,1376.199951,7.900000095,2.401745319,0,0,290.5,292.2000122,3.299999952,0,,,,,,,,71.50353241,45.68324661,,,,,,,,,5,,,,,0,10,1,,1,,1614088832,1,1.5,-1.620000005,-0.300000012,0.879999995,1016.900024,2.900000095,4.429999828,200,0,1614085120,1614125312,0.389999986,,,0,,0,16093,0,287.7999878,,,,,,,,,,,,,,,,,,
4837711562,"Feb 23, 2021, 6:29:09 PM",Lunch Commute,Ride,Shooters ,4651,1.12,,,TRUE,,,activities/4837711562.gpx,,,4651,471,1127.599976,3.799999952,2.394055128,0,0,290.5,292.1000061,2.5,0,,,,,,,,63.62880707,33.41562271,,,,,,,,,5,,,,,0,8,1,,1,,1614103168,1,13.82999992,13.82999992,5.050000191,0.550000012,1013.5,5.639999866,9.659999847,202,0,1614085120,1614125312,0.389999986,,,0,,0,16093,5,289.5,,,,,,,,,,,,,,,,,,
4841917743,"Feb 24, 2021, 2:48:41 PM",Morning Commute,Ride,Raider Express ,2017,1.24,,,TRUE,,,activities/4841917743.gpx,,,2017,518,1246.5,7.099999905,2.40637064,0,0,290.5,292.1000061,1.399999976,0,,,,,,,,74.29145813,42.90851593,,,,,,,,,5,,,,,0,9,1,,1,,1614175232,1,5.829999924,2.150000095,0.99000001,0.709999979,1015.200012,5.5,12.17000008,9,0,1614171520,1614211712,0.419999987,,,0,,0.100000001,16093,0,289.2999878,,,,,,,,,,,,,,,,,,
4844941193,"Feb 24, 2021, 7:37:33 PM",Evening Commute,Ride,Shooters ,17915,1.08,,,TRUE,,,activities/4844941193.gpx,,,17915,655,1082.099976,3.599999905,1.652061105,0,0,290.5,292.1000061,1.399999976,0,,,,,,,,68.14553833,49.76839066,,,,,,,,,5,,,,,0,11,1,,1,,1614193152,1,11.63000011,11.63000011,2.039999962,0.519999981,1019.099976,6.489999771,8.569999695,350,0,1614171520,1614211712,0.419999987,,,0,,0.039999999,16093,5,284,,,,,,,,,,,,,,,,,,
4849294376,"Feb 25, 2021, 6:32:22 PM",Lunch Commute,Ride,Palluccas,701,0.94,,,TRUE,,,activities/4849294376.gpx,,,701,584,941.9000244,4.900000095,1.612842441,0,0,290.5,292.1000061,2.299999952,0,,,,,,,,58.04021454,37.79346466,,,,,,,,,5,,,,,0,10,1,,1,,1614275968,1,7.190000057,4.28000021,0.109999999,0.610000014,1029,4.550000191,6.829999924,57,0,1614257792,1614298240,0.460000008,,,0,,0.25,16093,4,310.7000122,,,,,,,,,,,,,,,,,,
4854702834,"Feb 26, 2021, 5:37:24 PM",Lunch Commute,Ride,Shooters ,4403,1.16,,,TRUE,,,activities/4854702834.gpx,,,4403,592,1164.400024,4.800000191,1.966891885,0,-0.100000001,290.3999939,292.1000061,1.600000024,0.008588114,,,,,,,,84.12705994,55.53059006,,,,,,,,,5,,,,,0,10,1,,1,,1614358784,3,5.539999962,4.28000021,2.160000086,0.790000021,1016.099976,1.74000001,3.890000105,144,0,1614344064,1614384640,0.49000001,,,0,,0.949999988,16093,3,294.7000122,,,,,,,,,,,,,,,,,,
4859513821,"Feb 27, 2021, 2:42:28 PM",Morning Commute,Ride,Raider Express ,2186,1.21,,,TRUE,,,activities/4859513821.gpx,,,2186,576,1213.199951,4.800000191,2.106250048,0,0,290.5,292.1000061,1.700000048,0,,,,,,,,60.75519562,39.01941681,,,,,,,,,5,,,,,0,10,1,,1,,1614434432,2,3.160000086,0.629999995,2.359999895,0.939999998,1016.099976,2.599999905,5.119999886,158,0,1614430336,1614471168,0.529999971,,,0,,0.790000021,4926,0,286,,,,,,,,,,,,,,,,,,
4862084042,"Feb 27, 2021, 7:48:43 PM",Lunch/Dinner Commute,Ride,Shooters ,13529,2.06,,,TRUE,,,activities/4862084042.gpx,,,13529,1069,2069,4.900000095,1.935453653,0,0,290.5,292.1000061,1.700000048,0,,,,,,,,77.50443268,92.38024902,,,,,,,,,5,,,,,0,19,1,,1,,1614452352,2,15.46000004,15.46000004,5.489999771,0.50999999,1011.799988,6.019999981,8.399999619,141,0,1614430336,1614471168,0.529999971,,,0,,0.720000029,16093,4,284.6000061,,,,,,,,,,,,,,,,,,
4871689031,"Mar 1, 2021, 2:27:27 PM",Morning Commute,Ride,Raider Express ,1450,1.46,,,TRUE,,,activities/4871689031.gpx,,,1450,772,1461.5,6.400000095,1.893134713,0,0,290.5,292.1000061,1.600000024,0,,,,,,,,50.86111069,43.78022766,,,,,,,,,5,,,,,0,13,1,,1,,1614607232,1,-0.300000012,-0.300000012,-2.930000067,0.819999993,1027.800049,1.24000001,3.170000076,13,0,1614603008,1614644096,0.600000024,,,0,,0.059999999,16093,0,338.6000061,,,,,,,,,,,,,,,,,,
4874155080,"Mar 1, 2021, 7:13:12 PM",Afternoon Commute,Ride,Shooters ,12997,1.13,,,TRUE,,,activities/4874155080.gpx,,,12997,606,1134,3.599999905,1.871287107,0,-0.100000001,290.3999939,292.1000061,1.700000048,0.008818342,,,,,,,,78.91313934,53.32081985,,,,,,,,,5,,,,,0,10,1,,1,,1614625152,1,10.13000011,10.13000011,-1.700000048,0.439999998,1027.300049,2.279999971,3.059999943,277,0,1614603008,1614644096,0.600000024,,,0,,0,16093,4,350.5,,,,,,,,,,,,,,,,,,
4877412954,"Mar 2, 2021, 2:30:09 PM",Morning Commute,Ride,Raider Express ,2289,1.17,,,TRUE,,,activities/4877412954.gpx,,,2289,586,1174.800049,4,2.004778147,0,0,290.5,292.1000061,3.099999905,0,,,,,,,,66.91972351,43.72467804,,,,,,,,,5,,,,,0,10,1,,1,,1614693632,1,1.669999957,-0.660000026,-1.980000019,0.769999981,1026.5,2.140000105,5.820000172,186,0,1614689280,1614730496,0.639999986,,,0,,0,16093,0,345.2000122,,,,,,,,,,,,,,,,,,
4879346289,"Mar 2, 2021, 7:04:02 PM",Lunch Commute,Ride,Raider Express ,1923,1.19,,,TRUE,,,activities/4879346289.gpx,,,1923,551,1195,4.900000095,2.168784142,0,0,290.5,292.1000061,1.5,0,,,,,,,,77.39613342,47.54947662,,,,,,,,,5,,,,,0,9,1,,1,,1614711552,1,13.56999969,13.56999969,-1.480000019,0.349999994,1022.200012,6.110000134,8.699999809,225,0,1614689280,1614730496,0.639999986,,,0,,0,16093,5,343.1000061,,,,,,,,,,,,,,,,,,
4880361652,"Mar 2, 2021, 9:34:48 PM",Afternoon Commute,Ride,Shooters ,6978,1.52,,,TRUE,,,activities/4880361652.gpx,,,6978,771,1527.300049,8.100000381,1.980933905,0,-0.100000001,290.3999939,292.1000061,3,0.006547502,,,,,,,,80.50642395,69.2085495,,,,,,,,,5,,,,,0,13,1,,1,,1614718848,1,14.02000046,14.02000046,-0.930000007,0.360000014,1019.900024,5.670000076,7.820000172,226,0,1614689280,1614730496,0.639999986,,,0,,0,16093,3,333.7999878,,,,,,,,,,,,,,,,,,
4883421017,"Mar 3, 2021, 2:35:19 PM",Morning Commute,Ride,Raider Express ,1370,1.29,,,TRUE,,,activities/4883421017.gpx,,,1370,584,1298.199951,8.399999619,2.222945213,0,0,290.5,292.1000061,1.399999976,0,,,,,,,,77.39430237,50.39607239,,,,,,,,,5,,,,,0,10,1,,1,,1614780032,1,4.559999943,0.720000029,-0.039999999,0.720000029,1019.900024,5.130000114,10.47000027,208,0,1614775680,1614817024,0.680000007,,,0,,0.039999999,16093,0,311,,,,,,,,,,,,,,,,,,
4890160078,"Mar 4, 2021, 5:36:02 PM",Lunch Commute,Ride,Palluccas ,1160,0.97,,,TRUE,,,activities/4890160078.gpx,,,1160,692,969.9000244,3.599999905,1.401589632,0,0,290.5,292.1000061,2.700000048,0,,,,,,,,75.6401062,58.36239624,,,,,,,,,5,,,,,0,12,1,,1,,1614877184,1,15.75,15.75,6.050000191,0.529999971,1020,2.5,3.390000105,203,0,1614861952,1614903424,0.720000029,,,0,,0.02,16093,4,316.7999878,,,,,,,,,,,,,,,,,,
4891920185,"Mar 4, 2021, 8:33:39 PM",Evening Commute,Ride,Shooters ,14064,1.15,,,TRUE,,,activities/4891920185.gpx,,,14064,624,1159,3.799999952,1.857371807,0,0,290.5,292.1000061,1.5,0,,,,,,,,85.65431976,59.59484863,,,,,,,,,5,,,,,0,11,1,,1,,1614887936,1,20.21999931,20.21999931,3.150000095,0.319999993,1017.700012,3.440000057,6.090000153,149,0,1614861952,1614903424,0.720000029,,,0,,0.029999999,16093,4,329.2000122,,,,,,,,,,,,,,,,,,
4903242877,"Mar 6, 2021, 9:10:12 PM",Afternoon Commute,Ride,Shooters ,9706,1.16,,,TRUE,,,activities/4903242877.gpx,,,9706,535,1159.599976,5.699999809,2.167476654,0,0,290.5,292.1000061,1.299999952,0,,,,,,,,68.87096405,41.08325577,,,,,,,,,5,,,,,0,9,1,,1,,1615064448,1,16.38999939,16.38999939,3.75,0.430000007,1025.800049,3.059999943,3.769999981,211,0,1615034624,1615076352,0.790000021,,,0,,0.01,16093,3,306,,,,,,,,,,,,,,,,,,
4909118303,"Mar 7, 2021, 6:29:42 PM",Lunch Commute,Ride,Raider Expres,2732,1.67,,,TRUE,,,activities/4909118303.gpx,,,2732,598,1678.800049,5.199999809,2.807357788,4.041666508,4.041666508,287.7999878,292.1000061,34.90000153,0,,,,,,,,76.73893738,51.16722107,,,,,,,,,5,,,,,0,10,1,,1,,1615139968,1,15.73999977,15.73999977,2.630000114,0.409999996,1027.099976,7.5,11.28999996,211,0,1615120896,1615162752,0.819999993,,,0,,0.25999999,16093,5,344.6000061,,,,,,,,,,,,,,,,,,
4914331339,"Mar 8, 2021, 7:08:14 PM",Lunch Commute,Ride,Shooters ,3795,1.08,,,TRUE,,,activities/4914331339.gpx,,,3795,573,1086.099976,6.099999905,1.895462513,0,-0.100000001,290.3999939,292.1000061,1.600000024,0.009207255,,,,,,,,72.08728027,46.05620575,,,,,,,,,5,,,,,0,10,1,,1,,1615229952,1,18.40999985,18.40999985,3.099999905,0.360000014,1026.400024,7.539999962,10.17000008,198,0,1615207296,1615249280,0.860000014,,,0,,0.100000001,16093,5,313,,,,,,,,,,,,,,,,,,
4914608292,"Mar 8, 2021, 9:15:52 PM",Afternoon Walk,Walk,Walk with the puppy ,837,0.61,,,FALSE,,,activities/4914608292.gpx,,,837,745,609.5,2.099999905,0.818120778,0,0,290.5,291.7000122,4.900000095,0,,,,,,,,,73.03262329,,,,,,,,,2,,,,,0,3,0,,1,,1615237248,1,19.71999931,19.71999931,3.210000038,0.340000004,1025.300049,6.829999924,9.130000114,195,0,1615207296,1615249280,0.860000014,,,0,,0.189999998,16093,3,309.6000061,,,,,,,,,,,,,,,,,,
4919783579,"Mar 9, 2021, 6:32:16 PM",Lunch Commute,Ride,Raider Express ,1630,1.11,,,TRUE,,,activities/4919783579.gpx,,,1630,519,1118.900024,3.700000048,2.155876637,0,0,290.5,292.1000061,1.600000024,0,,,,,,,,70.76570129,40.9510498,,,,,,,,,5,,,,,0,9,1,,1,,1615312768,8,19.52000046,19.52000046,11.52000046,0.600000024,1018.5,11.18000031,16.56999969,199,0,1615293568,1615335680,0.889999986,,,0,,0.289999992,16093,5,297.7999878,,,,,,,,,,,,,,,,,,
4920943051,"Mar 9, 2021, 9:40:46 PM",Evening Commute,Ride,Shooters ,5219,1.25,,,TRUE,,,activities/4920943051.gpx,,,5219,583,1251.800049,6.900000095,2.147169828,0,0,290.5,292.1000061,1.799999952,0,,,,,,,,77.04347992,50.08172607,,,,,,,,,5,,,,,0,10,1,,1,,1615323648,8,20.93000031,20.93000031,12.26000023,0.579999983,1016.200012,11.30000019,15.63000011,185,0,1615293568,1615335680,0.889999986,,,0,,0.389999986,16093,3,294,,,,,,,,,,,,,,,,,,
4929075268,"Mar 11, 2021, 2:23:09 PM",Morning Commute,Ride,Raider Express ,1023,1.2,,,TRUE,,,activities/4929075268.gpx,,,1023,519,1200.800049,6,2.313680172,0,0,290.5,292.1000061,1.700000048,0,,,,,,,,66.48167419,38.47194672,,,,,,,,,5,,,,,0,9,1,,1,,1615471232,3,8.659999847,5.460000038,6.5,0.860000014,1018.799988,6.260000229,12.14000034,22,0,1615466112,1615508608,0.959999979,,,0,,0.99000001,16093,1,275.8999939,,,,,,,,,,,,,,,,,,
4931414329,"Mar 11, 2021, 8:47:16 PM",Afternoon Commute,Ride,Shooters ,7288,1.18,,,TRUE,,,activities/4931414329.gpx,,,7288,555,1186.599976,12.19999981,2.138018131,0,0,290.5,292.1000061,1.299999952,0,,,,,,,,71.03902435,43.96072388,,,,,,,,,5,,,,,0,10,1,,1,,1615492864,3,8.079999924,5.25,5.550000191,0.839999974,1019.700012,4.849999905,7.949999809,31,0,1615466112,1615508608,0.959999979,,,0,,1,16093,4,273.2000122,,,,,,,,,,,,,,,,,,
4942416342,"Mar 13, 2021, 9:07:40 PM",Afternoon Commute,Ride,Shooters ,11270,1.36,,,TRUE,,,activities/4942416342.gpx,,,11270,700,1359.699951,4.900000095,1.942428589,0,0,290.5,292.1000061,2.5,0,,,,,,,,77.76620483,60.69652557,,,,,,,,,5,,,,,0,12,1,,1,,1615669248,3,14.55000019,14.55000019,12.90999985,0.899999976,1019.799988,5.920000076,11.27000046,107,0,1615638784,1615681536,0.02,,,0,,1,16093,3,273.5,,,,,,,,,,,,,,,,,,
4951178318,"Mar 15, 2021, 2:49:44 PM",Morning Walk,Walk,Walk with the puppy ,2094,1.35,,,FALSE,,,activities/4951178318.gpx,,,2094,1875,1355.199951,2.099999905,0.722773314,0,0,290.5,292.1000061,1.899999976,0,,,,,,,,,162.3852386,,,,,,,,,2,,,,,0,8,0,,1,,1615816832,2,9.119999886,6.849999905,8.109999657,0.930000007,1008.200012,4.150000095,9.529999733,134,0,1615811456,1615854464,0.079999998,,,0,,0.569999993,16093,0,359.2999878,,,,,,,,,,,,,,,,,,
4954123503,"Mar 15, 2021, 8:42:48 PM",Evening Commute,Ride,Shooters ,24154,1.49,,,TRUE,,,activities/4954123503.gpx,,,24154,660,1493.400024,8.800000191,2.262727261,0,0,290.5,292.1000061,1.5,0,,,,,,,,75.46260071,55.53292465,,,,,,,,,5,,,,,0,11,1,,1,,1615838464,2,17.02000046,17.02000046,6.980000019,0.519999981,1005.799988,8.420000076,12.27999973,216,0,1615811456,1615854464,0.079999998,,,0,,0.370000005,16093,4,326.2999878,,,,,,,,,,,,,,,,,,
4958855368,"Mar 16, 2021, 8:58:37 PM",Afternoon Commute,Ride,Shooters ,4087,1.1,,,TRUE,,,activities/4958855368.gpx,,,4087,578,1100.800049,3.900000095,1.904498219,0,0,290.5,292.1000061,1.5,0,,,,,,,,64.93393707,41.84797668,,,,,,,,,5,,,,,0,10,1,,1,,1615924736,2,19.53000069,19.53000069,8.890000343,0.5,1008.400024,5,7.329999924,116,0,1615897728,1615940864,0.109999999,,,0,,0.769999981,16093,4,302.1000061,,,,,,,,,,,,,,,,,,
4970592621,"Mar 18, 2021, 9:00:07 PM",Evening Commute,Ride,Shooters ,21788,1.31,,,TRUE,,,activities/4970592621.gpx,,,21788,695,1313.400024,12.5,1.889784217,0,0,290.5,292.1000061,3,0,,,,,,,,73.66890717,57.08787537,,,,,,,,,5,,,,,0,12,1,,1,,1616101248,3,7.28000021,3.420000076,2.349999905,0.709999979,1021.400024,7.059999943,11.09000015,346,0,1616070400,1616113792,0.170000002,,,0,,1,16093,2,330.7999878,,,,,,,,,,,,,,,,,,
4974696327,"Mar 19, 2021, 6:44:12 PM",Afternoon Commute,Ride,Shooters ,10348,1.07,,,TRUE,,,activities/4974696327.gpx,,,10348,536,1075.900024,3.900000095,2.007276058,0,0,290.5,292.1000061,1.299999952,0,,,,,,,,75.67254639,45.22493744,,,,,,,,,5,,,,,0,9,1,,1,,1616176768,1,10.13000011,10.13000011,0.289999992,0.5,1030.300049,4.210000038,6.519999981,25,0,1616156672,1616200320,0.200000003,,,0,,0.059999999,16093,6,316.2999878,,,,,,,,,,,,,,,,,,
4975301149,"Mar 19, 2021, 11:25:08 PM",Evening Commute,Ride,Shooters ,4796,1.29,,,TRUE,,,activities/4975301149.gpx,,,4796,724,1296.599976,10.5,1.790884018,0,0,290.5,292.1000061,1.700000048,0,,,,,,,,86.09050751,69.49742126,,,,,,,,,5,,,,,0,13,1,,1,,1616194816,1,12.17000008,12.17000008,0.970000029,0.460000008,1027.800049,4.360000134,6.21999979,38,0,1616156672,1616200320,0.200000003,,,0,,0.050000001,16093,1,318.6000061,,,,,,,,,,,,,,,,,,
4978144331,"Mar 20, 2021, 1:08:19 PM",Morning Walk,Walk,Walk with the puppy ,2169,1.48,,,FALSE,,,activities/4978144331.gpx,,,2169,1528,1488.800049,4.699999809,0.974345565,0,0,290.5,292.1000061,3.099999905,0,,,,,,,,,178.3937073,,,,,,,,,3,,,,,0,12,0,,1,,1616245248,1,0.389999986,-2.839999914,-1.769999981,0.850000024,1030.599976,2.789999962,6.46999979,138,0,1616242944,1616286720,0.230000004,,,0,,0,16093,0,307.3999939,,,,,,,,,,,,,,,,,,
4980753267,"Mar 20, 2021, 4:58:19 PM",Afternoon Commute,Ride,Shooters ,13807,1.23,,,TRUE,,,activities/4980753267.gpx,,,13807,584,1234.599976,8.899999619,2.11404109,0,0,290.5,292.1000061,1.700000048,0,,,,,,,,78.59322357,51.17676163,,,,,,,,,5,,,,,0,10,1,,1,,1616256000,1,9.399999619,7.400000095,0.769999981,0.550000012,1030.699951,3.720000029,5.699999809,161,0,1616242944,1616286720,0.230000004,,,0,,0,16093,4,306.3999939,,,,,,,,,,,,,,,,,,
4984842679,"Mar 21, 2021, 1:11:39 PM",Morning Walk,Walk,Walk with the puppy ,2470,1.32,,,FALSE,,,activities/4984842679.gpx,,,2470,1480,1322.599976,3.200000048,0.893648624,0,0,290.5,293,4.900000095,0,,,,,,,,,158.4789886,,,,,,,,,3,,,,,0,12,0,,1,,1616331648,1,5.940000057,2.400000095,4.539999962,0.910000026,1022.799988,5.25,11.26000023,163,0,1616329216,1616373120,0.25999999,,,0,,0.109999999,16093,0,291.3999939,,,,,,,,,,,,,,,,,,
4993149473,"Mar 22, 2021, 6:35:09 PM",Afternoon Commute,Ride,Shooters ,14842,1.16,,,TRUE,,,activities/4993149473.gpx,,,14842,569,1167.099976,7.300000191,2.051142454,0,0,290.5,292.1000061,1.5,0,,,,,,,,75.00497437,47.5857811,,,,,,,,,5,,,,,0,10,1,,1,,1616435968,2,17.11000061,17.11000061,8.56000042,0.569999993,1011.900024,6.820000172,9.489999771,164,0,1616415616,1616459648,0.300000012,,,0,,0.74000001,16093,5,297.6000061,,,,,,,,,,,,,,,,,,
5002107335,"Mar 24, 2021, 1:19:35 PM",Morning Walk,Walk,Raider Express ,2053,1.28,,,FALSE,,,activities/5002107335.gpx,,,2053,1498,1286.800049,2.5,0.859012008,0,0,290.5,292.1000061,2.799999952,0,,,,,,,,,154.1893005,,,,,,,,,3,,,,,0,12,0,,1,,1616590848,2,6.75,3.75999999,5.889999866,0.939999998,1010.900024,4.489999771,7.860000134,263,0,1616588160,1616632448,0.360000014,,,0,,0.779999971,16093,0,357.7000122,,,,,,,,,,,,,,,,,,
5005177748,"Mar 24, 2021, 8:20:46 PM",Afternoon Commute,Ride,Shooters ,8422,1.42,,,TRUE,,,activities/5005177748.gpx,,,8422,611,1425.800049,5.199999809,2.333551645,0,0,290.5,292.1000061,1.299999952,0,,,,,,,,59.39485168,40.46363068,,,,,,,,,5,,,,,0,11,1,,1,,1616615936,2,13.69999981,13.69999981,6.889999866,0.629999995,1012.700012,3.220000029,3.880000114,271,0,1616588160,1616632448,0.360000014,,,0,,0.860000014,16093,3,358,,,,,,,,,,,,,,,,,,
5007696103,"Mar 25, 2021, 12:26:06 PM",Morning Walk,Walk,Walk with the puppy ,2285,1.4,,,FALSE,,,activities/5007696103.gpx,,,2285,1570,1402.300049,2.099999905,0.893184721,0,0,290.5,292.1000061,3.599999905,0,,,,,,,,,168.0289459,,,,,,,,,3,,,,,0,13,0,,1,,1616673536,3,6.829999924,4.340000153,6.829999924,1,1008.400024,3.589999914,6.090000153,27,0,1616674560,1616718976,0.400000006,,,0,,0.959999979,16031,0,357.2999878,,,,,,,,,,,,,,,,,,
5009114299,"Mar 25, 2021, 5:11:14 PM",Lunch Walk,Walk,Palluccas ,1346,1.03,,,FALSE,,,activities/5009114299.gpx,,,1346,1229,1038.599976,3.200000048,0.845077276,0,0,290.5,292.1000061,1.899999976,0,,,,,,,,,124.4490204,,,,,,,,,2,,,,,0,5,0,,1,,1616691584,5,8.170000076,5.829999924,8.079999924,0.99000001,1008,3.859999895,5.119999886,6,0.175500005,1616674560,1616718976,0.400000006,,,1,5,0.980000019,14618,3,365.2999878,,,,,,,,,,,,,,,,,,
5013354380,"Mar 26, 2021, 12:44:14 PM",Morning Walk,Walk,Walk with the puppy ,2440,1.46,,,FALSE,,,activities/5013354380.gpx,,,2440,1649,1466.599976,4.5,0.889387488,0,0,290.5,292.1000061,4.300000191,0,,,,,,,,,175.7336121,,,,,,,,,3,,,,,0,13,0,,1,,1616760064,2,3.970000029,2.75,3.970000029,1,1015.599976,1.519999981,2.829999924,126,0,1616760832,1616805376,0.439999998,,,0,,0.860000014,9816,0,371.8999939,,,,,,,,,,,,,,,,,,
5016082761,"Mar 26, 2021, 11:36:32 PM",Evening Walk,Walk,Shooters ,814,0.59,,,FALSE,,,activities/5016082761.gpx,,,814,717,596.5999756,4.400000095,0.832078099,0,1.200000048,290.5,292.1000061,1.899999976,-0.201139793,,,,,,,,,71.4868927,,,,,,,,,3,,,,,0,5,0,,1,,1616799616,1,19.45999908,19.45999908,10.75,0.569999993,1011.5,4.980000019,8.260000229,147,0,1616760832,1616805376,0.439999998,,,0,,0.039999999,16093,1,360.5,,,,,,,,,,,,,,,,,,
5019208015,"Mar 27, 2021, 12:59:33 PM",Morning Walk,Walk,Raider Express ,3282,1.44,,,FALSE,,,activities/5019208015.gpx,,,3282,1686,1442.400024,3.200000048,0.855516016,0,0,290.5,292.1000061,2.799999952,0,,,,,,,,,172.8338776,,,,,,,,,3,,,,,0,14,0,,1,,1616846336,1,10.38000011,10.38000011,8.06000042,0.860000014,1011.5,2.380000114,5.260000229,166,0,1616847104,1616891904,0.469999999,,,0,,0.209999993,16093,0,355.8999939,,,,,,,,,,,,,,,,,,
5022319965,"Mar 27, 2021, 6:23:30 PM",Afternoon Commute,Ride,Shooters ,19923,1.11,,,TRUE,,,activities/5022319965.gpx,,,19923,579,1114.800049,4.300000191,1.925388575,0,0,290.5,292.1000061,1.700000048,0,,,,,,,,70.00701141,45.19547653,,,,,,,,,5,,,,,0,10,1,,1,,1616867968,1,20.65999985,20.65999985,14.59000015,0.680000007,1011.200012,5.670000076,7.599999905,258,0,1616847104,1616891904,0.469999999,,,0,,0.090000004,16093,6,347.7000122,,,,,,,,,,,,,,,,,,
5025757668,"Mar 28, 2021, 12:38:01 PM",Morning Walk,Walk,Raider Express ,2844,1.46,,,FALSE,,,activities/5025757668.gpx,,,2844,1703,1459.400024,3.299999952,0.85695833,0,0,290.5,292.1000061,3,0,,,,,,,,,174.8708801,,,,,,,,,3,,,,,0,14,0,,1,,1616932864,1,3.24000001,0.100000001,-0.379999995,0.769999981,1023.900024,3.380000114,9.829999924,336,0,1616933504,1616978304,0.50999999,,,0,,0.039999999,16093,0,369,,,,,,,,,,,,,,,,,,
5027778961,"Mar 28, 2021, 2:50:23 PM",Lunch Commute,Ride,Raider Express ,11875,1.31,,,TRUE,,,activities/5027778961.gpx,,,11875,575,1309.400024,9.199999809,2.277217388,0,0,290.5,292.1000061,1.700000048,0,,,,,,,,63.0498848,40.42285919,,,,,,,,,4,,,,,0,6,1,,1,,1616940032,1,6.130000114,3.049999952,1.190000057,0.709999979,1026.599976,4.380000114,10.85000038,351,0,1616933504,1616978304,0.50999999,,,0,,0.02,16093,1,372.8999939,,,,,,,,,,,,,,,,,,
5034247934,"Mar 29, 2021, 9:35:38 PM",Afternoon Commute,Ride,Shooters ,6409,1.15,,,TRUE,,,activities/5034247934.gpx,,,6409,580,1156.599976,4.5,1.994137883,0,0,290.5,292.1000061,1.399999976,0,,,,,,,,73.93095398,47.81114578,,,,,,,,,4,,,,,0,6,1,,1,,1617051648,1,21.25,21.25,4.699999809,0.340000004,1010.799988,10.68999958,15.52999973,186,0,1617019776,1617064832,0.550000012,,,0,,0,16093,4,311.7000122,,,,,,,,,,,,,,,,,,
5037143662,"Mar 30, 2021, 12:50:54 PM",Morning Walk,Walk,Walk with the puppy ,2530,1.63,,,FALSE,,,activities/5037143662.gpx,,,2530,1735,1631.599976,4.800000191,0.940403461,0,0,290.5,292.2000122,4.300000191,0,,,,,,,,,195.5045471,,,,,,,,,2,,,,,0,8,0,,1,,1617105664,2,11.68999958,11.68999958,5.989999771,0.680000007,1008.299988,7.110000134,13.31000042,199,0.0152,1617106048,1617151232,0.589999974,,,0.01,5,0.589999974,16093,0,328.8999939,,,,,,,,,,,,,,,,,,
5039566757,"Mar 30, 2021, 6:14:34 PM",Lunch Commute,Ride,Shooters ,2667,1.1,,,TRUE,,,activities/5039566757.gpx,,,2667,465,1101.300049,4.199999809,2.368386984,0,0,290.5,292.1000061,1.399999976,0,,,,,,,,57.96185303,30.05177116,,,,,,,,,5,,,,,0,8,1,,1,,1617127168,3,16.88999939,16.88999939,5.940000057,0.479999989,1011.599976,5.840000153,6.679999828,290,0,1617106048,1617151232,0.589999974,,,0,,0.980000019,16093,4,329,,,,,,,,,,,,,,,,,,
5043547439,"Mar 31, 2021, 12:43:39 PM",Morning Walk,Walk,Walk with the puppy ,2500,1.65,,,FALSE,,,activities/5043547439.gpx,,,2500,1729,1650.599976,7.800000191,0.954655886,0,0,290.5,292.2999878,6.300000191,0,,,,,,,,,197.7812042,,,,,,,,,3,,,,,0,14,0,,1,,1617191936,2,4.639999866,2.75,-3.170000076,0.569999993,1027.300049,2.200000048,5.789999962,13,0,1617192320,1617237760,0.629999995,,,0,,0.689999998,16093,0,338.8999939,,,,,,,,,,,,,,,,,,
5046277741,"Mar 31, 2021, 7:30:39 PM",Afternoon Commute,Ride,Shooters ,5191,1.08,,,TRUE,,,activities/5046277741.gpx,,,5191,546,1083.5,4.199999809,1.98443222,0,0,290.5,292.1000061,1.5,0,,,,,,,,74.15013123,45.14186096,,,,,,,,,5,,,,,0,9,1,,1,,1617217152,1,11.71000004,11.71000004,-6.119999886,0.280000001,1031.400024,4.340000153,9.300000191,344,0,1617192320,1617237760,0.629999995,,,0,,0.050000001,16093,6,387.7999878,,,,,,,,,,,,,,,,,,
5049372740,"Apr 1, 2021, 12:28:59 PM",Morning Walk,Walk,Walk with the puppy ,2426,1.31,,,FALSE,,,activities/5049372740.gpx,,,2426,1532,1316.699951,6.699999809,0.859464765,0,0,290.5,292.1000061,1.600000024,0,,,,,,,,,157.7720337,,,,,,,,,3,,,,,0,12,0,,1,,1617278464,1,-1.090000033,-3.49000001,-5.019999981,0.75,1035.099976,1.830000043,3.630000114,9,0,1617278720,1617324160,0.660000026,,,0,,0,16093,0,359,,,,,,,,,,,,,,,,,,
5050811642,"Apr 1, 2021, 4:59:33 PM",Lunch Commute,Ride,Palluccas ,569,0.89,,,TRUE,,,activities/5050811642.gpx,,,569,502,889,3.400000095,1.770916343,0,0,290.5,292.1000061,3,0,,,,,,,,57.75798035,32.32887268,,,,,,,,,4,,,,,0,5,1,,1,,1617292800,1,7.260000229,5.190000057,-5.96999979,0.379999995,1037.400024,3.049999952,5.119999886,34,0,1617278720,1617324160,0.660000026,,,0,,0,16093,4,357.7000122,,,,,,,,,,,,,,,,,,
5052241192,"Apr 1, 2021, 8:04:24 PM",Afternoon Commute,Ride,Shooters ,9958,1.08,,,TRUE,,,activities/5052241192.gpx,,,9958,552,1086.800049,3.900000095,1.968840599,0,0,290.5,292.1000061,1.700000048,0,,,,,,,,72.05952454,44.35119629,,,,,,,,,5,,,,,0,9,1,,1,,1617307136,1,12.01000023,12.01000023,-6.480000019,0.270000011,1033.599976,3.50999999,6.53000021,23,0,1617278720,1617324160,0.660000026,,,0,,0,16093,6,348.7999878,,,,,,,,,,,,,,,,,,
5055349312,"Apr 2, 2021, 12:49:50 PM",Morning Walk,Walk,Walk with the puppy ,2486,1.33,,,FALSE,,,activities/5055349312.gpx,,,2486,1541,1331.400024,3.299999952,0.863984406,0,0,290.5,292.1000061,2.900000095,0,,,,,,,,,159.533432,,,,,,,,,3,,,,,0,12,0,,1,,1617364736,1,1.620000005,-2.359999895,-4.630000114,0.629999995,1029.599976,4.099999905,8.920000076,143,0,1617364992,1617410560,0.699999988,,,0,,0,16093,0,318.1000061,,,,,,,,,,,,,,,,,,
5058233188,"Apr 2, 2021, 11:02:16 PM",Evening Walk,Walk,from Shooters,736,0.65,,,FALSE,,,activities/5058233188.gpx,,,736,690,652.2999878,8,0.945362329,0,1.200000048,290.5,292.1000061,1.600000024,-0.183964431,,,,,,,,,78.16107941,,,,,,,,,3,,,,,0,5,0,,1,,1617404416,1,18.12999916,18.12999916,0.75,0.310000002,1024,6.440000057,9.710000038,187,0,1617364992,1617410560,0.699999988,,,0,,0.079999998,16093,1,314.8999939,,,,,,,,,,,,,,,,,,
5061308963,"Apr 3, 2021, 12:34:56 PM",Morning Walk,Walk,Walk with the puppy ,2742,1.37,,,FALSE,,,activities/5061308963.gpx,,,2742,1552,1371,3.099999905,0.8833763,0,-0.100000001,290.3999939,292.1000061,3,0.007293946,,,,,,,,,164.2784576,,,,,,,,,3,,,,,0,12,0,,1,,1617451264,1,5,1.940000057,0.230000004,0.709999979,1024.800049,3.869999886,9.369999886,179,0,1617451264,1617497088,0.74000001,,,0,,0.129999995,16093,0,312.7000122,,,,,,,,,,,,,,,,,,
5064202579,"Apr 3, 2021, 7:45:11 PM",Afternoon Commute,Ride,Shooters ,7804,1.02,,,TRUE,,,activities/5064202579.gpx,,,7804,479,1024.5,3.599999905,2.1388309,0,0,290.5,292.1000061,1.700000048,0,,,,,,,,64.87688446,34.64977264,,,,,,,,,5,,,,,0,8,1,,1,,1617476352,1,20.15999985,20.15999985,6.849999905,0.419999987,1023.299988,6.96999979,8.819999695,211,0,1617451264,1617497088,0.74000001,,,0,,0,16093,8,314.5,,,,,,,,,,,,,,,,,,
5067628295,"Apr 4, 2021, 12:13:31 PM",Morning Walk,Walk,Walk with the puppy ,3037,1.48,,,FALSE,,,activities/5067628295.gpx,,,3037,1764,1482.699951,6.199999809,0.840532899,0,0,290.5,292.2000122,4.099999905,0,,,,,,,,,177.6627808,,,,,,,,,3,,,,,0,14,0,,1,,1617537536,1,8.06000042,5.559999943,4.690000057,0.790000021,1022.5,4.130000114,9.5,199,0,1617537536,1617583488,0.769999981,,,0,,0.01,16093,0,305.1000061,,,,,,,,,,,,,,,,,,
5073622481,"Apr 5, 2021, 12:41:16 PM",Morning Walk,Walk,Walk with the puppy ,2368,1.36,,,FALSE,,,activities/5073622481.gpx,,,2368,1578,1368,3.299999952,0.866920173,0,-0.100000001,290.3999939,292.1000061,1.899999976,0.007309942,,,,,,,,,163.9189911,,,,,,,,,3,,,,,0,13,0,,1,,1617624064,2,11.60999966,11.60999966,11.18999958,0.970000029,1016.400024,4.349999905,10.25,185,0,1617623936,1617670016,0.810000002,,,0,,0.579999983,16093,0,321.2000122,,,,,,,,,,,,,,,,,,
5076466082,"Apr 5, 2021, 7:01:45 PM",Afternoon Commute,Ride,Shooters ,14586,1.06,,,TRUE,,,activities/5076466082.gpx,,,14586,535,1060,3.5,1.98130846,0,0,290.5,292.1000061,1.700000048,0,,,,,,,,61.31319809,36.5748558,,,,,,,,,5,,,,,0,9,1,,1,,1617649152,2,22.36000061,22.36000061,14.22000027,0.600000024,1013.5,9.029999733,12.07999992,198,0,1617623936,1617670016,0.810000002,,,0,,0.50999999,16093,6,319,,,,,,,,,,,,,,,,,,
5079070225,"Apr 6, 2021, 12:42:17 PM",Morning Walk,Walk,Walk with the puppy ,2449,1.36,,,FALSE,,,activities/5079070225.gpx,,,2449,1559,1360,5,0.87235409,0,0,290.5,292.1000061,1.600000024,0,,,,,,,,,162.9604034,,,,,,,,,3,,,,,0,12,0,,1,,1617710336,1,15,15,12.93999958,0.870000005,1009.400024,5.940000057,11.36999989,178,0,1617710208,1617756416,0.839999974,,,0,,0.310000002,16093,0,319.7000122,,,,,,,,,,,,,,,,,,
5080465563,"Apr 6, 2021, 4:48:57 PM",Lunch Commute,Ride,Shooters ,2936,1.09,,,TRUE,,,activities/5080465563.gpx,,,2936,544,1089.400024,3.900000095,2.00257349,0,0,290.5,292.1000061,3.200000048,0,,,,,,,,62.73658371,38.05350494,,,,,,,,,5,,,,,0,9,1,,1,,1617724800,2,21.09000015,21.09000015,14.96000004,0.680000007,1009.599976,9.229999542,14.17000008,191,0,1617710208,1617756416,0.839999974,,,0,,0.469999999,16093,4,323,,,,,,,,,,,,,,,,,,
5084557232,"Apr 7, 2021, 12:25:48 PM",Morning Walk,Walk,Walk with the puppy ,2083,1.27,,,FALSE,,,activities/5084557232.gpx,,,2083,1486,1276,2.5,0.858681023,0,0,290.5,292.1000061,2.900000095,0,,,,,,,,,152.8952026,,,,,,,,,3,,,,,0,12,0,,1,,1617796864,3,19.09000015,19.34000015,16.96999931,0.879999995,1002.400024,7.110000134,14.30000019,187,0,1617796608,1617842944,0.870000005,,,0,,0.920000017,16093,0,324.8999939,,,,,,,,,,,,,,,,,,
5091732897,"Apr 8, 2021, 4:45:17 PM",Lunch Walk,Walk,Palluccas ,1156,1.04,,,FALSE,,,activities/5091732897.gpx,,,1156,1105,1042,6.400000095,0.942986429,0,0,290.5,292.1000061,1.5,0,,,,,,,,,124.8564224,,,,,,,,,3,,,,,0,9,0,,1,,1617897600,3,11.60999966,11.60999966,5.559999943,0.660000026,1004.400024,7.960000038,12.25,247,0,1617882880,1617929344,0.899999976,,,0,,0.930000007,16093,3,346.3999939,,,,,,,,,,,,,,,,,,
5101872103,"Apr 10, 2021, 12:29:18 PM",Morning Walk,Walk,Walk with the puppy ,2509,1.34,,,FALSE,,,activities/5101872103.gpx,,,2509,1665,1344,2.900000095,0.807207227,0,0,290.5,292.1000061,2.099999905,0,,,,,,,,,161.0432129,,,,,,,,,3,,,,,0,13,0,,1,,1618055936,3,8.220000267,5.050000191,6.829999924,0.910000026,1007.400024,5.820000172,12,308,0,1618055424,1618102272,0.970000029,,,0,,0.920000017,16093,0,355.7000122,,,,,,,,,,,,,,,,,,
5104628765,"Apr 10, 2021, 7:32:18 PM",Afternoon Commute,Ride,Shooters ,7289,1.18,,,TRUE,,,activities/5104628765.gpx,,,7289,568,1188.5,7,2.092429638,0,0,290.5,292.1000061,2.900000095,0,,,,,,,,63.30872345,40.09468079,,,,,,,,,5,,,,,0,10,1,,1,,1618081152,3,13.31999969,13.31999969,7,0.660000026,1007.200012,6.599999905,10.31000042,297,0,1618055424,1618102272,0.970000029,,,0,,0.899999976,16093,4,351.1000061,,,,,,,,,,,,,,,,,,
5108316813,"Apr 11, 2021, 12:12:51 PM",Morning Walk,Walk,Walk with the puppy to Raider Express ,3342,1.49,,,FALSE,,,activities/5108316813.gpx,,,3342,1689,1497.199951,7.5,0.886441708,0,0,290.5,292.1000061,4.099999905,0,,,,,,,,,179.4002228,,,,,,,,,3,,,,,0,14,0,,1,,1618142464,1,3.279999971,1.039999962,1.5,0.879999995,1005.799988,2.309999943,4.980000019,227,0,1618141824,1618188672,1,,,0,,0,16093,0,313.2000122,,,,,,,,,,,,,,,,,,
5110717548,"Apr 11, 2021, 6:19:49 PM",Lunch Commute,Ride,Raider Express ,1798,1.18,,,TRUE,,,activities/5110717548.gpx,,,1798,541,1179.099976,4,2.17948246,0,-0.100000001,290.3999939,292.1000061,1.799999952,0.008481045,,,,,,,,57.78454208,34.85650253,,,,,,,,,5,,,,,0,9,1,,1,,1618163968,1,19.82999992,19.82999992,7.429999828,0.449999988,1003.099976,7.420000076,10.96000004,223,0,1618141824,1618188672,1,,,0,,0,16093,8,327.7000122,,,,,,,,,,,,,,,,,,
5113738172,"Apr 12, 2021, 12:31:41 PM",Morning Walk,Walk,Walk with the puppy to Raider Express ,2542,1.41,,,FALSE,,,activities/5113738172.gpx,,,2542,1596,1415.199951,10.30000019,0.886716783,0,0,290.5,292.1000061,1.600000024,0,,,,,,,,,169.5746765,,,,,,,,,3,,,,,0,13,0,,1,,1618228736,1,8.279999733,5.699999809,1.769999981,0.639999986,1012.900024,4.389999866,9.31000042,2,0,1618228096,1618275072,0.029999999,,,0,,0.090000004,16093,0,319.1000061,,,,,,,,,,,,,,,,,,
5116391124,"Apr 12, 2021, 9:18:25 PM",Afternoon Commute,Ride,Shooters ,3762,1.1,,,TRUE,,,activities/5116391124.gpx,,,3762,559,1102.199951,5.099999905,1.971735239,0,0,290.5,292.1000061,1.700000048,0,,,,,,,,60.95194626,37.99043274,,,,,,,,,5,,,,,0,10,1,,1,,1618261248,2,17.72999954,17.72999954,4.119999886,0.400000006,1014,5.050000191,6.900000095,25,0,1618228096,1618275072,0.029999999,,,0,,0.829999983,16093,3,324.1000061,,,,,,,,,,,,,,,,,,
5119224709,"Apr 13, 2021, 12:23:57 PM",Morning Walk,Walk,Walk with the puppy to Raider Express ,2720,1.3,,,FALSE,,,activities/5119224709.gpx,,,2720,1523,1305,4.099999905,0.856861472,0,0,290.5,292.1000061,2.700000048,0,,,,,,,,,156.3700867,,,,,,,,,3,,,,,0,12,0,,1,,1618315264,2,8.819999695,6.400000095,2.640000105,0.649999976,1021.799988,4.309999943,9.390000343,28,0,1618314368,1618361600,0.059999999,,,0,,0.639999986,16093,0,323.5,,,,,,,,,,,,,,,,,,
5122470857,"Apr 13, 2021, 9:14:19 PM",Afternoon Commute,Ride,Shooters ,5269,1.16,,,TRUE,,,activities/5122470857.gpx,,,5269,576,1167,4.900000095,2.026041746,0,0,290.5,292.1000061,1.200000048,0,,,,,,,,65.3166275,41.94895172,,,,,,,,,5,,,,,0,10,1,,1,,1618347648,1,17.78000069,17.78000069,2.309999943,0.360000014,1020.700012,4.559999943,6.170000076,30,0,1618314368,1618361600,0.059999999,,,0,,0.25999999,16093,4,317.3999939,,,,,,,,,,,,,,,,,,
5125265914,"Apr 14, 2021, 12:32:22 PM",Morning Walk,Walk,Walk with the puppy to Raider Express ,2646,1.48,,,FALSE,,,activities/5125265914.gpx,,,2646,1702,1481.099976,8,0.870211542,0,0,290.5,292.1000061,3.200000048,0,,,,,,,,,177.4710693,,,,,,,,,3,,,,,0,14,0,,1,,1618401536,3,7.519999981,5.710000038,1.99000001,0.680000007,1023.200012,2.74000001,5.889999866,40,0,1618400768,1618448000,0.090000004,,,0,,0.949999988,16093,0,328.3999939,,,,,,,,,,,,,,,,,,
5131005659,"Apr 15, 2021, 12:29:30 PM",Morning Walk,Walk,Walk with the puppy to Raider Express ,2628,1.42,,,FALSE,,,activities/5131005659.gpx,,,2628,1736,1427.800049,2.099999905,0.82246542,0,0,290.5,292.1000061,2.900000095,0,,,,,,,,,171.0844574,,,,,,,,,3,,,,,0,14,0,,1,,1618488064,1,3.5,0.959999979,0.239999995,0.790000021,1022.599976,2.690000057,7.159999847,22,0,1618487040,1618534528,0.119999997,,,0,,0.129999995,16093,0,324.8999939,,,,,,,,,,,,,,,,,,
5134106435,"Apr 15, 2021, 5:53:00 PM",Afternoon Commute,Ride,Shooters ,21391,1.1,,,TRUE,,,activities/5134106435.gpx,,,21391,531,1105.599976,4.099999905,2.082109213,0,0,290.5,292.1000061,2.799999952,0,,,,,,,,75.00505066,44.40786362,,,,,,,,,5,,,,,0,9,1,,1,,1618505984,1,12.38000011,12.38000011,3.809999943,0.560000002,1021.200012,3.640000105,4.739999771,46,0,1618487040,1618534528,0.119999997,,,0,,0.280000001,16093,6,324.1000061,,,,,,,,,,,,,,,,,,
5136517033,"Apr 16, 2021, 12:42:11 PM",Morning Walk,Walk,Walk with the puppy to Raider Express ,2894,1.24,,,FALSE,,,activities/5136517033.gpx,,,2894,1546,1241.699951,2.400000095,0.803169489,0,0,290.5,292.1000061,1.600000024,0,,,,,,,,,148.7852478,,,,,,,,,3,,,,,0,12,0,,1,,1618574336,3,7.860000134,5.170000076,6.949999809,0.939999998,1015.299988,4.420000076,9.220000267,73,0,1618573440,1618620928,0.150000006,,,0,,1,16093,0,340,,,,,,,,,,,,,,,,,,
5142014445,"Apr 17, 2021, 12:24:02 PM",Morning Walk,Walk,Walk with the puppy to Raider Express ,2594,1.28,,,FALSE,,,activities/5142014445.gpx,,,2594,1476,1283.300049,9.199999809,0.86944443,0,0,290.5,292.1000061,1.5,0,,,,,,,,,153.7699127,,,,,,,,,3,,,,,0,12,0,,1,,1618660864,3,6.239999771,3.839999914,6.110000134,0.99000001,1017.900024,3.230000019,7.789999962,347,0,1618659712,1618707456,0.180000007,,,0,,0.980000019,15852,0,351.3999939,,,,,,,,,,,,,,,,,,
5148938615,"Apr 18, 2021, 12:28:53 PM",Morning Walk,Walk,Walk with the puppy to Raider Express ,3109,1.7,,,FALSE,,,activities/5148938615.gpx,,,3109,1761,1701,6.800000191,0.965928435,0,0,290.5,292.2000122,4.699999809,0,,,,,,,,,203.8203278,,,,,,,,,3,,,,,0,14,0,,1,,1618747136,3,6.409999847,4.489999771,4.889999866,0.899999976,1019.400024,2.609999895,6.460000038,306,0,1618745984,1618793856,0.209999993,,,0,,0.899999976,16093,0,383.7000122,,,,,,,,,,,,,,,,,,
5154391077,"Apr 19, 2021, 12:30:23 PM",Morning Walk,Walk,Walk with the puppy to Raider Express ,2653,1.38,,,FALSE,,,activities/5154391077.gpx,,,2653,1578,1388.900024,5.800000191,0.880164742,0,0,290.5,292.1000061,1.5,0,,,,,,,,,166.4233093,,,,,,,,,3,,,,,0,13,0,,1,,1618833664,1,1.960000038,-1.100000024,0.810000002,0.920000017,1017.200012,2.940000057,5.710000038,211,0,1618832384,1618880384,0.239999995,,,0,,0.01,16093,0,345.2000122,,,,,,,,,,,,,,,,,,
5157150093,"Apr 19, 2021, 8:57:08 PM",Afternoon Commute,Ride,Shooters ,3551,1.14,,,TRUE,,,activities/5157150093.gpx,,,3551,503,1144,8.5,2.274353981,0,0,290.5,292.1000061,1.299999952,0,,,,,,,,76.84946442,43.10063553,,,,,,,,,5,,,,,0,9,1,,1,,1618862336,1,20.86000061,20.86000061,3.539999962,0.319999993,1013.700012,4.260000229,6.440000057,250,0,1618832384,1618880384,0.239999995,,,0,,0.109999999,16093,6,339.6000061,,,,,,,,,,,,,,,,,,
5163487781,"Apr 20, 2021, 10:26:46 PM",Afternoon Walk,Walk,Shooters and Walk with the puppy ,1827,0.75,,,FALSE,,,activities/5163487781.gpx,,,1827,966,758.5999756,2.799999952,0.785300195,0,1.200000048,290.5,292.1000061,1.600000024,-0.158186138,,,,,,,,,90.89835358,,,,,,,,,3,,,,,0,8,0,,1,,1618956032,3,6.21999979,3.00999999,0.800000012,0.680000007,1022.700012,4.690000057,7.960000038,342,0,1618918656,1618966784,0.280000001,,,0,,0.949999988,16093,2,364,,,,,,,,,,,,,,,,,,
5166241797,"Apr 21, 2021, 12:29:38 PM",Morning Walk,Walk,Walk with the puppy to Raider Express ,2606,1.64,,,FALSE,,,activities/5166241797.gpx,,,2606,1530,1641.800049,13.80000019,1.073071837,0,0,289.6000061,292.2000122,4.099999905,0,,,,,,,,,196.7267456,,,,,,,,,3,,,,,0,12,0,,1,,1619006464,2,0.230000004,-3.220000029,-1.120000005,0.910000026,1025.400024,2.99000001,6.639999866,241,0,1619004928,1619053312,0.310000002,,,0,,0.419999987,16093,0,376.1000061,,,,,,,,,,,,,,,,,,
5171814072,"Apr 22, 2021, 11:56:57 AM",Morning Walk,Walk,Walk with the puppy to Raider Express ,2584,1.3,,,FALSE,,,activities/5171814072.gpx,,,2584,1540,1299,4.599999905,0.843506515,0,0,290.5,292.1000061,1.600000024,0,,,,,,,,,155.6511383,,,,,,,,,3,,,,,0,12,0,,1,,1619089152,1,-1.330000043,-1.330000043,-2.099999905,0.949999988,1024.900024,1.340000033,2.619999886,121,0,1619091328,1619139712,0.349999994,,,0,,0.150000006,16093,0,359,,,,,,,,,,,,,,,,,,
5177520086,"Apr 23, 2021, 12:20:25 PM",Morning Walk,Walk,Walk with the puppy to Raider Express ,2694,1.25,,,FALSE,,,activities/5177520086.gpx,,,2694,1540,1256.599976,5,0.815973997,0,0,290.5,292.1000061,2.900000095,0,,,,,,,,,150.5706177,,,,,,,,,3,,,,,0,12,0,,1,,1619179264,3,8.369999886,6.28000021,5.96999979,0.850000024,1014.5,3.450000048,10.13000011,140,0,1619177600,1619226112,0.379999995,,,0,,1,16093,0,343.8999939,,,,,,,,,,,,,,,,,,
5180139518,"Apr 23, 2021, 8:25:13 PM",Afternoon Commute,Ride,Shooters ,6858,1.11,,,TRUE,,,activities/5180139518.gpx,,,6858,586,1116.300049,6.300000191,1.904948831,0,0,290.5,292.1000061,2.299999952,0,,,,,,,,74.18811798,48.47377396,,,,,,,,,5,,,,,0,10,1,,1,,1619207936,3,17.54999924,17.54999924,12.26000023,0.709999979,1010.5,4.360000134,6.170000076,148,0,1619177600,1619226112,0.379999995,,,0,,0.930000007,16093,4,339.8999939,,,,,,,,,,,,,,,,,,
5186906194,"Apr 24, 2021, 7:33:03 PM",Evening Commute/Walk,Ride,Ride to Shooters and walk home,19244,1.25,,,TRUE,,,activities/5186906194.gpx,,,19244,806,1249,5.300000191,1.549627781,0,0,290.5,292.1000061,1.5,0,,,,,,,,78.58571625,70.62419891,,,,,,,,,4,,,,,0,8,1,,1,,1619290752,2,17.65999985,17.65999985,10.06000042,0.610000014,1013,5.860000134,8,8,0,1619263872,1619312640,0.419999987,,,0,,0.340000004,16093,6,368.6000061,,,,,,,,,,,,,,,,,,
5190429177,"Apr 25, 2021, 1:03:01 PM",Morning Walk,Walk,Walk with the puppy to Raider Express ,2704,1.34,,,FALSE,,,activities/5190429177.gpx,,,2704,1530,1344.300049,3.299999952,0.878627479,0,0.100000001,290.3999939,292.1000061,3.200000048,-0.007438816,,,,,,,,,161.0791626,,,,,,,,,3,,,,,0,12,0,,1,,1619355648,2,8.270000458,6.389999866,6.079999924,0.860000014,1016,3.069999933,6.760000229,156,0,1619350272,1619399040,0.460000008,,,0,,0.610000014,16093,0,368.7999878,,,,,,,,,,,,,,,,,,
5195665457,"Apr 26, 2021, 12:33:43 PM",Morning Walk,Walk,Walk with the puppy to Raider Express ,2600,1.38,,,FALSE,,,activities/5195665457.gpx,,,2600,1551,1382.199951,6.300000191,0.891166985,0,-0.100000001,290.3999939,292.1000061,3.099999905,0.007234843,,,,,,,,,165.6204834,,,,,,,,,3,,,,,0,12,0,,1,,1619438336,1,15.02999973,15.02999973,10.47000027,0.74000001,1008.5,7.820000172,15.5,182,0,1619436544,1619485440,0.5,,,0,,0.029999999,16093,0,327.1000061,,,,,,,,,,,,,,,,,,
5198368729,"Apr 26, 2021, 8:15:26 PM",Afternoon Commute,Ride,Shooters ,7204,1.85,,,TRUE,,,activities/5198368729.gpx,,,7204,608,1850.400024,17.89999962,3.04342103,0,0,289,292.6000061,2.599999905,0,,,,,,,,78.37242889,53.13023758,,,,,,,,,5,,,,,0,10,1,,1,,1619467264,2,27.52000046,27.52000046,13.35999966,0.419999987,1004.900024,10.61999989,17.21999931,197,0,1619436544,1619485440,0.5,,,0,,0.449999988,16093,6,330.3999939,,,,,,,,,,,,,,,,,,
5201365046,"Apr 27, 2021, 12:43:45 PM",Morning Walk,Walk,Walk with the puppy to Raider Express ,2469,1.33,,,FALSE,,,activities/5201365046.gpx,,,2469,1557,1335.400024,3.299999952,0.857675016,0,0,290.5,292.1000061,2,0,,,,,,,,,160.0127258,,,,,,,,,3,,,,,0,12,0,,1,,1619524864,2,17.18000031,17.18000031,12.84000015,0.75999999,1006.200012,7.320000172,13.25,193,0,1619522944,1619571968,0.540000021,,,0,,0.400000006,16093,0,306.3999939,,,,,,,,,,,,,,,,,,
5204350550,"Apr 27, 2021, 8:52:37 PM",Afternoon Commute,Ride,Shooters ,4362,1.06,,,TRUE,,,activities/5204350550.gpx,,,4362,533,1059.900024,4,1.988555312,0,0,290.5,292.1000061,2.900000095,0,,,,,,,,70.80101013,42.07668304,,,,,,,,,5,,,,,0,9,1,,1,,1619553536,3,22.95999908,23.46999931,19.87999916,0.829999983,1007.299988,8.590000153,13.67000008,206,0,1619522944,1619571968,0.540000021,,,0,,0.930000007,16093,4,301.7000122,,,,,,,,,,,,,,,,,,
5207093051,"Apr 28, 2021, 12:08:57 PM",Morning Walk,Walk,Walk with the puppy to Raider Express ,2405,1.35,,,FALSE,,,activities/5207093051.gpx,,,2405,1289,1351.800049,2,1.048719883,0,0,290.5,292.1000061,6.699999809,0,,,,,,,,,161.9778442,,,,,,,,,3,,,,,0,10,0,,1,,1619611136,2,17.62000084,18.19000053,17.62000084,1,1009.5,2.950000048,6.260000229,152,0,1619609344,1619658368,0.579999983,,,0,,0.860000014,16093,0,308.5,,,,,,,,,,,,,,,,,,
5212602765,"Apr 29, 2021, 11:53:28 AM",Morning Walk,Walk,Walk with the puppy to Raider Express ,2805,1.47,,,FALSE,,,activities/5212602765.gpx,,,2805,1742,1477.400024,4.300000191,0.848105609,0,0,290.5,292.2000122,4.699999809,0,,,,,,,,,177.02771,,,,,,,,,3,,,,,0,14,0,,1,,1619693952,3,15.56999969,15.81000042,15.56999969,1,1011.099976,5.150000095,11.60000038,344,0,1619695616,1619744896,0.610000014,,,0,,0.99000001,13918,0,324.5,,,,,,,,,,,,,,,,,,
5213973584,"Apr 29, 2021, 5:03:03 PM",Lunch Commute,Ride,Palluccas ,541,0.97,,,TRUE,,,activities/5213973584.gpx,,,541,483,978.5999756,4.599999905,2.026087046,0,0,290.5,292.1000061,1.299999952,0,,,,,,,,72.44257355,39.01358795,,,,,,,,,5,,,,,0,8,1,,1,,1619715584,2,19.96999931,19.96999931,13.76000023,0.670000017,1017.099976,5.96999979,9.43999958,354,0,1619695616,1619744896,0.610000014,,,0,,0.629999995,16093,5,333.3999939,,,,,,,,,,,,,,,,,,
5215649451,"Apr 29, 2021, 7:33:48 PM",Afternoon Commute,Ride,City Hall,14754,1.25,,,TRUE,,,activities/5215649451.gpx,,,14754,540,1255.699951,6.599999905,2.325370312,0,-0.300000012,290.2000122,292.1000061,1.899999976,0.023891056,,,,,,,,67.25471497,40.49406433,,,,,,,,,5,,,,,0,9,1,,1,,1619722752,1,22.10000038,22.10000038,10.38000011,0.469999999,1016.799988,6.070000172,8.449999809,359,0,1619695616,1619744896,0.610000014,,,0,,0.310000002,16093,7,334.5,,,,,,,,,,,,,,,,,,
5217911586,"Apr 30, 2021, 12:39:11 PM",Morning Walk,Walk,Walk with the puppy ,1533,0.92,,,FALSE,,,activities/5217911586.gpx,,,1533,1258,926.7000122,1.799999952,0.73664546,0,0,289.6000061,291.5,4.400000095,0,,,,,,,,,111.0407333,,,,,,,,,3,,,,,0,10,0,,1,,1619783936,1,9.489999771,9.149999619,6.539999962,0.819999993,1022.599976,1.419999957,2.700000048,22,0,1619781888,1619831296,0.649999976,,,0,,0.059999999,16093,0,335.8999939,,,,,,,,,,,,,,,,,,
5223478033,"May 1, 2021, 12:24:49 PM",Morning Walk,Walk,Walk with the puppy to Raider Express ,3180,1.4,,,FALSE,,,activities/5223478033.gpx,,,3180,1717,1408.400024,2.200000048,0.820267916,0,0,290.5,292.2000122,4.199999809,0,,,,,,,,,168.7598724,,,,,,,,,3,,,,,0,14,0,,1,,1619870464,1,10.92000008,10.92000008,9.050000191,0.879999995,1017,3.339999914,7.070000172,191,0,1619868288,1619917824,0.689999998,,,0,,0.109999999,16093,0,325.1000061,,,,,,,,,,,,,,,,,,
5229961082,"May 2, 2021, 12:31:12 PM",Morning Walk,Walk,Walk with the puppy to Raider Express ,2980,1.6,,,FALSE,,,activities/5229961082.gpx,,,2980,1861,1600.400024,6,0.859967768,0,0,290.5,292.1000061,2.400000095,0,,,,,,,,,191.7660522,,,,,,,,,3,,,,,0,15,0,,1,,1619956736,2,15.26000023,15.28999996,14.27000046,0.939999998,1006,2.99000001,7.21999979,172,0,1619954560,1620004224,0.720000029,,,0,,0.680000007,16093,0,335,,,,,,,,,,,,,,,,,,
5235553113,"May 3, 2021, 1:18:15 PM",Morning Walk,Walk,Walk with the puppy to Raider Express ,2110,1.31,,,FALSE,,,activities/5235553113.gpx,,,2110,1569,1316.400024,5.300000191,0.839005709,0,0,290.5,292.1000061,1.600000024,0,,,,,,,,,157.736084,,,,,,,,,3,,,,,0,13,0,,1,,1620046848,2,16.29000092,16.48999977,15.71000004,0.959999979,1001.200012,4.059999943,6.460000038,173,0,1620040960,1620090752,0.75999999,,,0,,0.810000002,16093,1,329.5,,,,,,,,,,,,,,,,,,
5243170273,"May 4, 2021, 8:33:25 PM",Afternoon Walk,Walk,Shooters ,6946,1.16,,,FALSE,,,activities/5243170273.gpx,,,6946,1249,1166.800049,5.300000191,0.934187353,0,0,290.5,292.1000061,1.700000048,0,,,,,,,,,139.8104401,,,,,,,,,4,,,,,0,13,0,,1,,1620158464,3,11.65999985,11.65999985,9.100000381,0.839999974,1014.700012,5.150000095,9.100000381,0,0,1620127232,1620177152,0.790000021,,,0,,1,16093,4,347.6000061,,,,,,,,,,,,,,,,,,
5245791687,"May 5, 2021, 12:14:57 PM",Morning Walk,Walk,Walk with the puppy to Raider Express ,2930,1.43,,,FALSE,,,activities/5245791687.gpx,,,2930,1800,1430.199951,5.400000095,0.794555545,0,0,290.5,292.2000122,4.5,0,,,,,,,,,171.3720245,,,,,,,,,3,,,,,0,15,0,,1,,1620216064,1,3.210000038,3.210000038,1.419999957,0.879999995,1022,1.179999948,3.160000086,340,0,1620213632,1620263680,0.819999993,,,0,,0.039999999,16093,0,331.8999939,,,,,,,,,,,,,,,,,,
5247014249,"May 5, 2021, 4:49:34 PM",Lunch Walk,Walk,Walk with Sadie,1371,0.9,,,FALSE,,,activities/5247014249.gpx,,,1371,1159,907.5999756,3.400000095,0.783088863,0,0,289.6000061,291.3999939,3.099999905,0,,,,,,,,,108.7520981,,,,,,,,,3,,,,,0,9,0,,1,,1620230400,1,16.03000069,16.03000069,4.789999962,0.469999999,1022.599976,1.879999995,2.650000095,85,0,1620213632,1620263680,0.819999993,,,0,,0.079999998,16093,6,336.8999939,,,,,,,,,,,,,,,,,,
5248739144,"May 5, 2021, 7:29:08 PM",Afternoon Commute,Ride,Shooters ,13831,1.06,,,FALSE,,,activities/5248739144.gpx,,,13831,513,1061.699951,4,2.069590569,0,0,290.5,292.1000061,1.5,0,,,,,,,,54.90617752,31.40605927,,,,,,,,,5,,,,,0,9,0,,1,,1620241152,1,19.04000092,19.04000092,3,0.340000004,1022.099976,0.579999983,0.870000005,93,0,1620213632,1620263680,0.819999993,,,0,,0.100000001,16093,8,338.8999939,,,,,,,,,,,,,,,,,,
5251058046,"May 6, 2021, 12:26:27 PM",Morning Walk,Walk,Walk with the puppy ,1788,1.57,,,FALSE,,,activities/5251058046.gpx,,,1788,1737,1574.599976,2.700000048,0.906505466,0,0,290.3999939,291.7999878,3.400000095,0,,,,,,,,,188.6745911,,,,,,,,,3,,,,,0,14,0,,1,,1620302336,1,8.720000267,7.079999924,7.119999886,0.899999976,1021.700012,2.839999914,6.849999905,257,0.0206,1620299904,1620350080,0.860000014,,,0.02,5,0.090000004,16093,0,365.8999939,,,,,,,,,,,,,,,,,,
5252246353,"May 6, 2021, 4:31:38 PM",Lunch Walk,Walk,Palluccas ,1265,1.03,,,FALSE,,,activities/5252246353.gpx,,,1265,1164,1032,3.599999905,0.886597931,0,0,290.5,292.1000061,1.600000024,0,,,,,,,,,123.6581879,,,,,,,,,3,,,,,0,9,0,,1,,1620316800,1,16.77000046,16.77000046,10.30000019,0.660000026,1023.900024,5.760000229,9.449999809,335,0,1620299904,1620350080,0.860000014,,,0,,0.07,16093,6,356.2000122,,,,,,,,,,,,,,,,,,
5253756310,"May 6, 2021, 8:25:58 PM",Afternoon Commute,Ride,Shooters ,5461,1.08,,,TRUE,,,activities/5253756310.gpx,,,5461,534,1082.800049,4.199999809,2.027715445,0,0,290.5,292.1000061,1.399999976,0,,,,,,,,74.37408447,44.28307343,,,,,,,,,5,,,,,0,9,1,,1,,1620331264,1,18.54000092,18.54000092,6.949999809,0.469999999,1023.200012,6.349999905,8.840000153,334,0,1620299904,1620350080,0.860000014,,,0,,0.189999998,16093,6,341.7999878,,,,,,,,,,,,,,,,,,
5256313550,"May 7, 2021, 12:10:45 PM",Morning Walk,Walk,Walk with the puppy to Raider Express ,2676,1.43,,,FALSE,,,activities/5256313550.gpx,,,2676,1712,1437.300049,3.099999905,0.839544415,0,0,290.5,292.2999878,4.900000095,0,,,,,,,,,172.2227783,,,,,,,,,3,,,,,0,14,0,,1,,1620388864,1,5.019999981,3.289999962,3.339999914,0.889999986,1023.400024,2.099999905,4.659999847,205,0,1620386304,1620436480,0.889999986,,,0,,0.02,16093,0,326.6000061,,,,,,,,,,,,,,,,,,
5258730948,"May 7, 2021, 9:07:32 PM",Afternoon Commute,Ride,Shooters ,3153,1.08,,,TRUE,,,activities/5258730948.gpx,,,3153,524,1079.599976,3.700000048,2.060305357,0,0,290.5,292.1000061,1.700000048,0,,,,,,,,61.03794479,35.66202927,,,,,,,,,5,,,,,0,9,1,,1,,1620421248,3,16.17000008,16.17000008,9.550000191,0.649999976,1018.200012,2.210000038,5.269999981,180,0,1620386304,1620436480,0.889999986,,,0,,0.930000007,16093,3,322.2999878,,,,,,,,,,,,,,,,,,
5261775233,"May 8, 2021, 12:32:23 PM",Morning Walk,Walk,Walk with the puppy to Raider Express ,2820,1.34,,,FALSE,,,activities/5261775233.gpx,,,2820,1632,1348.699951,5,0.82640934,0,0,290.5,292.1000061,2.400000095,0,,,,,,,,,161.6063843,,,,,,,,,3,,,,,0,13,0,,1,,1620475136,2,13.71000004,13.71000004,9.869999886,0.779999971,1012.099976,3.430000067,10.69999981,146,0,1620472576,1620523008,0.920000017,,,0,,0.610000014,16093,0,323.3999939,,,,,,,,,,,,,,,,,,
5264434915,"May 8, 2021, 8:25:12 PM",Afternoon Commute,Ride,Shooters ,4117,1.37,,,TRUE,,,activities/5264434915.gpx,,,4117,540,1373.599976,14.39999962,2.543703794,0,0,290.5,292.1000061,2.599999905,0,,,,,,,,70.77876282,42.6158905,,,,,,,,,5,,,,,0,9,1,,1,,1620504064,1,25.95999908,26.01000023,15.82999992,0.540000021,1005.400024,8.5,12.52000046,184,0,1620472576,1620523008,0.920000017,,,0,,0.300000012,16093,7,325.6000061,,,,,,,,,,,,,,,,,,
5269837976,"May 9, 2021, 5:00:05 PM",Lunch Walk,Walk,Walk with the puppy to Raider Express ,3206,1.31,,,FALSE,,,activities/5269837976.gpx,,,3206,1537,1317.800049,2.299999952,0.857384503,0,0.100000001,290.3999939,292.1000061,3,-0.007588405,,,,,,,,,157.9038391,,,,,,,,,3,,,,,0,12,0,,1,,1620579584,3,10.40999985,10.40999985,9.069999695,0.910000026,1012.700012,7.03000021,10.13000011,359,0,1620558976,1620609408,0.949999988,,,0,,0.99000001,16093,4,331.7000122,,,,,,,,,,,,,,,,,,
5272876118,"May 10, 2021, 12:22:40 PM",Morning Walk,Walk,Walk with the puppy to Raider Express ,2231,1.26,,,FALSE,,,activities/5272876118.gpx,,,2231,1577,1264.099976,4,0.801585317,0,0,290.5,292.5,4.300000191,0,,,,,,,,,151.4692993,,,,,,,,,3,,,,,0,13,0,,1,,1620647936,3,7.739999771,5.619999886,6.320000172,0.910000026,1020.099976,3.279999971,6.809999943,35,0,1620645248,1620695936,0.980000019,,,0,,0.879999995,16093,0,335.3999939,,,,,,,,,,,,,,,,,,
5275575422,"May 10, 2021, 8:45:34 PM",Afternoon Commute,Ride,Shooters ,4300,1.13,,,TRUE,,,activities/5275575422.gpx,,,4300,549,1131,3.599999905,2.060109377,0,0,290.5,292.1000061,1.600000024,0,,,,,,,,65.29705048,39.97061157,,,,,,,,,5,,,,,0,9,1,,1,,1620676864,5,13.26000023,13.26000023,7.619999886,0.689999998,1020.200012,4.889999866,6.369999886,46,0.085500002,1620645248,1620695936,0.980000019,,,1,5,0.970000029,16093,4,330.2999878,,,,,,,,,,,,,,,,,,
5277821015,"May 11, 2021, 10:45:52 AM",Morning Walk,Walk,Walk with the puppy to Raider Express ,1897,1.35,,,FALSE,,,activities/5277821015.gpx,,,1897,1732,1353.599976,2.900000095,0.781524241,0,0,290.5,292.1000061,3,0,,,,,,,,,162.1935272,,,,,,,,,3,,,,,0,14,0,,1,,1620727168,2,5.46999979,3.859999895,4.440000057,0.930000007,1022.599976,2.049999952,5.130000114,45,0,1620731648,1620782336,0.01,,,0,,0.579999983,16093,0,331,,,,,,,,,,,,,,,,,,
5281077914,"May 11, 2021, 9:05:13 PM",Afternoon Walk,Walk,From Shooters ,783,0.77,,,FALSE,,,activities/5281077914.gpx,,,783,751,777.5,5.599999905,1.035286307,0,1.200000048,290.5,292.1000061,1.399999976,-0.154340833,,,,,,,,,93.1630249,,,,,,,,,2,,,,,0,3,0,,1,,1620766848,3,14.75,14.75,7.630000114,0.620000005,1022.200012,5.349999905,8.260000229,73,0,1620731648,1620782336,0.01,,,0,,1,16093,3,327.5,,,,,,,,,,,,,,,,,,
5284139404,"May 12, 2021, 12:45:28 PM",Morning Walk,Walk,Walk with the puppy to Raider Express ,2783,1.5,,,FALSE,,,activities/5284139404.gpx,,,2783,1806,1502.300049,2.5,0.83183831,0,0,290.5,292.2999878,4.900000095,0,,,,,,,,,180.011322,,,,,,,,,3,,,,,0,15,0,,1,,1620820736,3,9.180000305,6.920000076,4.96999979,0.75,1027.400024,4.139999866,10.42000008,49,0,1620817920,1620868864,0.039999999,,,0,,0.970000029,16093,0,335.8999939,,,,,,,,,,,,,,,,,,
5285953749,"May 12, 2021, 6:27:24 PM",Lunch Walk,Walk,Walk with the puppy ,1613,0.94,,,FALSE,,,activities/5285953749.gpx,,,1613,1267,941.7999878,1.899999976,0.743330717,0,0,289.6000061,291.5,3,0,,,,,,,,,112.8500748,,,,,,,,,3,,,,,0,10,0,,1,,1620842368,2,14.81999969,14.81999969,6.389999866,0.569999993,1028.099976,3.900000095,5.980000019,70,0,1620817920,1620868864,0.039999999,,,0,,0.519999981,16093,6,349.2000122,,,,,,,,,,,,,,,,,,
5287299163,"May 12, 2021, 9:18:24 PM",Evening Walk,Walk,Shooters ,12354,1.25,,,FALSE,,,activities/5287299163.gpx,,,12354,1506,1257.5,5.599999905,0.834993362,0,0,290.5,292.1000061,3,0,,,,,,,,,150.6784515,,,,,,,,,3,,,,,0,12,0,,1,,1620853248,2,17.21999931,17.21999931,6.599999905,0.5,1027.099976,4.510000229,5.579999924,40,0,1620817920,1620868864,0.039999999,,,0,,0.449999988,16093,4,354.7000122,,,,,,,,,,,,,,,,,,
5289815687,"May 13, 2021, 12:30:59 PM",Morning Walk,Walk,Walk with the puppy to Raider Express ,2585,1.42,,,FALSE,,,activities/5289815687.gpx,,,2585,1734,1427.099976,1.899999976,0.823010385,0,0,290.5,292.2999878,4.300000191,0,,,,,,,,,171.0005798,,,,,,,,,3,,,,,0,14,0,,1,,1620907264,1,5.739999771,4.380000114,2.599999905,0.800000012,1028.900024,1.850000024,4.050000191,72,0,1620904320,1620955264,0.07,,,0,,0.230000004,16093,0,362.2999878,,,,,,,,,,,,,,,,,,
5291290993,"May 13, 2021, 5:10:42 PM",Lunch Walk,Walk,Palluccas ,1313,1.34,,,FALSE,,,activities/5291290993.gpx,,,1313,1279,1340.699951,9.399999619,1.048240781,0,0,290.5,292.1000061,1.600000024,0,,,,,,,,,160.6477966,,,,,,,,,3,,,,,0,10,0,,1,,1620925184,1,16.79000092,16.79000092,6.739999771,0.519999981,1027.800049,2.210000038,3.539999962,127,0,1620904320,1620955264,0.07,,,0,,0.090000004,16093,7,362.2000122,,,,,,,,,,,,,,,,,,
5292878473,"May 13, 2021, 9:08:52 PM",Afternoon Walk,Walk,Shooters ,10207,1.21,,,FALSE,,,activities/5292878473.gpx,,,10207,1437,1215.300049,8.5,0.845720232,0,0,290.5,292.1000061,2.900000095,0,,,,,,,,,145.6218872,,,,,,,,,3,,,,,0,11,0,,1,,1620939648,2,19.80999947,19.80999947,7.230000019,0.439999998,1025.199951,2.269999981,2.420000076,110,0,1620904320,1620955264,0.07,,,0,,0.560000002,16093,4,355.7999878,,,,,,,,,,,,,,,,,,
5295509883,"May 14, 2021, 12:44:36 PM",Morning Walk,Walk,Walk with the puppy to Raider Express ,4135,1.46,,,FALSE,,,activities/5295509883.gpx,,,4135,1796,1463.099976,2.099999905,0.814643681,0,0,290.5,292.1000061,4.5,0,,,,,,,,,175.3142395,,,,,,,,,3,,,,,0,14,0,,1,,1620993536,1,8.869999886,7.460000038,6.570000172,0.850000024,1024.699951,2.529999971,7.099999905,172,0,1620990720,1621041664,0.100000001,,,0,,0.159999996,16093,0,358.3999939,,,,,,,,,,,,,,,,,,
5296749259,"May 14, 2021, 5:22:04 PM",Lunch Walk,Walk,Walk with the puppy ,1318,0.86,,,FALSE,,,activities/5296749259.gpx,,,1318,1200,866.5,1.799999952,0.72208333,0,0,289.6000061,291.3999939,3.200000048,0,,,,,,,,,103.8273392,,,,,,,,,3,,,,,0,10,0,,1,,1621011584,2,18.95999908,18.95999908,12.40999985,0.660000026,1023.200012,4.949999809,7.019999981,188,0,1620990720,1621041664,0.100000001,,,0,,0.819999993,16093,4,356,,,,,,,,,,,,,,,,,,
5297792532,"May 14, 2021, 8:44:50 PM",Afternoon Walk,Walk,Shooters ,6893,1.21,,,FALSE,,,activities/5297792532.gpx,,,6893,1387,1211.800049,4.300000191,0.873684227,0,-0.400000006,290.1000061,292.1000061,1.600000024,0.033008747,,,,,,,,,145.2025146,,,,,,,,,3,,,,,0,11,0,,1,,1621022464,2,21.97999954,21.97999954,12.67000008,0.560000002,1021.400024,5.260000229,7.309999943,183,0,1620990720,1621041664,0.100000001,,,0,,0.449999988,16093,6,352.1000061,,,,,,,,,,,,,,,,,,
5300891541,"May 15, 2021, 12:45:57 PM",Morning Walk,Walk,Walk with the puppy to Raider Express ,2374,1.29,,,FALSE,,,activities/5300891541.gpx,,,2374,1478,1295.699951,3.200000048,0.876657665,0,0,290.5,292.1000061,2.900000095,0,,,,,,,,,155.255722,,,,,,,,,3,,,,,0,12,0,,1,,1621080064,5,12.75,12.75,9.56000042,0.810000002,1019.700012,4.739999771,11.26000023,185,3.378799915,1621077120,1621128064,0.129999995,,,1,5,0.99000001,16093,0,340.6000061,,,,,,,,,,,,,,,,,,
5307181648,"May 16, 2021, 12:59:46 PM",Morning Walk,Walk,Walk with the puppy to Raider Express ,3057,1.48,,,FALSE,,,activities/5307181648.gpx,,,3057,1703,1482.199951,4.199999809,0.870346427,0,0,290.5,292.2000122,4.800000191,0,,,,,,,,,177.6028748,,,,,,,,,3,,,,,0,14,0,,1,,1621166336,2,15.18000031,15.21000004,14.18000031,0.939999998,1016.900024,2.480000019,5.199999809,132,0,1621163392,1621214592,0.159999996,,,0,,0.819999993,14802,0,331.8999939,,,,,,,,,,,,,,,,,,
5312872763,"May 17, 2021, 12:46:33 PM",Morning Walk,Walk,Shooters,13769,1.38,,,FALSE,,,activities/5312872763.gpx,,,13769,1408,1380.699951,9.5,0.980610788,0,0,290.5,292.1000061,1.600000024,0,,,,,,,,,165.4407501,,,,,,,,,3,,,,,0,11,0,,1,,1621252864,3,16.70999908,17.21999931,16.70999908,1,1011,1.669999957,4.659999847,127,0,1621249792,1621300992,0.189999998,,,0,,1,11021,0,332.7000122,,,,,,,,,,,,,,,,,,
5314867850,"May 17, 2021, 9:01:32 PM",Afternoon Commute,Ride,Shooters ,9319,1.2,,,TRUE,,,activities/5314867850.gpx,,,9319,576,1201.599976,8.300000191,2.086111069,0,0,290.5,292.1000061,1.200000048,0,,,,,,,,65.06481171,41.78722763,,,,,,,,,5,,,,,0,10,1,,1,,1621285248,3,21.62000084,22.06999969,19.03000069,0.850000024,1010,2.5,2.930000067,258,0,1621249792,1621300992,0.189999998,,,0,,0.899999976,16093,4,328.2999878,,,,,,,,,,,,,,,,,,
5317333879,"May 18, 2021, 12:23:20 PM",Morning Walk,Walk,Walk with the puppy to Raider Express ,2729,1.51,,,FALSE,,,activities/5317333879.gpx,,,2729,1697,1514.900024,6.199999809,0.892692983,0,-0.100000001,290.3999939,292.2999878,4.099999905,0.006601096,,,,,,,,,181.5211029,,,,,,,,,3,,,,,0,14,0,,1,,1621339136,3,16.92000008,17.37999916,16.92000008,1,1011.900024,1.409999967,2.849999905,109,0,1621336064,1621387520,0.230000004,,,0,,0.920000017,12089,0,322.6000061,,,,,,,,,,,,,,,,,,
5318105422,"May 18, 2021, 1:24:42 PM",Morning Commute,Ride,Shooters ,8970,1.07,,,TRUE,,,activities/5318105422.gpx,,,8970,514,1072.5,3.799999952,2.086575985,0,-0.100000001,290.3999939,292.1000061,1.799999952,0.00932401,,,,,,,,92.71858215,53.13794327,,,,,,,,,5,,,,,0,9,1,,1,,1621342848,2,17.82999992,18.39999962,17.82999992,1,1012.299988,1.350000024,2.140000105,120,0,1621336064,1621387520,0.230000004,,,0,,0.639999986,14911,1,323.2999878,,,,,,,,,,,,,,,,,,
5320312493,"May 18, 2021, 8:21:10 PM",Afternoon Commute,Ride,Shooters ,6994,1.18,,,TRUE,,,activities/5320312493.gpx,,,6994,591,1184.300049,8.399999619,2.003891706,0,0,290.5,292.1000061,1.600000024,0,,,,,,,,81.83669281,53.92751312,,,,,,,,,5,,,,,0,10,1,,1,,1621368064,2,25.10000038,25.55999947,19.79999924,0.720000029,1011.200012,3.349999905,5.53000021,162,0,1621336064,1621387520,0.230000004,,,0,,0.75999999,16093,5,319.5,,,,,,,,,,,,,,,,,,
5322973967,"May 19, 2021, 12:07:47 PM",Morning Walk,Walk,Walk with the puppy to Raider Express ,2695,1.47,,,FALSE,,,activities/5322973967.gpx,,,2695,1765,1471.199951,5.400000095,0.833541095,0,0,290.5,292.2000122,4.199999809,0,,,,,,,,,176.2848053,,,,,,,,,3,,,,,0,14,0,,1,,1621425664,3,17.12000084,17.57999992,17.12000084,1,1014.299988,2.630000114,8.159999847,148,0,1621422464,1621473920,0.25999999,,,0,,0.939999998,15462,0,309.7000122,,,,,,,,,,,,,,,,,,
5323704787,"May 19, 2021, 1:34:45 PM",Morning Commute,Ride,Shooters ,7006,1.04,,,TRUE,,,activities/5323704787.gpx,,,7006,503,1045.800049,3.400000095,2.079125166,0,0,290.5,292.1000061,2.700000048,0,,,,,,,,77.40664673,43.41313171,,,,,,,,,5,,,,,0,9,1,,1,,1621429248,3,18.09000015,18.46999931,17.52000046,0.959999979,1014.799988,3.359999895,10.27000046,153,0,1621422464,1621473920,0.25999999,,,0,,0.99000001,16093,1,309.3999939,,,,,,,,,,,,,,,,,,
5326295074,"May 19, 2021, 9:16:49 PM",Evening Walk,Walk,Shooters ,9475,1.24,,,FALSE,,,activities/5326295074.gpx,,,9475,1373,1243.400024,9,0.905608177,0,0,290.5,292.1000061,1.700000048,0,,,,,,,,,148.9889374,,,,,,,,,3,,,,,0,11,0,,1,,1621458048,3,21.78000069,22.43000031,20.55999947,0.930000007,1012.599976,5.179999828,7.170000076,117,0,1621422464,1621473920,0.25999999,,,0,,0.980000019,16093,4,307.3999939,,,,,,,,,,,,,,,,,,
5328617346,"May 20, 2021, 12:25:18 PM",Morning Walk,Walk,Walk with the puppy to Raider Express ,2933,1.48,,,FALSE,,,activities/5328617346.gpx,,,2933,1777,1487.099976,3,0.836859882,0,0,290.5,292.3999939,4.099999905,0,,,,,,,,,178.1900024,,,,,,,,,3,,,,,0,14,0,,1,,1621511936,3,19.01000023,19.51000023,18.54000092,0.970000029,1015.700012,4,10.43000031,146,0,1621508864,1621560448,0.289999992,,,0,,0.980000019,16093,0,305.1000061,,,,,,,,,,,,,,,,,,
5333731210,"May 21, 2021, 12:29:52 PM",Morning Walk,Walk,Walk with the puppy to Raider Express ,2567,1.42,,,FALSE,,,activities/5333731210.gpx,,,2567,1584,1427,2.599999905,0.900883853,0,0,290.5,292.2000122,4.300000191,0,,,,,,,,,170.9886017,,,,,,,,,3,,,,,0,13,0,,1,,1621598464,3,19.67000008,20.15999985,18.75,0.939999998,1019.799988,5.170000076,13.27000046,159,0,1621595136,1621646848,0.330000013,,,0,,1,16093,0,304.1000061,,,,,,,,,,,,,,,,,,
5334292047,"May 21, 2021, 1:33:19 PM",Morning Commute,Ride,Shooters ,6754,1.03,,,TRUE,,,activities/5334292047.gpx,,,6754,479,1036.300049,3.599999905,2.1634655,0,0,290.5,292.1000061,3,0,,,,,,,,59.38498688,31.71663094,,,,,,,,,5,,,,,0,8,1,,1,,1621602048,2,19.72999954,20.20000076,18.70000076,0.939999998,1020.700012,5.300000191,12.53999996,162,0,1621595136,1621646848,0.330000013,,,0,,0.850000024,16093,1,305.1000061,,,,,,,,,,,,,,,,,,
5338788872,"May 22, 2021, 12:28:27 PM",Morning Walk,Walk,Walk with the puppy to Raider Express ,2508,1.29,,,FALSE,,,activities/5338788872.gpx,,,2508,1470,1295,2.700000048,0.880952358,0,0,290.5,292.1000061,2.5,0,,,,,,,,,155.1718445,,,,,,,,,3,,,,,0,12,0,,1,,1621684736,3,19.45000076,20.09000015,19.45000076,1,1024.599976,3.420000076,10.43999958,164,0,1621681536,1621733248,0.370000005,,,0,,1,14718,0,293.8999939,,,,,,,,,,,,,,,,,,
5340297135,"May 22, 2021, 1:43:06 PM",Morning Commute,Walk,Shooters ,12359,1.13,,,FALSE,,,activities/5340297135.gpx,,,12359,1209,1135.300049,4.699999809,0.939040542,0,0,290.5,292.1000061,1.600000024,0,,,,,,,,,136.0359802,,,,,,,,,3,,,,,0,10,0,,1,,1621688448,5,19.37999916,20.09000015,19.37999916,1,1025.199951,4.519999981,10.23999977,170,0.648400009,1621681536,1621733248,0.370000005,,,1,5,1,12839,1,293.3999939,,,,,,,,,,,,,,,,,,
5345180497,"May 23, 2021, 1:00:06 PM",Morning Walk,Walk,Walk with the puppy to Raider Express ,4444,1.44,,,FALSE,,,activities/5345180497.gpx,,,4444,1760,1446.900024,2.599999905,0.822102249,0,0,290.5,292.2000122,4.400000095,0,,,,,,,,,173.3730927,,,,,,,,,3,,,,,0,14,0,,1,,1621774848,2,18.52000046,19.11000061,18.52000046,1,1023,1.580000043,3.599999905,151,0,1621767936,1621819776,0.409999996,,,0,,0.810000002,16093,1,289.5,,,,,,,,,,,,,,,,,,
5349913785,"May 24, 2021, 12:20:57 PM",Morning Walk,Walk,Walk with the puppy to Raider Express ,2502,1.32,,,FALSE,,,activities/5349913785.gpx,,,2502,1602,1328.300049,6.599999905,0.829151034,0,0,290.5,292.1000061,2.400000095,0,,,,,,,,,159.1619873,,,,,,,,,3,,,,,0,13,0,,1,,1621857536,2,18.27000046,18.89999962,18.27000046,1,1020.299988,1.809999943,4.670000076,152,0,1621854208,1621906176,0.449999988,,,0,,0.689999998,15206,0,294.7999878,,,,,,,,,,,,,,,,,,
5350599957,"May 24, 2021, 1:38:47 PM",Morning Commute,Ride,Shooters ,6534,1.07,,,TRUE,,,activities/5350599957.gpx,,,6534,562,1075.300049,4,1.913345218,0,0,290.5,292.1000061,1.399999976,0,,,,,,,,71.05714417,44.52653885,,,,,,,,,5,,,,,0,10,1,,1,,1621861248,2,19.26000023,19.98999977,19.26000023,1,1020.700012,2.069999933,5.619999886,178,0,1621854208,1621906176,0.449999988,,,0,,0.639999986,16093,1,297,,,,,,,,,,,,,,,,,,
5353040033,"May 24, 2021, 9:10:59 PM",Afternoon Commute,Ride,Shooters ,10854,1.1,,,TRUE,,,activities/5353040033.gpx,,,10854,593,1105.5,4.099999905,1.864249587,0,0,290.5,292.1000061,2.799999952,0,,,,,,,,83.9950943,55.53713989,,,,,,,,,5,,,,,0,10,1,,1,,1621890048,2,23.78000069,24.35000038,20.46999931,0.819999993,1017.5,5.550000191,8.090000153,198,0,1621854208,1621906176,0.449999988,,,0,,0.850000024,16093,4,298.6000061,,,,,,,,,,,,,,,,,,
5355308059,"May 25, 2021, 12:31:36 PM",Morning Walk,Walk,Walk with the puppy to Raider Express ,2735,1.26,,,FALSE,,,activities/5355308059.gpx,,,2735,1546,1268.900024,2.400000095,0.82076323,0,-0.100000001,290.3999939,292.1000061,2.700000048,0.007880841,,,,,,,,,152.0444489,,,,,,,,,3,,,,,0,12,0,,1,,1621944064,3,19.28000069,19.62000084,17.61000061,0.899999976,1016.599976,3.849999905,9.979999542,176,0,1621940608,1621992704,0.479999989,,,0,,0.949999988,16093,0,303.2999878,,,,,,,,,,,,,,,,,,
5355824173,"May 25, 2021, 1:40:50 PM",Morning Commute,Ride,Shooters ,5792,1.03,,,TRUE,,,activities/5355824173.gpx,,,5792,509,1032.800049,3.799999952,2.029076576,0,0,290.5,292.1000061,1.799999952,0,,,,,,,,89.05162811,50.53991699,,,,,,,,,5,,,,,0,9,1,,1,,1621947648,3,19.61000061,20.02000046,18.23999977,0.920000017,1016.5,4.78000021,9.460000038,177,0,1621940608,1621992704,0.479999989,,,0,,0.949999988,16093,1,306,,,,,,,,,,,,,,,,,,
5358076389,"May 25, 2021, 8:41:46 PM",Afternoon Commute,Ride,Shooters ,5668,1.16,,,TRUE,,,activities/5358076389.gpx,,,5668,549,1166.5,7.5,2.12477231,0,0,290.5,292.1000061,1.5,0,,,,,,,,72.18321991,44.18587875,,,,,,,,,5,,,,,0,9,1,,1,,1621972736,3,23.11000061,23.94000053,22.12999916,0.939999998,1014.700012,5.46999979,7.829999924,194,0,1621940608,1621992704,0.479999989,,,0,,0.959999979,16093,4,308.5,,,,,,,,,,,,,,,,,,
5360950750,"May 26, 2021, 12:34:07 PM",Morning Walk,Walk,Walk with the puppy to Raider Express ,2662,1.42,,,FALSE,,,activities/5360950750.gpx,,,2662,1718,1426.900024,2.200000048,0.830558777,0,0,290.5,292.2000122,5.699999809,0,,,,,,,,,170.9766083,,,,,,,,,3,,,,,0,14,0,,1,,1622030336,2,18.10000038,18.56999969,18.09000015,1,1018.099976,2.799999952,6.889999866,229,0,1622027008,1622079104,0.519999981,,,0,,0.790000021,9250,0,323.6000061,,,,,,,,,,,,,,,,,,
5361608199,"May 26, 2021, 2:05:21 PM",Morning Commute,Ride,Shooters ,5873,1.04,,,TRUE,,,activities/5361608199.gpx,,,5873,480,1040.800049,4,2.168333292,0,0,290.5,292.1000061,1.299999952,0,,,,,,,,72.73332977,38.92687988,,,,,,,,,5,,,,,0,8,1,,1,,1622037632,2,20.34000015,21,20.09000015,0.980000019,1019,3.029999971,5.510000229,236,0,1622027008,1622079104,0.519999981,,,0,,0.850000024,14881,2,322.7999878,,,,,,,,,,,,,,,,,,
5364015534,"May 26, 2021, 8:47:36 PM",Afternoon Commute,Ride,Shooters ,11167,1.09,,,TRUE,,,activities/5364015534.gpx,,,11167,540,1098.400024,3.900000095,2.034074068,0,0,290.5,292.1000061,1.5,0,,,,,,,,80.98721313,48.76240158,,,,,,,,,5,,,,,0,9,1,,1,,1622059264,2,27.93000031,30.87000084,22.54999924,0.730000019,1018.299988,1.929999948,2.180000067,166,0,1622027008,1622079104,0.519999981,,,0,,0.610000014,16093,6,317.5,,,,,,,,,,,,,,,,,,
5367057973,"May 27, 2021, 1:14:27 PM",Morning Walk,Walk,Shooters ,9398,1.23,,,FALSE,,,activities/5367057973.gpx,,,9398,1412,1238.699951,3.599999905,0.877266288,0,-0.100000001,290.3999939,292.1000061,1.600000024,0.00807298,,,,,,,,,148.425766,,,,,,,,,3,,,,,0,11,0,,1,,1622120448,2,21.15999985,21.72999954,19.75,0.920000017,1013.400024,5.199999809,10.43000031,165,0,1622113408,1622165504,0.560000002,,,0,,0.709999979,16093,1,308.3999939,,,,,,,,,,,,,,,,,,
5371674915,"May 28, 2021, 12:32:16 PM",Morning Walk,Walk,Walk with the puppy to Raider Express ,2458,1.4,,,FALSE,,,activities/5371674915.gpx,,,2458,1564,1399.800049,5.199999809,0.895012796,0,0,290.5,292.1000061,1.600000024,0,,,,,,,,,167.7293854,,,,,,,,,3,,,,,0,13,0,,1,,1622203136,2,12.76000023,12.76000023,11.59000015,0.930000007,1016.700012,5.119999886,10.75,344,0,1622199680,1622252032,0.600000024,,,0,,0.670000017,16093,0,315.2999878,,,,,,,,,,,,,,,,,,
5372387286,"May 28, 2021, 1:57:14 PM",Morning Commute,Ride,Shooters ,6101,1.06,,,TRUE,,,activities/5372387286.gpx,,,6101,529,1063.300049,6.099999905,2.010018826,0,0,290.5,292.1000061,2,0,,,,,,,,84.51522827,49.85004044,,,,,,,,,5,,,,,0,9,1,,1,,1622206848,2,13.85000038,13.85000038,11.98999977,0.889999986,1017,5.230000019,10.84000015,351,0,1622199680,1622252032,0.600000024,,,0,,0.519999981,16093,1,319.2999878,,,,,,,,,,,,,,,,,,
5374100713,"May 28, 2021, 8:37:41 PM",Afternoon Commute,Ride,Shooters ,8361,1.2,,,TRUE,,,activities/5374100713.gpx,,,8361,554,1204,10.69999981,2.173285246,0,0,290.5,292.1000061,1.600000024,0,,,,,,,,67.29906464,41.57130432,,,,,,,,,5,,,,,0,10,1,,1,,1622232064,2,16.20999908,16.20999908,11.09000015,0.720000029,1018.799988,5.409999847,7.639999866,348,0,1622199680,1622252032,0.600000024,,,0,,0.790000021,16093,5,328.6000061,,,,,,,,,,,,,,,,,,
5377181863,"May 29, 2021, 12:39:04 PM",Morning Walk,Walk,Walk with the puppy to Raider Express ,3130,1.29,,,FALSE,,,activities/5377181863.gpx,,,3130,1494,1296.5,3.599999905,0.867804527,0,0,290.5,292.1000061,3.200000048,0,,,,,,,,,155.351593,,,,,,,,,3,,,,,0,12,0,,1,,1622289664,2,9.569999695,7.409999847,7.610000134,0.879999995,1021.099976,4.130000114,7.71999979,37,0,1622286080,1622338432,0.639999986,,,0,,0.74000001,16093,0,333.1000061,,,,,,,,,,,,,,,,,,
5378339531,"May 29, 2021, 4:22:15 PM",Morning Commute,Ride,Shooters ,288,0.71,,,TRUE,,,activities/5378339531.gpx,,,288,281,712.9000244,9.899999619,2.53701067,0,1.399999976,290.5,292.1000061,2.200000048,-0.196380973,,,,,,,,76.00930023,23.81485367,,,,,,,,,5,,,,,0,5,1,,1,,1622304000,2,12.23999977,12.23999977,8.590000153,0.779999971,1022.099976,3.970000029,5.590000153,54,0,1622286080,1622338432,0.639999986,,,0,,0.829999983,16093,4,335.2999878,,,,,,,,,,,,,,,,,,
5388554327,"May 31, 2021, 12:25:29 PM",Morning Walk,Walk,Walk with the puppy to Raider Express ,2903,1.46,,,FALSE,,,activities/5388554327.gpx,,,2903,1746,1461,6.5,0.83676976,0,0,290.5,292.2000122,4.599999905,0,,,,,,,,,175.0626068,,,,,,,,,3,,,,,0,14,0,,1,,1622462464,2,13.01000023,13.01000023,10.10000038,0.819999993,1022.799988,2.230000019,6.079999924,155,0,1622458880,1622511360,0.709999979,,,0,,0.709999979,16093,0,335.2000122,,,,,,,,,,,,,,,,,,
5394267767,"Jun 1, 2021, 12:23:43 PM",Morning Walk,Walk,Walk with the puppy to Raider Express ,2586,1.36,,,FALSE,,,activities/5394267767.gpx,,,2586,1586,1362.099976,9.100000381,0.858827233,0,0,290.5,292.1000061,1.600000024,0,,,,,,,,,163.2120361,,,,,,,,,3,,,,,0,13,0,,1,,1622548736,2,14.48999977,14.52000046,13.97000027,0.970000029,1020,3.619999886,8.430000305,54,0,1622545280,1622597760,0.74000001,,,0,,0.860000014,16093,0,349.3999939,,,,,,,,,,,,,,,,,,
5394965040,"Jun 1, 2021, 1:48:10 PM",Morning Commute,Ride,Shooters ,6340,1,,,TRUE,,,activities/5394965040.gpx,,,6340,537,1003.700012,3.400000095,1.869087577,0,0,290.5,292.1000061,1.799999952,0,,,,,,,,75.28871155,45.07949448,,,,,,,,,5,,,,,0,9,1,,1,,1622552448,2,15.02000046,15.02999973,14.01000023,0.939999998,1020.5,3.99000001,8.5,66,0,1622545280,1622597760,0.74000001,,,0,,0.790000021,16093,1,348.1000061,,,,,,,,,,,,,,,,,,
5397331776,"Jun 1, 2021, 8:10:37 PM",Afternoon Commute,Ride,Shooters ,7434,1.12,,,TRUE,,,activities/5397331776.gpx,,,7434,563,1120.199951,3.900000095,1.989698052,0,-0.100000001,290.3999939,292.1000061,1.5,0.008926977,,,,,,,,83.03704071,52.12608337,,,,,,,,,5,,,,,0,10,1,,1,,1622577664,3,18.44000053,18.47999954,15.30000019,0.819999993,1018.200012,4.03000021,5.340000153,80,0,1622545280,1622597760,0.74000001,,,0,,0.980000019,16093,4,347.8999939,,,,,,,,,,,,,,,,,,
5400480255,"Jun 2, 2021, 12:35:57 PM",Morning Walk,Walk,Walk with the puppy to Raider Express ,3005,1.51,,,FALSE,,,activities/5400480255.gpx,,,3005,1833,1517.599976,8.800000191,0.827932358,0,-0.100000001,290.3999939,292.2999878,4.199999809,0.006589352,,,,,,,,,181.844635,,,,,,,,,3,,,,,0,15,0,,1,,1622635264,3,14.18000031,14.22999954,13.97000027,0.99000001,1015.400024,2.420000076,4.449999809,4,0,1622631552,1622684160,0.769999981,,,0,,0.910000026,12885,0,368.2999878,,,,,,,,,,,,,,,,,,
5401144424,"Jun 2, 2021, 2:09:50 PM",Morning Commute,Ride,Shooters ,5345,1.09,,,TRUE,,,activities/5401144424.gpx,,,5345,521,1094.099976,5.699999809,2.099999905,0,0,290.5,292.1000061,1.299999952,0,,,,,,,,78.10276031,45.37106323,,,,,,,,,5,,,,,0,9,1,,1,,1622642432,3,16.54999924,16.57999992,14.65999985,0.889999986,1015.900024,2.650000095,5.75,13,0,1622631552,1622684160,0.769999981,,,0,,0.879999995,16093,2,366.2999878,,,,,,,,,,,,,,,,,,
5406233395,"Jun 3, 2021, 12:27:45 PM",Morning Walk,Walk,Walk with the puppy ,2067,1.54,,,FALSE,,,activities/5406233395.gpx,,,2067,1941,1548.099976,2.599999905,0.797578573,0,0,290.3999939,291.7000122,3,0,,,,,,,,,185.4992523,,,,,,,,,3,,,,,0,16,0,,1,,1622721536,2,12.51000023,12.51000023,12.51000023,1,1015.799988,0.930000007,1.899999976,231,0,1622717952,1622770560,0.810000002,,,0,,0.409999996,13620,0,364.5,,,,,,,,,,,,,,,,,,
5406995317,"Jun 3, 2021, 1:53:39 PM",Morning Commute,Ride,Shooters ,5511,1.05,,,TRUE,,,activities/5406995317.gpx,,,5511,557,1049.300049,3.599999905,1.883841991,0,-0.100000001,290.3999939,292.1000061,2.099999905,0.009530163,,,,,,,,87.35925293,54.25489807,,,,,,,,,5,,,,,0,10,1,,1,,1622725248,1,15.72999954,15.76000023,14.44999981,0.920000017,1016.299988,1.149999976,2.230000019,234,0,1622717952,1622770560,0.810000002,,,0,,0.239999995,16093,1,363.1000061,,,,,,,,,,,,,,,,,,
5407835604,"Jun 3, 2021, 5:25:28 PM",Lunch Commute,Ride,Palluccas ,620,1.05,,,TRUE,,,activities/5407835604.gpx,,,620,466,1050.300049,9.600000381,2.253862619,0,0,290.2999878,292.1000061,1.5,0,,,,,,,,64.1257019,33.31907272,,,,,,,,,5,,,,,0,8,1,,1,,1622739584,1,23.88999939,23.93000031,15.97000027,0.610000014,1016.299988,1.360000014,3.400000095,271,0,1622717952,1622770560,0.810000002,,,0,,0.310000002,16093,7,356,,,,,,,,,,,,,,,,,,
5409295550,"Jun 3, 2021, 8:11:57 PM",Afternoon Commute,Ride,Shooters ,9318,1.12,,,TRUE,,,activities/5409295550.gpx,,,9318,588,1128,6.400000095,1.918367386,0,0,290.5,292.1000061,1.700000048,0,,,,,,,,69.11777496,45.31499481,,,,,,,,,5,,,,,0,10,1,,1,,1622750464,2,25.81999969,25.81999969,15.07999992,0.519999981,1015.200012,1.340000033,3.279999971,225,0,1622717952,1622770560,0.810000002,,,0,,0.50999999,16093,6,351,,,,,,,,,,,,,,,,,,
5411878132,"Jun 4, 2021, 12:39:48 PM",Morning Walk,Walk,Walk with the puppy to Raider Express ,2904,1.51,,,FALSE,,,activities/5411878132.gpx,,,2904,1957,1514.5,4.800000191,0.773888588,0,0,290.5,292.2000122,4.199999809,0,,,,,,,,,181.473175,,,,,,,,,3,,,,,0,16,0,,1,,1622808064,1,15.81000042,15.81000042,13.97999954,0.889999986,1016.099976,1.820000052,3.50999999,165,0,1622804352,1622857088,0.839999974,,,0,,0.100000001,16093,0,343.3999939,,,,,,,,,,,,,,,,,,
5412481461,"Jun 4, 2021, 1:58:58 PM",Morning Commute,Ride,Shooters ,5340,1.07,,,TRUE,,,activities/5412481461.gpx,,,5340,542,1073.599976,3.799999952,1.980811834,0,0,290.5,292.1000061,1.5,0,,,,,,,,72.78651428,43.98707581,,,,,,,,,5,,,,,0,9,1,,1,,1622811648,2,18.11000061,18.19000053,15.52000046,0.850000024,1017.099976,2.589999914,3.970000029,180,0,1622804352,1622857088,0.839999974,,,0,,0.460000008,16093,1,341.2999878,,,,,,,,,,,,,,,,,,
5414370836,"Jun 4, 2021, 9:21:29 PM",Afternoon Commute,Ride,Shooters ,7452,1.13,,,TRUE,,,activities/5414370836.gpx,,,7452,583,1136.599976,5.699999809,1.949571133,0,0,290.5,292.1000061,1.899999976,0,,,,,,,,92.83769989,60.34867859,,,,,,,,,5,,,,,0,10,1,,1,,1622840448,2,27.29999924,28.30999947,18.34000015,0.579999983,1013.599976,4.389999866,6.300000191,197,0,1622804352,1622857088,0.839999974,,,0,,0.389999986,16093,5,341.3999939,,,,,,,,,,,,,,,,,,
5417351576,"Jun 5, 2021, 12:23:50 PM",Morning Walk,Walk,Walk with the puppy to Raider Express ,2877,1.36,,,FALSE,,,activities/5417351576.gpx,,,2877,1655,1363,3.299999952,0.823564947,0,0,290.5,292.1000061,1.700000048,0,,,,,,,,,163.31987,,,,,,,,,3,,,,,0,13,0,,1,,1622894336,1,17.31999969,17.44000053,15.57999992,0.899999976,1014.599976,2.799999952,6.659999847,184,0,1622890752,1622943488,0.870000005,,,0,,0.079999998,16093,0,342.2000122,,,,,,,,,,,,,,,,,,
5418045848,"Jun 5, 2021, 1:27:31 PM",Morning Commute,Ride,Shooters ,5179,1.15,,,TRUE,,,activities/5418045848.gpx,,,5179,675,1153,3.599999905,1.708148122,0,0,290.5,292.1000061,2.900000095,0,,,,,,,,75.49087524,56.81631851,,,,,,,,,5,,,,,0,12,1,,1,,1622898048,1,18.84000015,19.06999969,16.73999977,0.879999995,1014.200012,3.410000086,6.559999943,189,0,1622890752,1622943488,0.870000005,,,0,,0.209999993,16093,1,342.8999939,,,,,,,,,,,,,,,,,,
5420304134,"Jun 5, 2021, 8:40:47 PM",Afternoon Commute,Ride,Shooters ,9191,1.05,,,TRUE,,,activities/5420304134.gpx,,,9191,572,1054.400024,5.099999905,1.843356609,0,0,290.5,292.1000061,3.599999905,0,,,,,,,,76.01891327,48.48334122,,,,,,,,,5,,,,,0,10,1,,1,,1622923264,2,26.85000038,27.81999969,18.12000084,0.589999974,1012,3.789999962,5.420000076,174,0,1622890752,1622943488,0.870000005,,,0,,0.569999993,16093,6,333.2999878,,,,,,,,,,,,,,,,,,
5423579568,"Jun 6, 2021, 11:55:48 AM",Morning Walk,Walk,Walk with the puppy to Raider Express ,3417,1.46,,,FALSE,,,activities/5423579568.gpx,,,3417,1751,1467.099976,7.400000095,0.837864101,0,0,290.5,292.1000061,2.200000048,0,,,,,,,,,175.7935333,,,,,,,,,3,,,,,0,14,0,,1,,1622977152,2,18.84000015,19.44000053,18.84000015,1,1011.400024,3.170000076,8.149999619,151,0,1622977152,1623029888,0.899999976,,,0,,0.680000007,16093,0,342.5,,,,,,,,,,,,,,,,,,
5429074356,"Jun 7, 2021, 12:27:24 PM",Morning Walk,Walk,Walk with the puppy ,2413,1.53,,,FALSE,,,activities/5429074356.gpx,,,2413,1897,1538.099976,3.200000048,0.810806513,0,0,290.3999939,291.7999878,3,0,,,,,,,,,184.3010254,,,,,,,,,3,,,,,0,15,0,,1,,1623067136,2,18.40999985,18.98999977,18.40999985,1,1011.200012,1.940000057,4.989999771,145,0,1623063552,1623116288,0.930000007,,,0,,0.349999994,16093,0,332.2999878,,,,,,,,,,,,,,,,,,
5431613466,"Jun 7, 2021, 8:43:36 PM",Afternoon Commute,Ride,Raider Express ,2376,1.21,,,TRUE,,,activities/5431613466.gpx,,,2376,560,1212.800049,6.699999809,2.165714264,0,-0.100000001,290.3999939,292.1000061,5,0.008245382,,,,,,,,76.13238525,47.5370636,,,,,,,,,5,,,,,0,10,1,,1,,1623096064,2,25.12000084,25.85000038,22.03000069,0.829999983,1009.799988,2.579999924,4.920000076,182,0,1623063552,1623116288,0.930000007,,,0,,0.75999999,16093,5,332.3999939,,,,,,,,,,,,,,,,,,
5434668905,"Jun 8, 2021, 12:35:49 PM",Morning Walk,Walk,Walk with the puppy ,1079,0.78,,,FALSE,,,activities/5434668905.gpx,,,1079,931,781.7000122,1.799999952,0.839634776,0,-1.5,290.5,292.1000061,4.800000191,0.191889465,,,,,,,,,93.66628265,,,,,,,,,3,,,,,0,7,0,,1,,1623153664,2,19.85000038,20.65999985,19.85000038,1,1012.799988,1.610000014,2.349999905,140,0,1623149952,1623202816,0.959999979,,,0,,0.560000002,16093,0,324.1000061,,,,,,,,,,,,,,,,,,
5440535383,"Jun 9, 2021, 12:38:36 PM",Morning Walk,Walk,Walk with the puppy ,2047,1.6,,,FALSE,,,activities/5440535383.gpx,,,2047,1904,1601.599976,6.099999905,0.84117645,0,-0.100000001,290.3999939,291.7000122,4.699999809,0.006243756,,,,,,,,,191.9098358,,,,,,,,,3,,,,,0,15,0,,1,,1623239936,2,20.86000061,21.55999947,20.52000046,0.980000019,1014.700012,1.100000024,1.970000029,153,0,1623236352,1623289216,0.99000001,,,0,,0.560000002,11260,0,314.7999878,,,,,,,,,,,,,,,,,,
5443354687,"Jun 9, 2021, 6:19:25 PM",Afternoon Commute,Ride,Shooters ,13623,1.17,,,TRUE,,,activities/5443354687.gpx,,,13623,570,1173.699951,6,2.059122801,0,0,290.5,292.1000061,2,0,,,,,,,,78.42892456,49.84550095,,,,,,,,,5,,,,,0,10,1,,1,,1623261568,2,29.56999969,33.5,22.95000076,0.680000007,1014.799988,2.029999971,2.029999971,119,0,1623236352,1623289216,0.99000001,,,0,,0.5,16093,7,316.2000122,,,,,,,,,,,,,,,,,,
5446190530,"Jun 10, 2021, 12:20:11 PM",Morning Walk,Walk,Walk with the puppy to Raider Express ,2566,1.31,,,FALSE,,,activities/5446190530.gpx,,,2566,1583,1313,4.5,0.829437792,0,0,290.5,292.1000061,1.600000024,0,,,,,,,,,157.3286743,,,,,,,,,3,,,,,0,13,0,,1,,1623326464,1,21.29000092,22.12999916,21.29000092,1,1013.700012,1.100000024,2.779999971,132,0,1623322752,1623375616,0.02,,,0,,0.129999995,16093,0,318.1000061,,,,,,,,,,,,,,,,,,
5446932492,"Jun 10, 2021, 1:57:38 PM",Morning Commute,Ride,Shooters ,7010,1.21,,,TRUE,,,activities/5446932492.gpx,,,7010,593,1218.300049,7.400000095,2.05446887,0,0,290.5,292.1000061,1.899999976,0,,,,,,,,70.94680786,46.9096756,,,,,,,,,5,,,,,0,10,1,,1,,1623330048,1,23.51000023,24.40999985,22.78000069,0.959999979,1013.799988,1.100000024,2.410000086,133,0,1623322752,1623375616,0.02,,,0,,0.129999995,16093,1,317.6000061,,,,,,,,,,,,,,,,,,
5448969605,"Jun 10, 2021, 8:09:32 PM",Afternoon Commute,Ride,Shooters ,8389,1.26,,,TRUE,,,activities/5448969605.gpx,,,8389,571,1263.800049,10,2.213310003,0,0,290.5,292.1000061,1.5,0,,,,,,,,69.54955292,44.27976227,,,,,,,,,5,,,,,0,10,1,,1,,1623355136,2,31.87999916,36.31000137,22.69000053,0.579999983,1010.5,1.379999995,2.160000086,135,0,1623322752,1623375616,0.02,,,0,,0.389999986,16093,7,309.3999939,,,,,,,,,,,,,,,,,,
5451372021,"Jun 11, 2021, 12:07:17 PM",Morning Walk,Walk,Walk with the puppy ,1082,0.57,,,FALSE,,,activities/5451372021.gpx,,,1082,658,571.0999756,9.699999809,0.867933154,0,0,290.5,291.6000061,1.600000024,0,,,,,,,,,68.43138123,,,,,,,,,3,,,,,0,5,0,,1,,1623412736,1,23.34000015,24.19000053,22.39999962,0.939999998,1009.700012,2.779999971,6.199999809,186,0,1623409152,1623462016,0.050000001,,,0,,0.109999999,16093,0,300.2000122,,,,,,,,,,,,,,,,,,
5452422252,"Jun 11, 2021, 1:14:45 PM",Morning Commute,Ride,Shooters ,10775,1.27,,,TRUE,,,activities/5452422252.gpx,,,10775,635,1271.300049,6.300000191,2.0020473,0,0,290.5,292.1000061,2.200000048,0,,,,,,,,78.83476257,55.81698227,,,,,,,,,5,,,,,0,11,1,,1,,1623416448,1,25.19000053,26.13999939,23.61000061,0.910000026,1009.599976,3.579999924,6.610000134,187,0,1623409152,1623462016,0.050000001,,,0,,0.059999999,16093,1,299.2000122,,,,,,,,,,,,,,,,,,
5453860314,"Jun 11, 2021, 8:53:20 PM",Afternoon Commute,Ride,Shooters ,6252,1.15,,,TRUE,,,activities/5453860314.gpx,,,6252,624,1152.099976,4.099999905,1.846314073,0,0,290.5,292.1000061,1.5,0,,,,,,,,86.48729706,60.17440414,,,,,,,,,5,,,,,0,11,1,,1,,1623441664,2,32.49000168,40.00999832,25.09000015,0.649999976,1008.200012,4.71999979,5.909999847,170,0,1623409152,1623462016,0.050000001,,,0,,0.430000007,16093,7,303.1000061,,,,,,,,,,,,,,,,,,
5456887677,"Jun 12, 2021, 12:38:04 PM",Morning Walk,Walk,Walk with the puppy ,1598,1.09,,,FALSE,,,activities/5456887677.gpx,,,1598,1351,1097.5,2,0.81236124,0,0,290.3999939,291.7000122,2.900000095,0,,,,,,,,,131.5066376,,,,,,,,,3,,,,,0,11,0,,1,,1623499264,2,22.62999916,23.30999947,20.97999954,0.899999976,1012.099976,0.720000029,1.600000024,345,0,1623495552,1623548544,0.079999998,,,0,,0.579999983,16093,0,305.5,,,,,,,,,,,,,,,,,,
5458340056,"Jun 12, 2021, 1:58:44 PM",Morning Commute,Ride,Shooters ,10392,1.11,,,TRUE,,,activities/5458340056.gpx,,,10392,543,1114.099976,4.5,2.051749468,0,0,290.5,292.1000061,2.299999952,0,,,,,,,,79.09389496,47.88700485,,,,,,,,,5,,,,,0,9,1,,1,,1623502848,1,23.67000008,24.40999985,21.70999908,0.889999986,1012.200012,1.659999967,3.029999971,65,0,1623495552,1623548544,0.079999998,,,0,,0.270000011,16093,1,306.1000061,,,,,,,,,,,,,,,,,,
5463367919,"Jun 13, 2021, 12:46:19 PM",Morning Walk,Walk,Walk with the puppy to Raider Express ,3793,1.53,,,FALSE,,,activities/5463367919.gpx,,,3793,1235,1532.400024,3.200000048,1.240809679,0,0,290.5,291.8999939,2.900000095,0,,,,,,,,,183.6180267,,,,,,,,,3,,,,,0,10,0,,1,,1623585536,1,20.36000061,20.78000069,18.53000069,0.889999986,1016.5,2.410000086,4.730000019,28,0,1623581952,1623634944,0.109999999,,,0,,0.100000001,16093,0,298.6000061,,,,,,,,,,,,,,,,,,
5465856557,"Jun 13, 2021, 9:34:08 PM",Afternoon Commute,Ride,Raider Express ,1946,1.8,,,TRUE,,,activities/5465856557.gpx,,,1946,753,1806.5,4.699999809,2.399070501,0,0,290.3999939,292.1000061,3.099999905,0,,,,,,,,63.5894928,53.38941956,,,,,,,,,5,,,,,0,13,1,,1,,1623618048,1,31.25,31.25,15.64999962,0.389999986,1014.5,3.390000105,4.53000021,50,0,1623581952,1623634944,0.109999999,,,0,,0.029999999,16093,7,302.6000061,,,,,,,,,,,,,,,,,,
5468087981,"Jun 14, 2021, 12:00:48 PM",Morning Walk,Walk,Walk with the puppy ,2011,1.55,,,FALSE,,,activities/5468087981.gpx,,,2011,1899,1552,2.200000048,0.817272246,0,0,290.3999939,291.7999878,3.799999952,0,,,,,,,,,185.966568,,,,,,,,,3,,,,,0,15,0,,1,,1623672064,1,16.47999954,16.70000076,15.86999989,0.959999979,1016.900024,1.059999943,2.650000095,42,0,1623668352,1623721344,0.150000006,,,0,,0.150000006,16093,0,307.5,,,,,,,,,,,,,,,,,,
5468856115,"Jun 14, 2021, 1:45:22 PM",Morning Commute,Ride,Shooters ,6796,1.03,,,TRUE,,,activities/5468856115.gpx,,,6796,507,1036.300049,3.799999952,2.043984175,0,0,290.5,292.1000061,1.600000024,0,,,,,,,,79.38027954,44.87406921,,,,,,,,,5,,,,,0,9,1,,1,,1623675648,1,19.89999962,20.23999977,17.87999916,0.879999995,1017,0.75999999,1.74000001,37,0,1623668352,1623721344,0.150000006,,,0,,0.150000006,16093,1,310.2000122,,,,,,,,,,,,,,,,,,
5470940907,"Jun 14, 2021, 9:01:36 PM",Afternoon Commute,Ride,Shooters ,5313,1.21,,,TRUE,,,activities/5470940907.gpx,,,5313,542,1214.199951,9.899999619,2.2402215,0,0,290.5,292.1000061,1.5,0,,,,,,,,82.49517059,49.85430527,,,,,,,,,5,,,,,0,9,1,,1,,1623704448,1,32.59999847,32.88999939,16.68000031,0.389999986,1015.400024,0.889999986,1.75999999,155,0,1623668352,1623721344,0.150000006,,,0,,0.059999999,16093,6,311.5,,,,,,,,,,,,,,,,,,
5473574788,"Jun 15, 2021, 11:59:55 AM",Morning Walk,Walk,Walk with the puppy to Raider Express ,2276,2.01,,,FALSE,,,activities/5473574788.gpx,,,2276,1857,2018.400024,13.80000019,1.08691442,0,0,290.5,292.2000122,4.300000191,0,,,,,,,,,241.8524017,,,,,,,,,3,,,,,0,15,0,,1,,1623754752,1,18.51000023,18.90999985,17.72999954,0.949999988,1017,1.129999995,2.420000076,355,0,1623754752,1623807744,0.180000007,,,0,,0.07,16093,0,304.2999878,,,,,,,,,,,,,,,,,,
5474284099,"Jun 15, 2021, 1:38:58 PM",Morning Commute,Ride,Shooters ,5545,1.13,,,TRUE,,,activities/5474284099.gpx,,,5545,625,1131.400024,3.900000095,1.81024003,0,0,290.5,292.2000122,1.700000048,0,,,,,,,,74.44234467,51.87701035,,,,,,,,,5,,,,,0,11,1,,1,,1623762048,1,22.54000092,23.12999916,20.34000015,0.870000005,1017.200012,0.899999976,1.820000052,356,0,1623754752,1623807744,0.180000007,,,0,,0.07,16093,1,302.8999939,,,,,,,,,,,,,,,,,,
5476811711,"Jun 15, 2021, 8:36:14 PM",Afternoon Commute,Ride,Shooters ,8449,1.23,,,TRUE,,,activities/5476811711.gpx,,,8449,571,1230.900024,14.80000019,2.155691862,0,0,290.5,292.1000061,3.200000048,0,,,,,,,,85.73068237,54.58172226,,,,,,,,,5,,,,,0,10,1,,1,,1623787264,1,33.29999924,34.86000061,18.85000038,0.430000007,1016.099976,1.129999995,2.329999924,346,0,1623754752,1623807744,0.180000007,,,0,,0.129999995,16093,8,304.1000061,,,,,,,,,,,,,,,,,,
5479574223,"Jun 16, 2021, 12:34:24 PM",Morning Walk,Walk,Walk with the puppy ,1849,1.09,,,FALSE,,,activities/5479574223.gpx,,,1849,1332,1092.599976,5.5,0.8202703,0,0,290.3999939,291.7999878,3.099999905,0,,,,,,,,,130.9195099,,,,,,,,,3,,,,,0,11,0,,1,,1623844864,1,21.60000038,22.31999969,20.89999962,0.959999979,1015.799988,1.289999962,1.710000038,126,0,1623841152,1623894144,0.209999993,,,0,,0.090000004,16093,0,303.7000122,,,,,,,,,,,,,,,,,,
5480350058,"Jun 16, 2021, 1:51:06 PM",Morning Commute,Ride,Shooters ,7809,1.27,,,TRUE,,,activities/5480350058.gpx,,,7809,624,1278.800049,6.400000095,2.049359083,0,-0.100000001,290.3999939,292.2999878,3,0.007819831,,,,,,,,88.62247467,61.65996933,,,,,,,,,5,,,,,0,11,1,,1,,1623848448,1,23.93000031,24.67000008,21.79000092,0.879999995,1016.5,1.429999948,1.820000052,139,0,1623841152,1623894144,0.209999993,,,0,,0.129999995,16093,1,304,,,,,,,,,,,,,,,,,,
5485076721,"Jun 17, 2021, 12:31:15 PM",Morning Walk,Walk,Walk with the puppy to Raider ,2382,1.49,,,FALSE,,,activities/5485076721.gpx,,,2382,1781,1492.300049,4.800000191,0.837900043,0,0,290.5,292.3999939,9.399999619,0,,,,,,,,,178.8130951,,,,,,,,,3,,,,,0,14,0,,1,,1623931136,2,22.47999954,23.45000076,22.47999954,1,1013.900024,2.619999886,6.010000229,208,0,1623927552,1623980544,0.25,,,0,,0.409999996,16093,0,306.6000061,,,,,,,,,,,,,,,,,,
5485512449,"Jun 17, 2021, 1:23:42 PM",Morning Commute,Ride,Shooters ,5720,1.3,,,TRUE,,,activities/5485512449.gpx,,,5720,642,1302.099976,5.300000191,2.028193235,0,0,290.5,292.2000122,2.400000095,0,,,,,,,,83.60665131,59.84815216,,,,,,,,,5,,,,,0,11,1,,1,,1623934848,1,25.04999924,26.02000046,23.71999931,0.920000017,1014.5,3.099999905,6.5,216,0,1623927552,1623980544,0.25,,,0,,0.170000002,16093,1,305.6000061,,,,,,,,,,,,,,,,,,
5486229438,"Jun 17, 2021, 5:04:54 PM",Lunch Commute,Ride,Palluccas ,600,1.08,,,TRUE,,,activities/5486229438.gpx,,,600,584,1088.400024,6,1.863698602,0,0,290.5,292.1000061,1.700000048,0,,,,,,,,79.96154022,52.06775665,,,,,,,,,5,,,,,0,10,1,,1,,1623949184,1,31.84000015,37.27999878,23.63999939,0.620000005,1013.400024,4.039999962,5.820000172,227,0,1623927552,1623980544,0.25,,,0,,0.170000002,16093,9,305.1000061,,,,,,,,,,,,,,,,,,
5487689549,"Jun 17, 2021, 8:19:05 PM",Afternoon Commute,Ride,Shooters ,8980,1.45,,,TRUE,,,activities/5487689549.gpx,,,8980,604,1451.400024,13,2.402980089,3.798461437,3.798461437,287.7999878,292.1000061,3.799999952,0,,,,,,,,86.40756989,58.1920433,,,,,,,,,5,,,,,0,10,1,,1,,1623960064,1,35.38000107,40.09000015,22.07999992,0.460000008,1012.299988,4.389999866,5.510000229,231,0,1623927552,1623980544,0.25,,,0,,0.039999999,16093,9,307.6000061,,,,,,,,,,,,,,,,,,
5490053858,"Jun 18, 2021, 12:22:41 PM",Morning Walk,Walk,Walk with the puppy ,1802,1.09,,,FALSE,,,activities/5490053858.gpx,,,1802,1419,1098.199951,1.799999952,0.773925304,0,0,290.3999939,291.7999878,3.299999952,0,,,,,,,,,131.5905151,,,,,,,,,3,,,,,0,11,0,,1,,1624017664,1,23.04000092,23.73999977,21.25,0.899999976,1012.400024,4.579999924,11.53999996,206,0,1624013952,1624067072,0.280000001,,,0,,0.059999999,16093,0,299.7999878,,,,,,,,,,,,,,,,,,
5492167438,"Jun 18, 2021, 8:29:23 PM",Afternoon Commute,Ride,Shooters ,5089,1.19,,,TRUE,,,activities/5492167438.gpx,,,5089,569,1192.599976,6.099999905,2.095957756,0,0,290.5,292.1000061,1.600000024,0,,,,,,,,71.92152405,45.62953186,,,,,,,,,5,,,,,0,10,1,,1,,1624046336,1,34.38999939,40.22000122,23.29999924,0.529999971,1010.099976,6.71999979,8.149999619,206,0,1624013952,1624067072,0.280000001,,,0,,0.029999999,16093,9,303.1000061,,,,,,,,,,,,,,,,,,
5495165742,"Jun 19, 2021, 12:24:15 PM",Morning Walk,Walk,Walk with the puppy to Raider Express ,2491,1.36,,,FALSE,,,activities/5495165742.gpx,,,2491,1545,1367.5,7.300000191,0.885113239,0,0,290.5,292.2000122,4.300000191,0,,,,,,,,,163.8590698,,,,,,,,,3,,,,,0,12,0,,1,,1624103936,1,22.65999985,23.38999939,21.32999992,0.920000017,1011.400024,3.700000048,9.270000458,209,0,1624100352,1624153472,0.319999993,,,0,,0.07,16093,0,307.3999939,,,,,,,,,,,,,,,,,,
5496106670,"Jun 19, 2021, 1:44:22 PM",Morning Commute,Ride,Shooters ,6699,1.21,,,TRUE,,,activities/5496106670.gpx,,,6699,640,1211.599976,4.099999905,1.893125057,0,0,290.5,292.2000122,3.299999952,0,,,,,,,,83.24364471,59.40266418,,,,,,,,,5,,,,,0,11,1,,1,,1624107648,1,24.44000053,25.20000076,22.04000092,0.870000005,1011.200012,4.449999809,7.820000172,212,0,1624100352,1624153472,0.319999993,,,0,,0.079999998,16093,1,307.5,,,,,,,,,,,,,,,,,,
5497893324,"Jun 19, 2021, 8:40:08 PM",Afternoon Commute,Ride,Shooters ,8942,1.06,,,TRUE,,,activities/5497893324.gpx,,,8942,528,1061.800049,3.599999905,2.010984898,0,0,290.5,292.1000061,1.700000048,0,,,,,,,,79.36779022,46.72540283,,,,,,,,,5,,,,,0,9,1,,1,,1624132864,1,32.18999863,36.68999863,22.67000008,0.569999993,1008.5,5.539999962,6.900000095,196,0,1624100352,1624153472,0.319999993,,,0,,0.109999999,16093,8,305.2000122,,,,,,,,,,,,,,,,,,
5501238528,"Jun 20, 2021, 1:12:59 PM",Morning Walk,Walk,Walk with the puppy to Raider Express ,3235,1.31,,,FALSE,,,activities/5501238528.gpx,,,3235,1531,1315.5,4.099999905,0.85924232,0,0,290.5,292.1000061,3,0,,,,,,,,,164.959259,,,,,,,,,3,,,,,0,12,0,,1,,1624194048,1,23.77000046,24.23999977,19.69000053,0.779999971,1006.799988,5.71999979,13.63000011,193,0.048999999,1624186752,1624239872,0.360000014,,,0.219999999,5,0.230000004,16093,1,302.1000061,,,,,,,,,,,,,,,,,,
5505676841,"Jun 21, 2021, 12:32:38 PM",Morning Walk,Walk,Walk with the puppy ,1717,1.09,,,FALSE,,,activities/5505676841.gpx,,,1717,1376,1091.5,3.200000048,0.793241262,0,0,290.3999939,291.7999878,3.599999905,0,,,,,,,,,136.8704071,,,,,,,,,3,,,,,0,11,0,,1,,1624276736,5,18.37999916,18.54999924,16.21999931,0.870000005,1011.700012,4.889999866,11.65999985,8,0.068499997,1624273152,1624326272,0.400000006,,,1,5,0.819999993,16093,0,308.8999939,,,,,,,,,,,,,,,,,,
5506188804,"Jun 21, 2021, 1:38:04 PM",Morning Commute,Ride,Shooters ,5619,1.23,,,TRUE,,,activities/5506188804.gpx,,,5619,683,1229.5,4.900000095,1.800146461,0,0,290.5,292.5,2.400000095,0,,,,,,,,81.82634735,62.3144455,,,,,,,,,5,,,,,0,12,1,,1,,1624280448,2,18.06999969,18.22999954,16.04999924,0.879999995,1012.099976,3.470000029,8.159999847,9,0,1624273152,1624326272,0.400000006,,,0,,0.779999971,15911,1,314.7000122,,,,,,,,,,,,,,,,,,
5508004612,"Jun 21, 2021, 8:14:51 PM",Afternoon Commute,Ride,Shooters ,5099,1.08,,,TRUE,,,activities/5508004612.gpx,,,5099,560,1085.900024,5,1.93910718,0,0,290.5,292.1000061,2.900000095,0,,,,,,,,84.28469086,52.6273613,,,,,,,,,5,,,,,0,10,1,,1,,1624305664,2,23.21999931,23.21999931,14.73999977,0.589999974,1014.299988,5.599999905,8.350000381,12,0,1624273152,1624326272,0.400000006,,,0,,0.589999974,16093,6,313.8999939,,,,,,,,,,,,,,,,,,
5510679253,"Jun 22, 2021, 11:59:55 AM",Morning Walk,Walk,Walk with the puppy to Raider Express ,2527,1.56,,,FALSE,,,activities/5510679253.gpx,,,2527,1627,1559.099976,6.5,0.958266735,0,0,290.5,292.2000122,3.400000095,0,,,,,,,,,195.5058746,,,,,,,,,3,,,,,0,13,0,,1,,1624359552,1,12.10000038,12.10000038,10.30000019,0.889999986,1017.700012,1.690000057,3.279999971,229,0,1624359552,1624412672,0.430000007,,,0,,0.129999995,16093,0,335.2000122,,,,,,,,,,,,,,,,,,
5511320927,"Jun 22, 2021, 1:28:18 PM",Morning Commute,Ride,Shooters ,5888,1.2,,,TRUE,,,activities/5511320927.gpx,,,5888,637,1200.699951,3.5,1.884929299,0,0,290.5,292.5,2,0,,,,,,,,79.47222137,56.44554138,,,,,,,,,5,,,,,0,11,1,,1,,1624366848,1,16.03000069,16.03000069,13.02000046,0.819999993,1017.599976,2.390000105,4.329999924,208,0,1624359552,1624412672,0.430000007,,,0,,0.039999999,16093,1,331.7000122,,,,,,,,,,,,,,,,,,
5513505437,"Jun 22, 2021, 8:48:49 PM",Afternoon Commute,Ride,Shooters ,5103,1.04,,,TRUE,,,activities/5513505437.gpx,,,5103,557,1043.599976,3.599999905,1.873608589,0,0,290.5,292.1000061,1.5,0,,,,,,,,94.27906799,58.55248642,,,,,,,,,5,,,,,0,10,1,,1,,1624391936,1,27.92000008,28.15999985,15.77000046,0.479999989,1014.299988,4.809999943,5.070000172,204,0,1624359552,1624412672,0.430000007,,,0,,0.039999999,16093,9,313.7999878,,,,,,,,,,,,,,,,,,
5516214625,"Jun 23, 2021, 12:17:26 PM",Morning Walk,Walk,Walk with the puppy ,2027,1.52,,,FALSE,,,activities/5516214625.gpx,,,2027,1774,1528.699951,1.899999976,0.861724913,0,0,290.3999939,291.7999878,3.099999905,0,,,,,,,,,191.6938171,,,,,,,,,3,,,,,0,14,0,,1,,1624449536,1,16.63999939,16.63999939,12.23999977,0.75,1014.5,4.699999809,11.86999989,172,0,1624445952,1624499072,0.469999999,,,0,,0.01,16093,0,302.2000122,,,,,,,,,,,,,,,,,,
5516862162,"Jun 23, 2021, 1:33:41 PM",Morning Commute,Ride,Shooters ,5866,1.17,,,TRUE,,,activities/5516862162.gpx,,,5866,592,1169.800049,3.900000095,1.976013541,0,0,290.5,292.2999878,1.899999976,0,,,,,,,,78.19320679,51.61376953,,,,,,,,,5,,,,,0,10,1,,1,,1624453248,2,18.86000061,18.86000061,12.97000027,0.689999998,1014.400024,5.309999943,13.81000042,173,0,1624445952,1624499072,0.469999999,,,0,,0.430000007,16093,1,302.2999878,,,,,,,,,,,,,,,,,,
5519464847,"Jun 23, 2021, 9:07:43 PM",Afternoon Commute,Ride,Shooters ,13122,1.19,,,TRUE,,,activities/5519464847.gpx,,,13122,591,1196.099976,7.300000191,2.023857832,0,0,290.5,292.1000061,1.299999952,0,,,,,,,,83.72940826,55.17475128,,,,,,,,,5,,,,,0,10,1,,1,,1624482048,2,29.87999916,34.22000122,23.26000023,0.680000007,1011.299988,6.889999866,9.779999733,182,0,1624445952,1624499072,0.469999999,,,0,,0.49000001,16093,5,301.6000061,,,,,,,,,,,,,,,,,,
5521648982,"Jun 24, 2021, 12:48:26 PM",Morning Walk,Walk,Walk with the puppy ,1613,1.05,,,FALSE,,,activities/5521648982.gpx,,,1613,1320,1050,2,0.795454562,0,0,290.3999939,291.7999878,3,0,,,,,,,,,131.6664581,,,,,,,,,3,,,,,0,11,0,,1,,1624536064,2,24.27000046,25.01000023,21.85000038,0.860000014,1011.900024,6.769999981,13.88000011,186,0,1624532352,1624585472,0.50999999,,,0,,0.689999998,16093,0,293.8999939,,,,,,,,,,,,,,,,,,
5522375843,"Jun 24, 2021, 1:46:18 PM",Morning Commute,Ride,Shooters ,7727,1.26,,,TRUE,,,activities/5522375843.gpx,,,7727,584,1262.800049,4.800000191,2.16232872,0,0,290.5,292.2999878,2.099999905,0,,,,,,,,89.04068756,57.97973251,,,,,,,,,5,,,,,0,10,1,,1,,1624539648,2,25,25.85000038,22.82999992,0.879999995,1011.900024,7.230000019,14.48999977,197,0,1624532352,1624585472,0.50999999,,,0,,0.610000014,16093,1,293.1000061,,,,,,,,,,,,,,,,,,
5524278217,"Jun 24, 2021, 9:13:11 PM",Afternoon Commute,Ride,Shooters ,5191,1.12,,,TRUE,,,activities/5524278217.gpx,,,5191,586,1126.800049,4.5,1.92286694,0,0,290.5,292.1000061,1.399999976,0,,,,,,,,98.95999908,64.65947723,,,,,,,,,5,,,,,0,10,1,,1,,1624568448,2,32.13000107,39.84999847,25.32999992,0.670000017,1008.5,8.529999733,12.30000019,187,0,1624532352,1624585472,0.50999999,,,0,,0.460000008,16093,6,292,,,,,,,,,,,,,,,,,,
5526787307,"Jun 25, 2021, 12:45:54 PM",Morning Walk,Walk,Walk with the puppy to Raider Express ,2369,1.38,,,FALSE,,,activities/5526787307.gpx,,,2369,1668,1383,3.700000048,0.82913667,0,0,290.5,292.2000122,5.199999809,0,,,,,,,,,173.4235229,,,,,,,,,3,,,,,0,13,0,,1,,1624622336,2,25.37999916,26.22999954,22.94000053,0.860000014,1010,5.690000057,14.56999969,200,0,1624618880,1624671872,0.550000012,,,0,,0.699999988,16058,0,296.5,,,,,,,,,,,,,,,,,,
5527209233,"Jun 25, 2021, 1:41:07 PM",Morning Commute,Ride,Shooters ,4938,1.26,,,TRUE,,,activities/5527209233.gpx,,,4938,608,1260.199951,11,2.072697401,0,0,290.5,292.2999878,2,0,,,,,,,,84.50535583,57.28789902,,,,,,,,,5,,,,,0,10,1,,1,,1624626048,2,25.89999962,27.70000076,23.54999924,0.870000005,1010.599976,5.159999847,11.78999996,214,0,1624618880,1624671872,0.550000012,,,0,,0.769999981,13594,1,298,,,,,,,,,,,,,,,,,,
5528962878,"Jun 25, 2021, 8:50:33 PM",Afternoon Commute,Ride,Shooters ,7106,1.11,,,TRUE,,,activities/5528962878.gpx,,,7106,554,1110.300049,4.800000191,2.004151583,0,0,290.5,292.1000061,1.600000024,0,,,,,,,,81.03970337,50.05903625,,,,,,,,,5,,,,,0,10,1,,1,,1624651264,2,31.87999916,38.56999969,24.64999962,0.660000026,1007.400024,8.600000381,11.97999954,200,0,1624618880,1624671872,0.550000012,,,0,,0.689999998,16093,6,294.2000122,,,,,,,,,,,,,,,,,,
5532754086,"Jun 26, 2021, 1:17:02 PM",Morning Walk,Walk,Shooters ,8095,1.66,,,FALSE,,,activities/5532754086.gpx,,,8095,1849,1665.300049,8.100000381,0.900649011,0,0,290.5,292.2000122,3.599999905,0,,,,,,,,,208.822998,,,,,,,,,3,,,,,0,15,0,,1,,1624712448,5,22.12999916,22.94000053,21.69000053,0.970000029,1008.700012,5.900000095,10.94999981,210,1.864400029,1624705280,1624758272,0.589999974,,,1,5,0.910000026,12160,1,299.7999878,,,,,,,,,,,,,,,,,,
5534455227,"Jun 26, 2021, 8:43:00 PM",Afternoon Commute,Ride,Shooters ,5276,1.1,,,TRUE,,,activities/5534455227.gpx,,,5276,605,1102.800049,5,1.822809935,0,0,290.5,292.1000061,1.5,0,,,,,,,,95.56009674,64.46244812,,,,,,,,,5,,,,,0,10,1,,1,,1624737536,2,26.62000084,28.61000061,21.97999954,0.75999999,1009.700012,5.190000057,7.460000038,225,0,1624705280,1624758272,0.589999974,,,0,,0.569999993,16093,7,297.1000061,,,,,,,,,,,,,,,,,,
5537975436,"Jun 27, 2021, 1:04:27 PM",Morning Walk,Walk,Walk with the puppy to Raider Express ,2985,1.65,,,FALSE,,,activities/5537975436.gpx,,,2985,1840,1649.5,6.800000191,0.896467388,0,0,290.5,292.2999878,4.800000191,0,,,,,,,,,206.8417358,,,,,,,,,3,,,,,0,15,0,,1,,1624798848,3,20.82999992,21.5,20.30999947,0.970000029,1014.099976,1.879999995,4.440000057,167,0,1624791680,1624844672,0.620000005,,,0,,0.920000017,14510,1,309.6000061,,,,,,,,,,,,,,,,,,
5547649461,"Jun 29, 2021, 12:09:09 PM",Morning Walk,Walk,Walk with the puppy to Raider Express ,2492,1.44,,,FALSE,,,activities/5547649461.gpx,,,2492,1662,1445.800049,3.700000048,0.869915783,0,-0.100000001,290.3999939,292.2000122,4.800000191,0.006916586,,,,,,,,,181.2984314,,,,,,,,,3,,,,,0,13,0,,1,,1624967936,2,20.79000092,21.54000092,20.78000069,1,1020.099976,0.970000029,1.929999948,160,0,1624964480,1625017472,0.689999998,,,0,,0.639999986,15875,0,301.6000061,,,,,,,,,,,,,,,,,,
5548324623,"Jun 29, 2021, 1:27:43 PM",Morning Commute,Ride,Shooters ,6698,1.25,,,TRUE,,,activities/5548324623.gpx,,,6698,662,1249,4,1.886706948,0,0,290.5,292.1000061,2.200000048,0,,,,,,,,81.48170471,60.14409256,,,,,,,,,5,,,,,0,11,1,,1,,1624971648,2,21.62999916,22.45000076,21.55999947,1,1020.5,0.99000001,1.850000024,127,0,1624964480,1625017472,0.689999998,,,0,,0.74000001,15863,1,302,,,,,,,,,,,,,,,,,,
5550194722,"Jun 29, 2021, 7:43:24 PM",Afternoon Commute,Ride,Shooters ,8150,1.11,,,TRUE,,,activities/5550194722.gpx,,,8150,580,1115.599976,3.5,1.923448324,0,0,290.5,292.1000061,2.700000048,0,,,,,,,,84.72437286,54.79127121,,,,,,,,,5,,,,,0,10,1,,1,,1624993152,2,28.07999992,32.43000031,24.46999931,0.810000002,1019.700012,1.379999995,4.070000172,175,0,1624964480,1625017472,0.689999998,,,0,,0.730000019,16093,6,300.1000061,,,,,,,,,,,,,,,,,,
5552811326,"Jun 30, 2021, 12:25:07 PM",Morning Walk,Walk,Walk with the puppy ,2001,1.55,,,FALSE,,,activities/5552811326.gpx,,,2001,1836,1556.400024,2,0.847712398,4.653333187,4.653333187,287.1000061,291.8999939,3.200000048,0,,,,,,,,,195.1672974,,,,,,,,,3,,,,,0,15,0,,1,,1625054464,2,21.98999977,22.87000084,21.98999977,1,1018.900024,1.5,4.03000021,136,0,1625051008,1625103872,0.720000029,,,0,,0.850000024,16062,0,297.5,,,,,,,,,,,,,,,,,,
5553433444,"Jun 30, 2021, 1:31:24 PM",Morning Commute,Ride,Shooters ,6663,1.19,,,TRUE,,,activities/5553433444.gpx,,,6663,622,1192.099976,4.599999905,1.916559458,0,0,290.5,292.2000122,2.200000048,0,,,,,,,,93.28216553,64.69398499,,,,,,,,,5,,,,,0,11,1,,1,,1625058048,2,23.13999939,24.05999947,22.75,0.980000019,1019.099976,1.980000019,4.210000038,168,0,1625051008,1625103872,0.720000029,,,0,,0.839999974,16093,1,296.7000122,,,,,,,,,,,,,,,,,,
5557883296,"Jul 1, 2021, 12:28:58 PM",Morning Walk,Walk,Walk with the puppy ,1423,0.9,,,FALSE,,,activities/5557883296.gpx,,,1423,1194,901.0999756,2,0.754690111,0,0,289.6000061,291.3999939,2.400000095,0,,,,,,,,,112.9948959,,,,,,,,,3,,,,,0,9,0,,1,,1625140736,2,21.57999992,22.35000038,21.23999977,0.980000019,1014.900024,2.25,4.789999962,243,0,1625137408,1625190272,0.75999999,,,0,,0.819999993,10175,0,303.7999878,,,,,,,,,,,,,,,,,,
5558604066,"Jul 1, 2021, 1:30:47 PM",Morning Walk,Walk,Shooters ,7866,1.28,,,FALSE,,,activities/5558604066.gpx,,,7866,1451,1283.800049,6.099999905,0.884769142,0,0,290.5,292.2999878,2.700000048,0,,,,,,,,,160.9841919,,,,,,,,,3,,,,,0,12,0,,1,,1625144448,2,22.45999908,23.27000046,21.78000069,0.959999979,1014.900024,1.820000052,4.679999828,234,0,1625137408,1625190272,0.75999999,,,0,,0.850000024,4726,1,304.7000122,,,,,,,,,,,,,,,,,,
5559105628,"Jul 1, 2021, 5:07:09 PM",Lunch Commute,Ride,Palluccas ,659,0.95,,,TRUE,,,activities/5559105628.gpx,,,659,485,951.7000122,8,1.962267995,0,0,290.5,292.1000061,1.5,0,,,,,,,,81.67138672,44.16584396,,,,,,,,,5,,,,,0,8,1,,1,,1625158784,2,25.37000084,26.32999992,23.71999931,0.910000026,1014.700012,3.380000114,4.849999905,345,0,1625137408,1625190272,0.75999999,,,0,,0.819999993,16093,5,304.7999878,,,,,,,,,,,,,,,,,,
5560699417,"Jul 1, 2021, 9:20:18 PM",Afternoon Commute,Ride,Shooters ,6652,1.25,,,TRUE,,,activities/5560699417.gpx,,,6652,696,1250.5,6,1.796695352,0,0,290.5,292.1000061,1.600000024,0,,,,,,,,84.36270142,65.46883392,,,,,,,,,5,,,,,0,12,1,,1,,1625173248,2,25.98999977,27.92000008,23.72999954,0.870000005,1013.599976,4.309999943,5.400000095,13,0,1625137408,1625190272,0.75999999,,,0,,0.730000019,16093,5,305.6000061,,,,,,,,,,,,,,,,,,
5562979848,"Jul 2, 2021, 12:33:05 PM",Morning Walk,Walk,Walk with the puppy ,1546,0.91,,,FALSE,,,activities/5562979848.gpx,,,1546,1157,915.7999878,2,0.791529834,0,0,289.6000061,291.3999939,2.900000095,0,,,,,,,,,114.8382263,,,,,,,,,3,,,,,0,9,0,,1,,1625227264,1,20.64999962,21.17000008,19.27000046,0.920000017,1017.299988,3.019999981,6.139999866,49,0,1625223808,1625276672,0.790000021,,,0,,0.280000001,16093,0,308,,,,,,,,,,,,,,,,,,
5563584617,"Jul 2, 2021, 1:39:36 PM",Morning Commute,Ride,Shooters ,5890,1.25,,,TRUE,,,activities/5563584617.gpx,,,5890,681,1256.900024,3.799999952,1.845668077,0,0,290.5,292.1000061,2.099999905,0,,,,,,,,87.18987274,66.20458221,,,,,,,,,5,,,,,0,12,1,,1,,1625230848,1,21.72999954,22.29000092,19.89999962,0.889999986,1017.700012,3.49000001,6.380000114,65,0,1625223808,1625276672,0.790000021,,,0,,0.189999998,16093,1,309.7999878,,,,,,,,,,,,,,,,,,
5565413789,"Jul 2, 2021, 8:30:44 PM",Afternoon Walk,Walk,Shooters- flat tire on bike,11193,1.13,,,FALSE,,,activities/5565413789.gpx,,,11193,1398,1132,5.199999809,0.809728205,0,0,290.5,292.1000061,1.600000024,0,,,,,,,,,141.9489746,,,,,,,,,3,,,,,0,11,0,,1,,1625255936,1,28.79999924,29.09000015,16.40999985,0.469999999,1017.200012,4.980000019,6.909999847,73,0,1625223808,1625276672,0.790000021,,,0,,0.090000004,16093,8,316.2000122,,,,,,,,,,,,,,,,,,
5568194317,"Jul 3, 2021, 12:37:55 PM",Morning Walk,Walk,Walk with the puppy to Raider Express ,3081,1.45,,,FALSE,,,activities/5568194317.gpx,,,3081,1688,1455.800049,7.5,0.862440765,0,0,290.5,292.2000122,4.199999809,0,,,,,,,,,182.5523987,,,,,,,,,3,,,,,0,14,0,,1,,1625313536,2,18.65999985,18.95000076,17.12000084,0.910000026,1017.599976,0.920000017,1.830000043,230,0,1625310208,1625363072,0.819999993,,,0,,0.430000007,16093,0,316.3999939,,,,,,,,,,,,,,,,,,
5574131745,"Jul 4, 2021, 12:53:47 PM",Morning Walk,Walk,Walk with the puppy to Raider Express ,4775,2.28,,,FALSE,,,activities/5574131745.gpx,,,4775,2617,2285.300049,8.199999809,0.873251796,4.900000095,4.900000095,287.1000061,292.1000061,2.900000095,0,,,,,,,,,286.5689087,,,,,,,,,3,,,,,0,21,0,,1,,1625400064,2,20.10000038,20.57999992,18.87000084,0.930000007,1015.400024,1.899999976,2.809999943,193,0,1625396608,1625449472,0.850000024,,,0,,0.319999993,15250,0,309.6000061,,,,,,,,,,,,,,,,,,
5581199540,"Jul 5, 2021, 8:44:10 PM",Afternoon Commute,Ride,Raider Express ,2227,1.29,,,TRUE,,,activities/5581199540.gpx,,,2227,523,1297.099976,10.89999962,2.480114698,0,0,290.5,292.1000061,2,0,,,,,,,,75.70263672,44.14561462,,,,,,,,,5,,,,,0,9,1,,1,,1625515264,1,29.52000046,30.59000015,18.52000046,0.519999981,1016.5,1.879999995,2.440000057,172,0,1625483136,1625535872,0.879999995,,,0,,0.200000003,16093,8,314.8999939,,,,,,,,,,,,,,,,,,
5584712189,"Jul 6, 2021, 1:37:12 PM",Morning Commute,Ride,Shooters ,7977,1.21,,,TRUE,,,activities/5584712189.gpx,,,7977,586,1211.199951,4,2.066894293,0,0,290.5,292.1000061,2.099999905,0,,,,,,,,85.853302,56.09568787,,,,,,,,,5,,,,,0,10,1,,1,,1625576448,1,21.12000084,21.67000008,19.64999962,0.910000026,1017.400024,1.50999999,3.069999933,165,0,1625569536,1625622272,0.910000026,,,0,,0.200000003,16093,1,309,,,,,,,,,,,,,,,,,,
5586792478,"Jul 6, 2021, 8:39:06 PM",Afternoon Commute,Ride,Shooters ,9304,1.42,,,TRUE,,,activities/5586792478.gpx,,,9304,497,1424.199951,18,2.865593672,0,0,290.5,292.1000061,1.399999976,0,,,,,,,,70.72860718,39.1946106,,,,,,,,,5,,,,,0,8,1,,1,,1625601536,1,30.12000084,31.86000061,19.70000076,0.540000021,1016.299988,2.150000095,3.329999924,187,0,1625569536,1625622272,0.910000026,,,0,,0.289999992,16093,8,307.2999878,,,,,,,,,,,,,,,,,,
5589845850,"Jul 7, 2021, 1:17:36 PM",Morning Commute,Ride,Shooters ,6810,1.25,,,TRUE,,,activities/5589845850.gpx,,,6810,576,1256.800049,9.100000381,2.18194437,0,0,290.5,292.1000061,2.799999952,0,,,,,,,,69.57441711,44.68347549,,,,,,,,,5,,,,,0,10,1,,1,,1625662848,1,22.13999939,22.80999947,20.81999969,0.920000017,1014.5,1.320000052,2.74000001,208,0,1625655936,1625708672,0.939999998,,,0,,0.239999995,16093,1,307.1000061,,,,,,,,,,,,,,,,,,
5591980567,"Jul 7, 2021, 8:39:05 PM",Afternoon Commute,Ride,Shooters ,6060,1.11,,,TRUE,,,activities/5591980567.gpx,,,6060,525,1112.900024,4.699999809,2.119809628,0,0,290.5,292.1000061,1.299999952,0,,,,,,,,62.87594986,36.80600739,,,,,,,,,5,,,,,0,9,1,,1,,1625688064,2,29.70999908,33.16999817,22.31999969,0.649999976,1011.599976,3.109999895,3.940000057,288,0,1625655936,1625708672,0.939999998,,,0,,0.769999981,16093,5,305.7999878,,,,,,,,,,,,,,,,,,
5595136122,"Jul 8, 2021, 1:20:50 PM",Morning Commute,Ride,Shooters ,7104,1.27,,,TRUE,,,activities/5595136122.gpx,,,7104,580,1272.599976,9.5,2.19413805,0,0,290.5,292.2000122,2.799999952,0,,,,,,,,82.92017365,53.62447739,,,,,,,,,5,,,,,0,10,1,,1,,1625749248,1,21.12999916,21.77000046,20.23999977,0.949999988,1014.5,2.119999886,5.28000021,17,0,1625742464,1625794944,0.970000029,,,0,,0.200000003,16093,1,310,,,,,,,,,,,,,,,,,,
5599475956,"Jul 9, 2021, 12:27:39 PM",Morning Walk,Walk,Walk with the puppy ,1402,0.87,,,FALSE,,,activities/5599475956.gpx,,,1402,1146,871,1.799999952,0.760034919,0,0,289.6000061,291.3999939,2.599999905,0,,,,,,,,,109.220459,,,,,,,,,3,,,,,0,9,0,,1,,1625831936,1,21.59000015,22.29999924,20.82999992,0.949999988,1014.799988,2.130000114,5.150000095,172,0,1625828864,1625881344,0,,,0,,0.159999996,16093,0,312.2999878,,,,,0.621255338,,,,,,,,,,,,,
5600120231,"Jul 9, 2021, 1:28:30 PM",Morning Commute,Ride,Shooters ,6553,1.27,,,TRUE,,,activities/5600120231.gpx,,,6553,615,1271.599976,8.899999619,2.067642212,0,0,290.5,292.1000061,1.600000024,0,,,,,,,,87.74549866,60.16928482,,,,,,,,,5,,,,,0,11,1,,1,,1625835648,1,23.38999939,24.27000046,22.56999969,0.949999988,1015,3.130000114,6.349999905,179,0,1625828864,1625881344,0,,,0,,0.189999998,16093,1,312.2000122,,,,,0.194048524,,,,,,,,,,,,,
5601259495,"Jul 9, 2021, 6:39:27 PM",Afternoon Commute,Ride,Shooters ,2765,1.07,,,TRUE,,,activities/5601259495.gpx,,,2765,519,1073.199951,4.400000095,2.067822695,0,0,290.5,292.1000061,2.200000048,0,,,,,,,,68.7901535,39.80783081,,,,,,,,,5,,,,,0,9,1,,1,,1625853568,2,31.12999916,38.43999863,25.38999939,0.720000029,1015.099976,5.769999981,7.590000153,209,0,1625828864,1625881344,0,,,0,,0.370000005,16093,8,310.7999878,,,,,0.38813743,,,,,,,,,,,,,
5601861956,"Jul 9, 2021, 9:15:49 PM",Evening Commute,Ride,Shooters ,5558,1.12,,,TRUE,,,activities/5601861956.gpx,,,5558,636,1125.300049,4.599999905,1.769339681,0,0,290.5,292.1000061,3,0,,,,,,,,87.2932663,61.90314865,,,,,,,,,5,,,,,0,11,1,,1,,1625864448,2,32.08000183,39.22999954,24.95000076,0.660000026,1013.099976,7.300000191,9.699999809,202,0,1625828864,1625881344,0,,,0,,0.460000008,16093,5,309.3999939,,,,,0.202464908,,,,,,,,,,,,,
5604591817,"Jul 10, 2021, 12:35:45 PM",Morning Walk,Walk,Walk with the puppy ,1160,0.68,,,FALSE,,,activities/5604591817.gpx,,,1160,774,686.9000244,3.799999952,0.887467682,0,0,290.5,291.7000122,2.5,0,,,,,,,,,86.1349411,,,,,,,,,3,,,,,0,6,0,,1,,1625918464,2,22.75,23.44000053,21.05999947,0.899999976,1013,5.230000019,13.68000031,204,0,1625915264,1625967744,0.029999999,,,0,,0.860000014,16093,0,307.7000122,,,,,0.592155159,,,,,,,,,,,,,
5605479799,"Jul 10, 2021, 1:30:57 PM",Morning Commute,Ride,Shooters ,6368,1.2,,,TRUE,,,activities/5605479799.gpx,,,6368,572,1203.300049,4,2.103671312,0,0,290.5,292.1000061,2.700000048,0,,,,,,,,67.40045929,42.98666382,,,,,,,,,5,,,,,0,10,1,,1,,1625922048,2,23.53000069,24.23999977,21.40999985,0.879999995,1013,5.489999771,12.27000046,196,0,1625915264,1625967744,0.029999999,,,0,,0.680000007,16093,1,306.7000122,,,,,0.188960433,,,,,,,,,,,,,
5607491717,"Jul 10, 2021, 8:32:59 PM",Afternoon Commute,Ride,Shooters ,9459,1.18,,,TRUE,,,activities/5607491717.gpx,,,9459,1113,1186.300049,6,1.065858006,0,0,290.5,292.1000061,1.200000048,0,,,,,,,,69.86394501,86.70080566,,,,,,,,,5,,,,,0,20,1,,1,,1625947136,2,27.44000053,31.22999954,24.46999931,0.839999974,1010.299988,5.989999771,10.30000019,226,0,1625915264,1625967744,0.029999999,,,0,,0.819999993,16093,5,302.1000061,,,,,0.125414953,,,,,,,,,,,,,
5610522912,"Jul 11, 2021, 12:39:09 PM",Morning Walk,Walk,Walk with the puppy ,1385,0.91,,,FALSE,,,activities/5610522912.gpx,,,1385,1116,913.2999878,2,0.81836915,0,0,289.6000061,291.3999939,2.599999905,0,,,,,,,,,114.5247345,,,,,,,,,3,,,,,0,9,0,,1,,1626004736,1,18.04999924,18.39999962,17.29999924,0.949999988,1012.700012,2.650000095,6.380000114,312,0,1626001792,1626054144,0.07,,,0,,0.25,16093,0,339.6000061,,,,,0.659422398,,,,,,,,,,,,,
5615362374,"Jul 12, 2021, 12:37:40 PM",Morning Walk,Walk,Walk with the puppy ,1065,0.44,,,FALSE,,,activities/5615362374.gpx,,,1065,537,445,2.099999905,0.828677833,0,0,290.5,291.5,2.599999905,0,,,,,,,,,55.80149841,,,,,,,,,3,,,,,0,4,0,,1,,1626091264,3,18.40999985,18.70000076,17.04000092,0.920000017,1015.799988,3.099999905,6.880000114,331,0,1626088192,1626140544,0.100000001,,,0,,0.939999998,16093,0,345.7999878,,,,,0.417840362,,,,,,,,,,,,,
5616018571,"Jul 12, 2021, 1:33:06 PM",Morning Commute,Ride,Shooters ,7188,1.42,,,TRUE,,,activities/5616018571.gpx,,,7188,682,1425.300049,5.199999809,2.089882612,0,0,290.3999939,292.1000061,1.200000048,0,,,,,,,,55.35091019,42.09049225,,,,,,,,,5,,,,,0,12,1,,1,,1626094848,2,18.88999939,19.22999954,17.52000046,0.920000017,1016.599976,3.380000114,5.929999828,334,0,1626088192,1626140544,0.100000001,,,0,,0.839999974,16093,1,344.7000122,,,,,0.198288813,,,,,,,,,,,,,
5617889795,"Jul 12, 2021, 9:01:21 PM",Afternoon Commute,Ride,Shooters ,5294,1.15,,,TRUE,,,activities/5617889795.gpx,,,5294,533,1158.800049,8.399999619,2.174108744,0,0,290.5,292.1000061,1.399999976,0,,,,,,,,83.58426666,49.67371368,,,,,,,,,5,,,,,0,9,1,,1,,1626123648,2,25,25.47999954,19.97999954,0.74000001,1015.799988,2.670000076,4.320000172,344,0,1626088192,1626140544,0.100000001,,,0,,0.75999999,16093,4,328.8999939,,,,,0.218889311,,,,,,,,,,,,,
5620515701,"Jul 13, 2021, 12:37:48 PM",Morning Walk,Walk,Walk with the puppy ,1050,0.46,,,FALSE,,,activities/5620515701.gpx,,,1050,528,461.2999878,2.200000048,0.873674214,0,0,290.5,291.5,1.600000024,0,,,,,,,,,57.8454628,,,,,,,,,3,,,,,0,4,0,,1,,1626177536,2,16.67000008,16.90999985,16.06999969,0.959999979,1019.400024,1.580000043,3.630000114,180,0,1626174592,1626226944,0.129999995,,,0,,0.360000014,11315,0,317.5,,,,,0.43933332,,,,,,,,,,,,,
5621151119,"Jul 13, 2021, 1:23:53 PM",Morning Commute,Ride,Shooters ,6741,1.22,,,TRUE,,,activities/5621151119.gpx,,,6741,531,1227.699951,4.5,2.312052727,0,0,290.5,292.1000061,1.299999952,0,,,,,,,,55.68286896,32.96788025,,,,,,,,,5,,,,,0,9,1,,1,,1626181248,1,18.89999962,19.29999924,17.87999916,0.939999998,1020.099976,2.5,3.579999924,187,0,1626174592,1626226944,0.129999995,,,0,,0.300000012,16093,1,315.7000122,,,,,0.182124317,,,,,,,,,,,,,
5622690567,"Jul 13, 2021, 6:40:39 PM",Lunch Commute,Ride,Raider Express ,4081,1.1,,,TRUE,,,activities/5622690567.gpx,,,4081,509,1101.800049,3.799999952,2.164636612,0,0,290.5,292.1000061,1.399999976,0,,,,,,,,71.70130157,40.69299698,,,,,,,,,5,,,,,0,9,1,,1,,1626199168,1,28.48999977,30.69000053,20.92000008,0.639999986,1019.700012,4.309999943,5.329999924,204,0,1626174592,1626226944,0.129999995,,,0,,0.059999999,16093,10,313,,,,,0.269982845,,,,,,,,,,,,,
5623488182,"Jul 13, 2021, 10:04:58 PM",Evening Commute,Ride,Shooters ,4437,1.08,,,TRUE,,,activities/5623488182.gpx,,,4437,546,1086.300049,3.799999952,1.989560485,0,0,290.5,292.1000061,1.5,0,,,,,,,,64.97505951,39.5561676,,,,,,,,,5,,,,,0,9,1,,1,,1626213632,1,29.92000008,32.83000183,21.52000046,0.610000014,1017.900024,4.909999847,6.579999924,205,0,1626174592,1626226944,0.129999995,,,0,,0.109999999,16093,4,308.1000061,,,,,0.244827583,,,,,,,,,,,,,
5625979981,"Jul 14, 2021, 12:25:43 PM",Morning Walk,Walk,Walk with the puppy ,1465,0.89,,,FALSE,,,activities/5625979981.gpx,,,1465,1119,891.7000122,2.5,0.796872199,0,0,289.6000061,291.3999939,2.900000095,0,,,,,,,,,111.8161697,,,,,,,,,3,,,,,0,9,0,,1,,1626264064,2,21.96999931,22.57999992,20.28000069,0.899999976,1019.200012,4.28000021,10.09000015,192,0,1626261120,1626313216,0.170000002,,,0,,0.319999993,16093,0,300.7000122,,,,,0.608668923,,,,,,,,,,,,,
5626681836,"Jul 14, 2021, 1:21:17 PM",Morning Commute,Ride,Shooters ,7470,1.16,,,TRUE,,,activities/5626681836.gpx,,,7470,598,1164.099976,4.099999905,1.946655512,0,0,290.5,292.1000061,1.5,0,,,,,,,,86.62899017,57.76161194,,,,,,,,,5,,,,,0,10,1,,1,,1626267648,2,23.62000084,24.31999969,21.40999985,0.870000005,1019.099976,5.190000057,11.51000023,198,0,1626261120,1626313216,0.170000002,,,0,,0.5,16093,1,299.7000122,,,,,0.155836686,,,,,,,,,,,,,
5628766958,"Jul 14, 2021, 8:48:15 PM",Afternoon Commute,Ride,Shooters ,7290,1.03,,,TRUE,,,activities/5628766958.gpx,,,7290,557,1037.800049,4,1.863195658,0,0,290.5,292.1000061,1.299999952,0,,,,,,,,82.57649994,51.28454971,,,,,,,,,5,,,,,0,10,1,,1,,1626292736,2,30.95999908,35.00999832,22.54999924,0.610000014,1017.599976,7.650000095,9.930000305,192,0,1626261120,1626313216,0.170000002,,,0,,0.400000006,16093,7,299.1000061,,,,,0.142359391,,,,,,,,,,,,,
5631244523,"Jul 15, 2021, 12:33:28 PM",Morning Walk,Walk,Walk with the puppy ,1344,0.89,,,FALSE,,,activities/5631244523.gpx,,,1344,1103,889.2000122,1.799999952,0.80616498,0,0,289.6000061,291.3999939,2.900000095,0,,,,,,,,,111.5026779,,,,,,,,,3,,,,,0,9,0,,1,,1626350336,2,22.95999908,23.55999947,20.53000069,0.860000014,1016.599976,5.920000076,13.14000034,197,0,1626347520,1626399616,0.200000003,,,0,,0.560000002,16093,0,297.8999939,,,,,0.661607146,,,,,,,,,,,,,
5631859594,"Jul 15, 2021, 1:22:58 PM",Morning Commute,Ride,Shooters ,6881,1.31,,,TRUE,,,activities/5631859594.gpx,,,6881,844,1317.900024,3.599999905,1.56149292,0,0,290.5,292.1000061,1.600000024,0,,,,,,,,67.26509857,63.30049515,,,,,,,,,5,,,,,0,15,1,,1,,1626354048,2,23.93000031,24.61000061,21.32999992,0.850000024,1016.5,6.010000229,13,200,0,1626347520,1626399616,0.200000003,,,0,,0.579999983,16093,1,297.8999939,,,,,0.191527396,,,,,,,,,,,,,
5632266498,"Jul 15, 2021, 4:37:13 PM",Lunch Commute,Ride,Palluccas ,626,0.86,,,TRUE,,,activities/5632266498.gpx,,,626,460,864.2000122,3.900000095,1.878695607,0,0,290.5,292.1000061,1.700000048,0,,,,,,,,82.33443451,42.22933197,,,,,,,,,5,,,,,0,8,1,,1,,1626364800,2,27.70999908,30.64999962,22.72999954,0.74000001,1016.5,7.590000153,11.60000038,213,0,1626347520,1626399616,0.200000003,,,0,,0.600000024,16093,5,297.6000061,,,,,1.380511165,,,,,,,,,,,,,
5636305733,"Jul 16, 2021, 12:25:12 PM",Morning Walk,Walk,Walk with the puppy ,1487,1.08,,,FALSE,,,activities/5636305733.gpx,,,1487,1265,1083.099976,2,0.856205523,0,0,290.3999939,291.7000122,3,0,,,,,,,,,135.8170776,,,,,,,,,3,,,,,0,10,0,,1,,1626436864,5,20.15999985,20.76000023,19.60000038,0.970000029,1013,3.309999943,7.489999771,231,2.734299898,1626433920,1626486016,0.239999995,,,1,5,0.899999976,11648,0,294.7999878,,,,,0.728379309,,,,,,,,,,,,,
5636964088,"Jul 16, 2021, 1:22:22 PM",Morning Commute,Ride,Shooters ,7053,1.18,,,TRUE,,,activities/5636964088.gpx,,,7053,606,1180,3.900000095,1.947194695,0,0,290.5,292.1000061,1.5,0,,,,,,,,65.59722137,44.32338715,,,,,,,,,5,,,,,0,10,1,,1,,1626440448,2,20.44000053,21.06999969,19.97999954,0.970000029,1013.099976,3.480000019,8.359999657,194,0,1626433920,1626486016,0.239999995,,,0,,0.870000005,11852,1,295.2999878,,,,,0.167304695,,,,,,,,,,,,,
5638481705,"Jul 16, 2021, 8:18:51 PM",Afternoon  Commute,Ride,Shooters ,5415,1.09,,,TRUE,,,activities/5638481705.gpx,,,5415,571,1093.699951,4.900000095,1.915411592,0,0,290.5,292.1000061,1.299999952,0,,,,,,,,84.96087646,54.09161758,,,,,,,,,5,,,,,0,10,1,,1,,1626465536,2,26.65999985,28.73999977,22.17000008,0.75999999,1013.200012,2.190000057,3.430000067,189,0,1626433920,1626486016,0.239999995,,,0,,0.730000019,16093,6,302.2999878,,,,,0.201975986,,,,,,,,,,,,,
5641368423,"Jul 17, 2021, 12:28:24 PM",Morning Walk,Walk,Walk with the puppy ,1415,0.9,,,FALSE,,,activities/5641368423.gpx,,,1415,1128,901.9000244,2.299999952,0.799556732,0,0,289.6000061,291.3999939,2.700000048,0,,,,,,,,,113.0952148,,,,,,,,,3,,,,,0,9,0,,1,,1626523136,2,21.54000092,22.28000069,21,0.970000029,1016.599976,1.220000029,3.670000076,149,0,1626520320,1626572288,0.270000011,,,0,,0.460000008,16093,0,298.6000061,,,,,0.63738513,,,,,,,,,,,,,
5642266477,"Jul 17, 2021, 1:23:34 PM",Morning Commute,Ride,Shooters ,7199,1.2,,,TRUE,,,activities/5642266477.gpx,,,7199,582,1202,4.300000191,2.06529212,0,0,290.5,292.1000061,1.700000048,0,,,,,,,,70.78809357,45.93651962,,,,,,,,,5,,,,,0,10,1,,1,,1626526848,2,22.60000038,23.40999985,21.87999916,0.959999979,1016.299988,1.519999981,3.130000114,145,0,1626520320,1626572288,0.270000011,,,0,,0.569999993,14945,1,298.3999939,,,,,0.16696763,,,,,,,,,,,,,
5644267943,"Jul 17, 2021, 8:33:30 PM",Afternoon Commute,Ride,Shooters ,12847,1.07,,,TRUE,,,activities/5644267943.gpx,,,12847,543,1074.699951,3.700000048,1.979189634,0,0,290.5,292.1000061,1.899999976,0,,,,,,,,87.31768036,52.86605072,,,,,,,,,5,,,,,0,9,1,,1,,1626552064,2,27.37999916,30.47999954,23.39999962,0.790000021,1016.099976,1.899999976,2.369999886,147,0,1626520320,1626572288,0.270000011,,,0,,0.730000019,16093,6,300.7000122,,,,,0.08365377,,,,,,,,,,,,,
5647431853,"Jul 18, 2021, 12:35:37 PM",Morning Walk,Walk,Walk with the puppy to Raider Express ,4258,2.23,,,FALSE,,,activities/5647431853.gpx,,,4258,2449,2238.199951,2.099999905,0.913924038,0,0,290.3999939,292.2000122,4.5,0,,,,,,,,,280.6627197,,,,,,,,,3,,,,,0,20,0,,1,,1626609664,2,21.36000061,22.20000076,21.36000061,1,1018.799988,1.629999995,4.019999981,60,0,1626606720,1626658688,0.310000002,,,0,,0.75999999,14272,0,303,,,,,0.525645852,,,,,,,,,,,,,
5649732404,"Jul 18, 2021, 8:48:57 PM",Afternoon Commute,Ride,Raider Express ,1411,1.2,,,TRUE,,,activities/5649732404.gpx,,,1411,539,1205.199951,4.599999905,2.23599267,0,0,290.5,292.1000061,1.299999952,0,,,,,,,,69.58654022,41.82046509,,,,,,,,,5,,,,,0,9,1,,1,,1626638336,2,28.31999969,31.76000023,23.02000046,0.730000019,1017.799988,4.559999943,5.420000076,42,0,1626606720,1626658688,0.310000002,,,0,,0.620000005,16093,6,305.3999939,,,,,0.854146004,,,,,,,,,,,,,
5652230275,"Jul 19, 2021, 12:42:26 PM",Morning Walk,Walk,Walk with the puppy ,1926,1.08,,,FALSE,,,activities/5652230275.gpx,,,1926,1253,1087.5,2.099999905,0.867917001,0,0,290.3999939,291.7999878,2.900000095,0,,,,,,,,,136.3688354,,,,,,,,,3,,,,,0,10,0,,1,,1626695936,1,19.34000015,19.96999931,19.34000015,1,1020,2.609999895,5.869999886,30,0,1626693248,1626745088,0.349999994,,,0,,0.200000003,15033,0,314.8999939,,,,,0.564641774,,,,,,,,,,,,,
5652788974,"Jul 19, 2021, 1:38:58 PM",Morning Commute,Ride,Shooters ,6579,1.27,,,TRUE,,,activities/5652788974.gpx,,,6579,572,1271.400024,6.800000191,2.222727299,0,0,290.5,292.1000061,1.200000048,0,,,,,,,,64.27188873,40.99132538,,,,,,,,,5,,,,,0,10,1,,1,,1626699648,1,20.80999947,21.47999954,20.28000069,0.970000029,1020,2.980000019,5.949999809,35,0,1626693248,1626745088,0.349999994,,,0,,0.200000003,15839,1,314.1000061,,,,,0.193251252,,,,,,,,,,,,,
5654870563,"Jul 19, 2021, 8:46:00 PM",Afternoon Commute,Ride,Shooters ,8110,1.16,,,TRUE,,,activities/5654870563.gpx,,,8110,530,1164.300049,4.400000095,2.196792364,0,0,290.5,292.1000061,3.099999905,0,,,,,,,,65.72849274,38.84225464,,,,,,,,,5,,,,,0,9,1,,1,,1626724864,2,28.70000076,30.73999977,20.56999969,0.620000005,1018.5,4.320000172,5.380000114,34,0,1626693248,1626745088,0.349999994,,,0,,0.379999995,16093,7,309.6000061,,,,,0.143563509,,,,,,,,,,,,,
5658110563,"Jul 20, 2021, 1:14:53 PM",Morning Commute,Ride,Shooters ,6811,1.48,,,TRUE,,,activities/5658110563.gpx,,,6811,952,1485.699951,7.800000191,1.560609221,0,0,290.5,292.1000061,1.299999952,0,,,,,,,,67.90612793,72.08100128,,,,,,,,,5,,,,,0,17,1,,1,,1626786048,1,20.71999931,21.39999962,20.29999924,0.970000029,1019.700012,2.289999962,4.78000021,48,0,1626779648,1626831488,0.389999986,,,0,,0.170000002,15631,1,319.7999878,,,,,0.218132436,,,,,,,,,,,,,
5658440616,"Jul 20, 2021, 3:50:41 PM",Morning Walk,Walk,Walk with the puppy ,1364,0.89,,,FALSE,,,activities/5658440616.gpx,,,1364,1067,894.9000244,1.899999976,0.838706672,0,0,289.6000061,291.3999939,2.900000095,0,,,,,,,,,112.2174377,,,,,,,,,3,,,,,0,8,0,,1,,1626793216,1,24.37000084,24.97999954,20.92000008,0.810000002,1020.5,3.410000086,5.269999981,59,0,1626779648,1626831488,0.389999986,,,0,,0.129999995,16093,4,316,,,,,0.656085014,,,,,,,,,,,,,
5658994056,"Jul 20, 2021, 5:25:36 PM",Lunch Commute,Ride,Raider Express ,1485,1.24,,,TRUE,,,activities/5658994056.gpx,,,1485,1063,1248.900024,4.699999809,1.174882412,0,-0.100000001,290.3999939,292.1000061,1.5,0.008007046,,,,,,,,77.30986023,91.6311264,,,,,,,,,5,,,,,0,19,1,,1,,1626800384,1,26.78000069,28.38999939,20.51000023,0.689999998,1019.599976,4.590000153,6.5,61,0,1626779648,1626831488,0.389999986,,,0,,0.159999996,16093,8,319,,,,,0.841010094,,,,,,,,,,,,,
5660479811,"Jul 20, 2021, 9:48:08 PM",Afternoon Commute,Ride,Shooters ,4200,1.11,,,TRUE,,,activities/5660479811.gpx,,,4200,555,1118,4,2.01441431,0,0,290.5,292.1000061,1.600000024,0,,,,,,,,71.22693634,44.07700729,,,,,,,,,5,,,,,0,10,1,,1,,1626814848,2,29.01000023,30.82999992,20.05999947,0.589999974,1017.900024,4.159999847,5.579999924,56,0,1626779648,1626831488,0.389999986,,,0,,0.439999998,16093,5,310.2000122,,,,,0.266190469,,,,,,,,,,,,,
5663018358,"Jul 21, 2021, 11:54:52 AM",Morning Walk,Walk,Walk with the puppy ,2152,1.58,,,FALSE,,,activities/5663018358.gpx,,,2152,1863,1579.599976,3.700000048,0.847879767,0,0,290.3999939,291.7000122,3.099999905,0,,,,,,,,,198.0765076,,,,,,,,,3,,,,,0,15,0,,1,,1626865152,1,18.34000015,18.90999985,18.34000015,1,1018.700012,1.25999999,2.269999981,25,0,1626866176,1626917760,0.419999987,,,0,,0.159999996,13277,0,307.5,,,,,0.734014869,,,,,,,,,,,,,
5663744433,"Jul 21, 2021, 1:24:33 PM",Morning Commute,Ride,Shooters ,6187,1.37,,,TRUE,,,activities/5663744433.gpx,,,6187,535,1374,11.30000019,2.568224192,0,0,290.5,292.1000061,2.400000095,0,,,,,,,,67.77804565,40.4312973,,,,,,,,,5,,,,,0,9,1,,1,,1626872448,1,20.28000069,20.95999908,20.20000076,1,1019.400024,0.939999998,1.779999971,49,0,1626866176,1626917760,0.419999987,,,0,,0.25999999,13762,1,306.7999878,,,,,0.222078547,,,,,,,,,,,,,
5665985099,"Jul 21, 2021, 8:58:23 PM",Afternoon Commute,Ride,Shooters ,6972,1.05,,,TRUE,,,activities/5665985099.gpx,,,6972,478,1055.800049,4,2.208786726,0,0,290.5,292.1000061,2.599999905,0,,,,,,,,67.2697525,35.85276031,,,,,,,,,5,,,,,0,8,1,,1,,1626897664,1,29.34000015,31.87000084,21.15999985,0.610000014,1018.599976,1.830000043,2.49000001,83,0,1626866176,1626917760,0.419999987,,,0,,0.25,16093,8,306.3999939,,,,,0.151434302,,,,,,,,,,,,,
5669245523,"Jul 22, 2021, 1:30:19 PM",Morning Commute,Ride,Shooters ,6689,1.18,,,TRUE,,,activities/5669245523.gpx,,,6689,524,1182.599976,4.300000191,2.25687027,0,0,290.5,292.1000061,1.799999952,0,,,,,,,,58.35443115,34.09415817,,,,,,,,,5,,,,,0,9,1,,1,,1626958848,2,21.63999939,22.34000015,20.81999969,0.949999988,1020.099976,2.589999914,5.130000114,169,0,1626952576,1627004160,0.460000008,,,0,,0.419999987,16093,1,308.2000122,,,,,0.176797733,,,,,,,,,,,,,
5671253381,"Jul 22, 2021, 8:48:58 PM",Afternoon Commute,Ride,Shooters ,6004,1.32,,,TRUE,,,activities/5671253381.gpx,,,6004,770,1325.699951,12.30000019,1.721688271,0,-0.100000001,290.3999939,292.1000061,4,0.007543185,,,,,,,,77.73903656,66.74285126,,,,,,,,,5,,,,,0,13,1,,1,,1626983936,2,30.29999924,34.40999985,22.85000038,0.639999986,1018.299988,2.950000048,3.640000105,206,0,1626952576,1627004160,0.460000008,,,0,,0.5,16093,6,307.7000122,,,,,0.220802799,,,,,,,,,,,,,
5673738505,"Jul 23, 2021, 12:07:21 PM",Morning Walk,Walk,Walk with the puppy ,1703,1.05,,,FALSE,,,activities/5673738505.gpx,,,1703,1259,1058.199951,2.5,0.840508342,0,0,290.3999939,291.7999878,4.400000095,0,,,,,,,,,132.6947021,,,,,,,,,3,,,,,0,10,0,,1,,1627041536,1,21.04999924,21.92000008,21.04999924,1,1018.799988,2.710000038,5.5,179,0,1627038976,1627090560,0.5,,,0,,0.02,15168,0,308.5,,,,,0.621374071,,,,,,,,,,,,,
5674399407,"Jul 23, 2021, 1:18:09 PM",Morning Commute,Ride,Shooters ,6421,1.17,,,TRUE,,,activities/5674399407.gpx,,,6421,582,1173.400024,3.799999952,2.01615119,0,0,290.5,292.1000061,1.600000024,0,,,,,,,,82.74217224,53.69387436,,,,,,,,,5,,,,,0,10,1,,1,,1627045248,1,23.04000092,23.97999954,22.85000038,0.99000001,1019.099976,2.960000038,5.909999847,184,0,1627038976,1627090560,0.5,,,0,,0.07,15447,1,307.5,,,,,0.182744116,,,,,,,,,,,,,
5676380831,"Jul 23, 2021, 8:17:55 PM",Afternoon Commute,Ride,To Shooters ,13354,0.56,,,TRUE,,,activities/5676380831.gpx,,,13354,312,567.7999878,3.700000048,1.819871783,0,0,290.5,292.1000061,1.399999976,0,,,,,,,,89.45959473,31.12120438,,,,,,,,,5,,,,,0,5,1,,1,,1627070464,2,31.75,37.70000076,24.10000038,0.639999986,1016.799988,4.289999962,5.690000057,201,0,1627038976,1627090560,0.5,,,0,,0.379999995,16093,7,304.3999939,,,,,0.042519096,,,,,,,,,,,,,
5679905436,"Jul 24, 2021, 1:39:20 PM",Morning Commute,Ride,Shooters ,6803,1.21,,,TRUE,,,activities/5679905436.gpx,,,6803,549,1215.5,4.400000095,2.214025497,0,-0.100000001,290.3999939,292.1000061,1.299999952,0.008227067,,,,,,,,65.78147125,40.26714325,,,,,,,,,5,,,,,0,9,1,,1,,1627131648,1,24.56999969,25.59000015,23.89999962,0.959999979,1016.299988,3.819999933,8.199999809,199,0,1627125504,1627176960,0.540000021,,,0,,0.059999999,16093,1,301,,,,,0.178671181,,,,,,,,,,,,,
5681901378,"Jul 24, 2021, 8:23:02 PM",Afternoon Commute,Ride,Shooters ,14425,1.13,,,TRUE,,,activities/5681901378.gpx,,,14425,542,1130.5,4.900000095,2.085793257,0,0,290.5,292.1000061,1.5,0,,,,,,,,77.76266479,46.99431229,,,,,,,,,5,,,,,0,9,1,,1,,1627156736,2,32.86000061,40,24.70999908,0.620000005,1014.599976,3.329999924,4.489999771,228,0,1627125504,1627176960,0.540000021,,,0,,0.330000013,16093,7,299.6000061,,,,,0.078370884,,,,,,,,,,,,,
5684971585,"Jul 25, 2021, 12:59:21 PM",Morning Walk,Walk,Walk with the puppy to Raider Express ,3468,1.45,,,FALSE,,,activities/5684971585.gpx,,,3468,1651,1453.900024,3.5,0.880617797,0,0,290.5,292.2000122,5.800000191,0,,,,,,,,,182.3141479,,,,,,,,,3,,,,,0,13,0,,1,,1627214336,1,23.80999947,24.81999969,23.56999969,0.99000001,1014.799988,1.179999948,2.869999886,193,0,1627211904,1627263232,0.569999993,,,0,,0.159999996,16093,0,300.8999939,,,,,0.419232994,,,,,,,,,,,,,
5689717900,"Jul 26, 2021, 12:41:23 PM",Morning Walk,Walk,Walk with the puppy ,1632,1.12,,,FALSE,,,activities/5689717900.gpx,,,1632,1248,1128.5,4.099999905,0.904246807,0,0,290.3999939,291.8999939,4.099999905,0,,,,,,,,,141.5100861,,,,,,,,,3,,,,,0,10,0,,1,,1627300864,2,23.10000038,24.04999924,22.95999908,0.99000001,1014.900024,2.410000086,5.239999771,71,0,1627298432,1627349632,0.610000014,,,0,,0.709999979,11906,0,301,,,,,0.691482842,,,,,,,,,,,,,
5690283163,"Jul 26, 2021, 1:30:08 PM",Morning Commute,Ride,Shooters ,6486,1.14,,,TRUE,,,activities/5690283163.gpx,,,6486,533,1145.900024,3.900000095,2.149906158,0,0,290.5,292.1000061,2.900000095,0,,,,,,,,72.0958252,42.84618759,,,,,,,,,5,,,,,0,9,1,,1,,1627304448,2,23.92000008,24.95999908,23.79000092,0.99000001,1014.900024,2.980000019,5.570000172,74,0,1627298432,1627349632,0.610000014,,,0,,0.709999979,14253,1,299.5,,,,,0.176672831,,,,,,,,,,,,,
5692573896,"Jul 26, 2021, 9:13:23 PM",Afternoon Commute,Ride,Shooters ,9687,1.06,,,TRUE,,,activities/5692573896.gpx,,,9687,513,1060.300049,4.099999905,2.066861629,0,0,290.5,292.1000061,1.5,0,,,,,,,,70.27696228,40.19807053,,,,,,,,,5,,,,,0,9,1,,1,,1627333248,2,31.31999969,38.43000031,25.14999962,0.699999988,1015,3.700000048,3.700000048,76,0,1627298432,1627349632,0.610000014,,,0,,0.379999995,16093,6,300.2999878,,,,,0.109455973,,,,,,,,,,,,,
5695154654,"Jul 27, 2021, 12:58:51 PM",Morning Walk,Walk,Walk with the puppy ,1272,0.9,,,FALSE,,,activities/5695154654.gpx,,,1272,1060,899.7000122,8.399999619,0.848773599,0,0,289.7000122,291.3999939,2.799999952,0,,,,,,,,,112.8193436,,,,,,,,,3,,,,,0,8,0,,1,,1627387136,1,22.76000023,23.63999939,22.35000038,0.980000019,1015.099976,1.279999971,2.190000057,61,0,1627384832,1627435904,0.639999986,,,0,,0.159999996,16093,0,301.2999878,,,,,0.707311332,,,,,,,,,,,,,
5695682239,"Jul 27, 2021, 1:23:30 PM",Morning Commute,Ride,Shooters ,6493,1.15,,,TRUE,,,activities/5695682239.gpx,,,6493,510,1154.900024,4,2.264509916,0,0,290.5,292.1000061,1.299999952,0,,,,,,,,60.90123367,34.6314888,,,,,,,,,5,,,,,0,9,1,,1,,1627390848,1,24.29999924,25.10000038,22.29000092,0.889999986,1016.099976,1.649999976,3,124,0,1627384832,1627435904,0.639999986,,,0,,0.150000006,16093,1,301.3999939,,,,,0.177868471,,,,,,,,,,,,,
5697121651,"Jul 27, 2021, 6:47:02 PM",Lunch Commute,Ride,Raider Express ,2394,1.51,,,TRUE,,,activities/5697121651.gpx,,,2394,694,1512.5,8,2.179394722,0,0,290.5,292.1000061,3,0,,,,,,,,64.00193787,49.52534103,,,,,,,,,5,,,,,0,12,1,,1,,1627408768,1,31.88999939,38.65999985,24.70999908,0.660000026,1016.700012,1.230000019,1.789999962,30,0,1627384832,1627435904,0.639999986,,,0,,0.270000011,16093,9,303.7000122,,,,,0.631787777,,,,,,,,,,,,,
5698146661,"Jul 27, 2021, 9:36:18 PM",Afternoon Commute,Ride,Shooters ,9266,1.33,,,TRUE,,,activities/5698146661.gpx,,,9266,524,1334.400024,8.899999619,2.546564817,0,0,290.3999939,292.1000061,1.700000048,0,,,,,,,,89.84061432,52.49028015,,,,,,,,,5,,,,,0,9,1,,1,,1627419648,1,33.36999893,40.36000061,24.45999908,0.600000024,1015.900024,2.039999962,2.109999895,54,0,1627384832,1627435904,0.639999986,,,0,,0.189999998,16093,6,304.3999939,,,,,0.144010365,,,,,,,,,,,,,
5701042971,"Jul 28, 2021, 1:17:26 PM",Morning Commute,Ride,Shooters ,6503,1.15,,,TRUE,,,activities/5701042971.gpx,,,6503,501,1153.199951,3.799999952,2.301796436,0,0,290.5,292.1000061,1.399999976,0,,,,,,,,61.57635498,34.3974762,,,,,,,,,5,,,,,0,9,1,,1,,1627477248,1,24.53000069,25.37000084,22.68000031,0.889999986,1017.200012,0.569999993,0.910000026,142,0,1627471232,1627522304,0.670000017,,,0,,0.310000002,16093,1,302.5,,,,,0.177333534,,,,,,,,,,,,,
5701163232,"Jul 28, 2021, 3:07:35 PM",Morning Walk,Walk,Walk with the puppy ,1436,1.07,,,FALSE,,,activities/5701163232.gpx,,,1436,1274,1076.400024,2.099999905,0.844897985,0,0,290.3999939,291.6000061,3,0,,,,,,,,,134.9769287,,,,,,,,,3,,,,,0,10,0,,1,,1627484416,1,28.72999954,34.11999893,25.05999947,0.810000002,1018.099976,1.600000024,2.180000067,199,0,1627471232,1627522304,0.670000017,,,0,,0.280000001,16093,4,301.7999878,,,,,0.749582171,,,,,,,,,,,,,
5702954321,"Jul 28, 2021, 7:55:03 PM",Afternoon Commute,Ride,Shooters ,6296,1.08,,,TRUE,,,activities/5702954321.gpx,,,6296,490,1083.599976,4.199999809,2.211428642,0,0,290.5,292.1000061,1.299999952,0,,,,,,,,68.03333282,37.17001343,,,,,,,,,5,,,,,0,8,1,,1,,1627498752,1,33.68000031,42.13000107,25.39999962,0.620000005,1017.400024,1.330000043,1.639999986,238,0,1627471232,1627522304,0.670000017,,,0,,0.209999993,16093,9,300.2999878,,,,,0.172109276,,,,,,,,,,,,,
5706341035,"Jul 29, 2021, 1:17:50 PM",Morning Commute,Ride,Shooters ,7164,1.2,,,TRUE,,,activities/5706341035.gpx,,,7164,525,1204.5,4.199999809,2.294285774,0,0,290.5,292.1000061,1.600000024,0,,,,,,,,55.07635498,32.24032211,,,,,,,,,5,,,,,0,9,1,,1,,1627563648,1,25.05999947,25.95000076,23.14999962,0.889999986,1017.599976,1.539999962,3.400000095,198,0,1627557760,1627608704,0.699999988,,,0,,0.119999997,16093,1,301.2999878,,,,,0.168132335,,,,,,,,,,,,,
5710814734,"Jul 30, 2021, 12:46:55 PM",Morning Walk,Walk,Walk with the puppy ,2025,1.53,,,FALSE,,,activities/5710814734.gpx,,,2025,1711,1535.5,2,0.897428393,0,0,290.3999939,291.7000122,3.700000048,0,,,,,,,,,192.5465088,,,,,,,,,3,,,,,0,14,0,,1,,1627646464,1,21.5,22.20000076,20.71999931,0.949999988,1017.200012,1.409999967,2.900000095,225,0,1627644160,1627694976,0.74000001,,,0,,0.180000007,16093,0,305.7999878,,,,,0.758271635,,,,,,,,,,,,,
5711317751,"Jul 30, 2021, 1:40:04 PM",Morning Commute,Ride,Shooters ,5743,1.17,,,TRUE,,,activities/5711317751.gpx,,,5743,542,1171.5,3.700000048,2.16143918,0,0,290.5,292.2999878,1.700000048,0,,,,,,,,77.08209229,46.58301926,,,,,,,,,5,,,,,0,9,1,,1,,1627650048,1,23.80999947,24.65999985,22.51000023,0.920000017,1017.799988,1.50999999,3.410000086,230,0,1627644160,1627694976,0.74000001,,,0,,0.119999997,16093,1,305.2999878,,,,,0.203987464,,,,,,,,,,,,,
5711969273,"Jul 30, 2021, 5:10:38 PM",Lunch Commute,Ride,Raider Express ,1723,1.14,,,TRUE,,,activities/5711969273.gpx,,,1723,503,1143.699951,3.799999952,2.273757458,0,0,290.5,292.1000061,1.600000024,0,,,,,,,,60.44306946,33.89919281,,,,,,,,,5,,,,,0,9,1,,1,,1627664384,1,32.22000122,38.22999954,24.01000023,0.620000005,1018.400024,3.00999999,3.289999962,241,0,1627644160,1627694976,0.74000001,,,0,,0.109999999,16093,8,303.2000122,,,,,0.663784087,,,,,,,,,,,,,
5713100908,"Jul 30, 2021, 8:35:30 PM",Afternoon Commute,Ride,Shooters ,11252,1.23,,,TRUE,,,activities/5713100908.gpx,,,11252,531,1236.199951,6.300000191,2.32806015,0,0,290.5,292.1000061,1.899999976,0,,,,,,,,83.43686676,49.40005112,,,,,,,,,5,,,,,0,9,1,,1,,1627675136,1,34.34999847,40.38999939,23.47999954,0.529999971,1017,2.539999962,2.829999924,219,0,1627644160,1627694976,0.74000001,,,0,,0.129999995,16093,8,305.5,,,,,0.109864913,,,,,,,,,,,,,
5716592153,"Jul 31, 2021, 1:17:12 PM",Morning Commute,Ride,Shooters ,8095,1.38,,,TRUE,,,activities/5716592153.gpx,,,8095,587,1386.599976,13,2.362180471,0,0,290.5,292.1000061,3.099999905,0,,,,,,,,85.57555389,56.0096283,,,,,,,,,5,,,,,0,10,1,,1,,1627736448,1,25.25,26.06999969,22.71999931,0.860000014,1015.700012,2.869999886,8.819999695,219,0,1627730688,1627781376,0.769999981,,,0,,0.270000011,16093,1,307,,,,,0.171290919,,,,,,,,,,,,,
5718429224,"Jul 31, 2021, 8:56:55 PM",Afternoon Commute,Ride,Shooters ,7486,1.11,,,TRUE,,,activities/5718429224.gpx,,,7486,528,1117.599976,4.900000095,2.116666555,0,0,290.5,292.1000061,1.600000024,0,,,,,,,,67.35353851,39.65237427,,,,,,,,,5,,,,,0,9,1,,1,,1627761664,2,34.13000107,42.5,25.23999977,0.600000024,1014.5,2.640000105,4.519999981,256,0,1627730688,1627781376,0.769999981,,,0,,0.469999999,16093,6,308.6000061,,,,,0.149292007,,,,,,,,,,,,,
5721337279,"Aug 1, 2021, 12:03:49 PM",Morning Walk,Walk,Walk with the puppy to Raider Express ,4841,1.78,,,FALSE,,,activities/5721337279.gpx,,,4841,2068,1784.599976,2.799999952,0.862959385,0,0,290.3999939,292.2999878,4.400000095,0,,,,,,,,,223.7828217,,,,,,,,,3,,,,,0,17,0,,1,,1627819264,3,20.79999924,21.37000084,19.68000031,0.930000007,1017.599976,2.789999962,6.369999886,5,0,1627817088,1627867648,0.800000012,,,0,,0.920000017,16093,0,303.6000061,,,,,0.368642837,,,,,,,,,,,,,
5725715973,"Aug 2, 2021, 10:58:28 AM",Morning Walk,Walk,Walk with the puppy ,1707,1.34,,,FALSE,,,activities/5725715973.gpx,,,1707,1465,1341,2,0.915358365,0,0,290.5,291.5,2.599999905,0,,,,,,,,,168.1568756,,,,,,,,,3,,,,,0,12,0,,1,,1627898368,1,17.82999992,18.17000008,17.13999939,0.959999979,1019.099976,2.619999886,5.550000191,25,0,1627903616,1627954048,0.829999983,,,0,,0.119999997,16093,0,317.2999878,,,,,0.785588741,,,,,,,,,,,,,
5726794674,"Aug 2, 2021, 1:24:49 PM",Morning Commute,Ride,Shooters ,7148,1.24,,,TRUE,,,activities/5726794674.gpx,,,7148,550,1245.5,6.300000191,2.264545441,0,0,290.5,292.1000061,1.200000048,0,,,,,,,,68.47716522,41.99362564,,,,,,,,,5,,,,,0,9,1,,1,,1627909248,1,19.17000008,19.71999931,18.95000076,0.99000001,1020.099976,2.869999886,5.760000229,23,0,1627903616,1627954048,0.829999983,,,0,,0.239999995,14509,1,316.2999878,,,,,0.174244538,,,,,,,,,,,,,
5728843105,"Aug 2, 2021, 7:56:41 PM",Afternoon Commute,Ride,Shooters ,8277,1.11,,,TRUE,,,activities/5728843105.gpx,,,8277,563,1114.800049,3.900000095,1.980106592,0,0,290.5,292.1000061,1.600000024,0,,,,,,,,91.23097229,57.26978683,,,,,,,,,5,,,,,0,10,1,,1,,1627930752,2,27.56999969,29.48999977,20.78000069,0.670000017,1018.400024,3.359999895,3.839999914,37,0,1627903616,1627954048,0.829999983,,,0,,0.519999981,16093,7,308.7000122,,,,,0.134686485,,,,,,,,,,,,,
5731792623,"Aug 3, 2021, 1:02:02 PM",Morning Walk,Walk,Walk with the puppy ,1382,0.92,,,FALSE,,,activities/5731792623.gpx,,,1382,1220,925.2999878,2.299999952,0.75844264,0,-0.200000003,289.6000061,291.3999939,3.299999952,0.021614611,,,,,,,,,116.0294952,,,,,,,,,3,,,,,0,10,0,,1,,1627995648,1,18.01000023,18.39999962,17.51000023,0.970000029,1018.700012,2.019999981,4.760000229,48,0,1627990016,1628040320,0.860000014,,,0,,0.239999995,15874,1,311.2000122,,,,,0.669536889,,,,,,,,,,,,,
5737999248,"Aug 4, 2021, 1:25:54 PM",Morning Commute,Ride,Shooters ,6386,1.41,,,TRUE,,,activities/5737999248.gpx,,,6386,624,1416.400024,10.10000038,2.269871712,0,0,290.5,292.1000061,1.700000048,0,,,,,,,,80.25301361,55.83683395,,,,,,,,,5,,,,,0,11,1,,1,,1628082048,2,18.29999924,18.59000015,17,0.920000017,1019.5,2.220000029,4.21999979,73,0,1628076416,1628126720,0.889999986,,,0,,0.330000013,16093,1,310,,,,,0.22179769,,,,,,,,,,,,,
5739166719,"Aug 4, 2021, 6:11:49 PM",Lunch Commute,Ride,Raider Express ,1535,1.19,,,TRUE,,,activities/5739166719.gpx,,,1535,531,1189.5,5.199999809,2.24011302,0,0,290.5,292.1000061,1.799999952,0,,,,,,,,63.60817337,37.66017151,,,,,,,,,5,,,,,0,9,1,,1,,1628099968,1,26.43000031,27.80999947,20.02000046,0.680000007,1018.900024,2.079999924,2.49000001,108,0,1628076416,1628126720,0.889999986,,,0,,0.310000002,16093,8,305.7000122,,,,,0.774918556,,,,,,,,,,,,,
5740313981,"Aug 4, 2021, 9:35:44 PM",Afternoon Commute,Ride,Shooters ,6650,1.12,,,TRUE,,,activities/5740313981.gpx,,,6650,510,1126.400024,10.39999962,2.208627462,0,0,290.5,292.1000061,1.299999952,0,,,,,,,,70.07311249,39.84707642,,,,,,,,,5,,,,,0,9,1,,1,,1628110848,2,28.18000031,29.70999908,19.67000008,0.600000024,1017.700012,2.029999971,2.690000057,111,0,1628076416,1628126720,0.889999986,,,0,,0.400000006,16093,5,308.5,,,,,0.169383451,,,,,,,,,,,,,
5742739869,"Aug 5, 2021, 12:16:31 PM",Morning Walk,Walk,Walk with the puppy ,1763,1.53,,,FALSE,,,activities/5742739869.gpx,,,1763,1695,1532.300049,1.899999976,0.904011786,4.650000095,4.650000095,287.1000061,291.8999939,3.099999905,0,,,,,,,,,192.1452484,,,,,,,,,3,,,,,0,14,0,,1,,1628164864,2,18.67000008,19.18000031,18.5,0.99000001,1018,2.50999999,5.730000019,170,0,1628162816,1628212992,0.920000017,,,0,,0.870000005,15860,0,307.2000122,,,,,0.869143486,,,,,,,,,,,,,
5743514505,"Aug 5, 2021, 1:27:31 PM",Morning Commute,Ride,Shooters ,7357,1.18,,,TRUE,,,activities/5743514505.gpx,,,7357,545,1187,3.799999952,2.177981615,0,0,290.5,292.1000061,1.299999952,0,,,,,,,,78.86873627,47.92655945,,,,,,,,,5,,,,,0,9,1,,1,,1628168448,2,20.44000053,20.96999931,19.27000046,0.930000007,1017.900024,3.200000048,6.429999828,178,0,1628162816,1628212992,0.920000017,,,0,,0.829999983,15730,1,306.7999878,,,,,0.161342934,,,,,,,,,,,,,
5743983062,"Aug 5, 2021, 4:51:02 PM",Lunch Commute,Ride,Palluccas ,577,0.91,,,TRUE,,,activities/5743983062.gpx,,,577,439,912.2999878,3.700000048,2.078132153,0,0,290.5,292.1000061,2.900000095,0,,,,,,,,71.3455658,34.92258453,,,,,,,,,5,,,,,0,7,1,,1,,1628179200,3,24.47999954,25.11000061,21.06999969,0.810000002,1017.400024,4.460000038,7.110000134,208,0,1628162816,1628212992,0.920000017,,,0,,0.879999995,16093,4,310.5,,,,,1.581109166,,,,,,,,,,,,,
5747677789,"Aug 6, 2021, 11:35:53 AM",Morning Walk,Walk,Walk with the puppy ,1827,1.54,,,FALSE,,,activities/5747677789.gpx,,,1827,1642,1544.800049,4.599999905,0.940803885,4.648694038,4.648694038,287.1000061,291.8999939,2.799999952,0,,,,,,,,,193.7127075,,,,,,,,,3,,,,,0,13,0,,1,,1628247552,1,17.75,18.19000053,17.75,1,1016.700012,2.930000067,7.869999886,190,0,1628249344,1628299392,0.949999988,,,0,,0.109999999,15800,0,303.3999939,,,,,0.845539153,,,,,,,,,,,,,
5748502684,"Aug 6, 2021, 1:25:22 PM",Morning Commute,Ride,Shooters ,6397,1.35,,,TRUE,,,activities/5748502684.gpx,,,6397,703,1350.099976,4.699999809,1.920483589,0,0,290.5,292.1000061,1.600000024,0,,,,,,,,59.21042633,46.41179657,,,,,,,,,5,,,,,0,12,1,,1,,1628254848,1,19.44000053,19.98999977,19.04999924,0.980000019,1017,3.630000114,8.460000038,185,0,1628249344,1628299392,0.949999988,,,0,,0.100000001,16093,1,301,,,,,0.21105206,,,,,,,,,,,,,
5749722902,"Aug 6, 2021, 7:01:52 PM",Lunch Commute,Ride,Raider Express ,2797,1.17,,,TRUE,,,activities/5749722902.gpx,,,2797,532,1178.599976,4.300000191,2.21541357,0,0,290.5,292.1000061,1.399999976,0,,,,,,,,68.25899506,40.48986816,,,,,,,,,5,,,,,0,9,1,,1,,1628276352,1,29.60000038,34.00999832,23.46999931,0.699999988,1015.5,4.190000057,6.070000172,199,0,1628249344,1628299392,0.949999988,,,0,,0.079999998,16093,9,297.3999939,,,,,0.421380043,,,,,,,,,,,,,
5750311269,"Aug 6, 2021, 9:34:27 PM",Afternoon Commute,Ride,Shooters ,6949,1.09,,,TRUE,,,activities/5750311269.gpx,,,6949,548,1093.5,5,1.99543798,0,0,290.5,292.1000061,1.5,0,,,,,,,,83.88342285,51.25444794,,,,,,,,,5,,,,,0,9,1,,1,,1628283648,1,30.32999992,35.40999985,23.82999992,0.680000007,1013.299988,4.579999924,5.980000019,178,0,1628249344,1628299392,0.949999988,,,0,,0.25,16093,6,297.5,,,,,0.157360777,,,,,,,,,,,,,
5753148152,"Aug 7, 2021, 1:00:07 PM",Morning Walk,Walk,Walk with the puppy ,1291,0.9,,,FALSE,,,activities/5753148152.gpx,,,1291,1114,903.2000122,2,0.810772002,0,0,289.6000061,291.3999939,2.299999952,0,,,,,,,,,113.2582321,,,,,,,,,3,,,,,0,9,0,,1,,1628341248,1,22.20000076,22.86000061,20.69000053,0.910000026,1014.5,4.409999847,11.88000011,186,0,1628335744,1628385664,0.980000019,,,0,,0.039999999,16093,1,297.3999939,,,,,0.699612677,,,,,,,,,,,,,
5753875775,"Aug 7, 2021, 1:28:12 PM",Morning Commute,Ride,Shooters ,6817,1.19,,,TRUE,,,activities/5753875775.gpx,,,6817,531,1197.800049,5.199999809,2.25574398,0,0,290.5,292.1000061,1.600000024,0,,,,,,,,73.40470886,43.46035767,,,,,,,,,5,,,,,0,9,1,,1,,1628341248,1,22.20000076,22.86000061,20.69000053,0.910000026,1014.5,4.409999847,11.88000011,186,0,1628335744,1628385664,0.980000019,,,0,,0.039999999,16093,1,297.3999939,,,,,0.175707787,,,,,,,,,,,,,
5755711810,"Aug 7, 2021, 6:57:33 PM",Afternoon Commute,Ride,Shooters ,15515,1.33,,,TRUE,,,activities/5755711810.gpx,,,15515,586,1331.099976,5.599999905,2.27150178,0,0,290.5,292.1000061,1.399999976,0,,,,,,,,95.43489075,62.35620117,,,,,,,,,5,,,,,0,10,1,,1,,1628359168,1,30.47999954,36.45999908,24.59000015,0.709999979,1013.700012,6.079999924,8.409999847,178,0,1628335744,1628385664,0.980000019,,,0,,0.109999999,16093,9,301.3999939,,,,,0.085794389,,,,,,,,,,,,,
5760737068,"Aug 8, 2021, 7:04:54 PM",Afternoon Commute,Ride,Raider Express ,1621,1.18,,,TRUE,,,activities/5760737068.gpx,,,1621,511,1182.699951,4.400000095,2.314481497,0,0,290.5,292.1000061,1.399999976,0,,,,,,,,64.75627899,36.89586258,,,,,,,,,5,,,,,0,9,1,,1,,1628449152,2,29.38999939,34.68000031,24.5,0.75,1010,7.119999886,9.630000114,207,0,1628422272,1628472064,0.02,,,0,,0.540000021,16093,7,303.2000122,,,,,0.729611337,,,,,,,,,,,,,
5761585997,"Aug 9, 2021, 12:44:40 AM",Evening Walk,Walk,Walk with the puppy ,1252,0.69,,,FALSE,,,activities/5761585997.gpx,,,1252,802,694.5,1.700000048,0.865960121,0,0,290.5,292,4.5,0,,,,,,,,,87.08795166,,,,,,,,,3,,,,,0,6,0,,1,,1628467200,2,29.46999931,35.15999985,24.82999992,0.75999999,1008.599976,4.940000057,9.619999886,199,0,1628422272,1628472064,0.02,,,0,,0.439999998,16093,0,307.1000061,,,,,0.554712474,,,,,,,,,,,,,
5763411410,"Aug 9, 2021, 11:48:46 AM",Morning Walk,Walk,Walk with the puppy ,1826,1.52,,,FALSE,,,activities/5763411410.gpx,,,1826,1636,1526.300049,2.900000095,0.932946205,4.662347794,4.662347794,287.1000061,291.8999939,3,0,,,,,,,,,191.392868,,,,,,,,,3,,,,,0,13,0,,1,,1628506752,1,24.21999931,25,22.14999962,0.879999995,1010.5,5.429999828,11.80000019,199,0,1628508672,1628558336,0.050000001,,,0,,0.280000001,16093,0,302.7999878,,,,,0.835870743,,,,,,,,,,,,,
5764133407,"Aug 9, 2021, 1:18:51 PM",Morning Commute,Ride,Shooters ,6189,1.28,,,TRUE,,,activities/5764133407.gpx,,,6189,594,1280,3.799999952,2.154882193,0,0,290.5,292.1000061,1.600000024,0,,,,,,,,69.68308258,46.15180206,,,,,,,,,5,,,,,0,10,1,,1,,1628514048,1,25.03000069,25.84000015,22.61000061,0.860000014,1011.099976,5.269999981,13.64000034,198,0,1628508672,1628558336,0.050000001,,,0,,0.180000007,16093,1,304,,,,,0.206818551,,,,,,,,,,,,,
5765295650,"Aug 9, 2021, 6:09:34 PM",Lunch Commute,Ride,Raider Express ,1448,1.18,,,TRUE,,,activities/5765295650.gpx,,,1448,519,1186.099976,4.699999809,2.285356522,0,0,290.5,292.1000061,1.399999976,0,,,,,,,,74.05511475,42.85458755,,,,,,,,,5,,,,,0,9,1,,1,,1628531968,2,30.82999992,38.47000122,25.75,0.74000001,1011.799988,6.78000021,9.039999962,210,0,1628508672,1628558336,0.050000001,,,0,,0.419999987,16093,8,301.2000122,,,,,0.819129825,,,,,,,,,,,,,
5766312406,"Aug 9, 2021, 8:48:21 PM",Afternoon Commute,Ride,Shooters ,7342,1.09,,,TRUE,,,activities/5766312406.gpx,,,7342,533,1090.900024,3.700000048,2.04671669,0,0,290.5,292.1000061,2.599999905,0,,,,,,,,75.87002563,45.08917618,,,,,,,,,5,,,,,0,9,1,,1,,1628539136,2,31.54999924,40.68999863,26.45999908,0.74000001,1010.599976,6.820000172,8.729999542,204,0,1628508672,1628558336,0.050000001,,,0,,0.569999993,16093,6,303.2000122,,,,,0.148583487,,,,,,,,,,,,,
5768951796,"Aug 10, 2021, 11:51:40 AM",Morning Walk,Walk,Walk with the puppy ,2018,1.57,,,FALSE,,,activities/5768951796.gpx,,,2018,1729,1575.900024,5.199999809,0.911451697,4.631249905,4.631249905,287.1000061,291.8999939,3,0,,,,,,,,,197.6125336,,,,,,,,,3,,,,,0,14,0,,1,,1628593152,1,25.37000084,26.22999954,23.04999924,0.870000005,1013.099976,5.429999828,11.81999969,200,0,1628595072,1628644736,0.090000004,,,0,,0.059999999,16093,0,291.7999878,,,,,0.780921698,,,,,,,,,,,,,
5769696889,"Aug 10, 2021, 1:11:39 PM",Morning Commute,Ride,Shooters ,6129,1.22,,,TRUE,,,activities/5769696889.gpx,,,6129,579,1225.300049,4.300000191,2.116234779,0,0,290.5,292.1000061,2.400000095,0,,,,,,,,93.87619019,60.60506058,,,,,,,,,5,,,,,0,10,1,,1,,1628600448,1,26.13999939,28.18000031,23.43000031,0.850000024,1013.5,6.409999847,13.56000042,196,0,1628595072,1628644736,0.090000004,,,0,,0.059999999,16093,1,293,,,,,0.199918419,,,,,,,,,,,,,
5772143633,"Aug 10, 2021, 8:43:55 PM",Afternoon Commute,Ride,Shooters ,7448,1.11,,,TRUE,,,activities/5772143633.gpx,,,7448,579,1115,4,1.925734043,0,0.100000001,290.3999939,292.2999878,1.899999976,-0.00896861,,,,,,,,75.75750732,48.90790939,,,,,,,,,5,,,,,0,10,1,,1,,1628625664,1,32.93000031,42.38000107,26.21999931,0.680000007,1012.200012,8.149999619,11.14999962,204,0,1628595072,1628644736,0.090000004,,,0,,0.159999996,16093,8,296.1000061,,,,,0.14970462,,,,,,,,,,,,,
5774992592,"Aug 11, 2021, 12:32:42 PM",Morning Walk,Walk,Walk with the puppy ,1596,1,,,FALSE,,,activities/5774992592.gpx,,,1596,1128,1007.799988,5.5,0.89343971,2.355263233,2.355263233,289.2999878,291.7000122,3.799999952,0,,,,,,,,,126.3747177,,,,,,,,,3,,,,,0,9,0,,1,,1628683264,2,24.77000046,25.60000038,22.62999916,0.879999995,1013,6.320000172,12.06999969,203,0,1628681600,1628731008,0.119999997,,,0,,0.330000013,16093,0,294.3999939,,,,,0.631453633,,,,,,,,,,,,,
5775714076,"Aug 11, 2021, 1:31:07 PM",Morning Commute,Ride,Shooters ,6764,1.32,,,TRUE,,,activities/5775714076.gpx,,,6764,539,1321.400024,8.100000381,2.451576948,0,0,290.3999939,292.2999878,2,0,,,,,,,,65.3605423,39.28070831,,,,,,,,,5,,,,,0,9,1,,1,,1628686848,2,25.35000038,26.21999931,23.13999939,0.879999995,1013.400024,6.590000153,12.76000023,198,0,1628681600,1628731008,0.119999997,,,0,,0.330000013,16093,1,295.1000061,,,,,0.19535777,,,,,,,,,,,,,
5778497694,"Aug 11, 2021, 7:07:26 PM",Afternoon Commute,Ride,To Shooters ,341,0.58,,,TRUE,,,activities/5778497694.gpx,,,341,310,587.2000122,3.5,1.89419353,0,-1.799999952,290.3999939,292.2999878,1.700000048,0.306539506,,,,,,,,82.85713959,28.63957214,,,,,,,,,5,,,,,0,5,1,,1,,1628708352,1,32.83000183,41.70000076,25.88999939,0.670000017,1013,8.039999962,10.47999954,206,0,1628681600,1628731008,0.119999997,,,0,,0.159999996,16093,9,290.1000061,,,,,1.721994162,,,,,,,,,,,,,
5780590315,"Aug 12, 2021, 12:25:42 PM",Morning Walk,Walk,Walk with the puppy ,2224,0.93,,,FALSE,,,activities/5780590315.gpx,,,2224,1233,938.4000244,1.799999952,0.761070549,2.319822788,2.219822884,289.2999878,291.7000122,3,0.010656437,,,,,,,,,117.6721878,,,,,,,,,3,,,,,0,10,0,,1,,1628769536,1,23.78000069,24.56999969,22.07999992,0.899999976,1014.200012,4.730000019,11.85000038,199,0,1628768000,1628817408,0.159999996,,,0,,0.07,16093,0,295.7999878,,,,,0.421942443,,,,,,,,,,,,,
5781258464,"Aug 12, 2021, 1:34:53 PM",Morning Commute,Ride,Shooters ,6530,1.21,,,TRUE,,,activities/5781258464.gpx,,,6530,598,1213.199951,5.800000191,2.028762579,0,0,290.3999939,292.2999878,2.5,0,,,,,,,,81.5585556,54.38079834,,,,,,,,,5,,,,,0,10,1,,1,,1628773248,1,25.26000023,26.13999939,23.18000031,0.879999995,1014.299988,4.849999905,12.72999954,198,0,1628768000,1628817408,0.159999996,,,0,,0.119999997,16093,1,297.2999878,,,,,0.185788661,,,,,,,,,,,,,
5783091644,"Aug 12, 2021, 9:09:28 PM",Afternoon Commute,Ride,Shooters ,3345,1.1,,,TRUE,,,activities/5783091644.gpx,,,3345,540,1108.099976,3.799999952,2.052037001,2.099999905,2.099999905,290.3999939,292.6000061,2.5,0,,,,,,,,80.2194519,48.30013275,,,,,,,,,5,,,,,0,9,1,,1,,1628802048,1,33.86000061,43.34000015,26,0.639999986,1013.799988,6.650000095,8.739999771,209,0,1628768000,1628817408,0.159999996,,,0,,0.079999998,16093,6,298.3999939,,,,,0.331270546,,,,,,,,,,,,,
5786468185,"Aug 13, 2021, 1:21:05 PM",Morning Walk,Walk,Shooters ,7329,1.27,,,FALSE,,,activities/5786468185.gpx,,,7329,1503,1269.400024,3.400000095,0.844577491,0,0,290.3999939,292.3999939,2.900000095,0,,,,,,,,,159.1784668,,,,,,,,,3,,,,,0,12,0,,1,,1628859648,5,22,22.69000053,20.82999992,0.930000007,1018.799988,4.46999979,7.260000229,30,6.727399826,1628854528,1628903680,0.189999998,,,1,5,0.970000029,13962,0,303.2999878,,,,,0.173202351,,,,,,,,,,,,,
5788105926,"Aug 13, 2021, 9:02:48 PM",Afternoon Commute,Ride,Shooters ,7016,1.2,,,TRUE,,,activities/5788105926.gpx,,,7016,599,1200.699951,3.599999905,2.004507542,0,0,290.3999939,292.2999878,2.599999905,0,,,,,,,,76.88489532,51.3502655,,,,,,,,,5,,,,,0,10,1,,1,,1628888448,2,28.28000069,32.04999924,23.52000046,0.75,1018.400024,3.089999914,4.130000114,22,0,1628854528,1628903680,0.189999998,,,0,,0.610000014,16093,4,299.2000122,,,,,0.171137407,,,,,,,,,,,,,
5791112669,"Aug 14, 2021, 12:57:49 PM",Morning Walk,Walk,Walk with the puppy ,1604,0.97,,,FALSE,,,activities/5791112669.gpx,,,1604,1250,970.7000122,2.099999905,0.776560009,2.367347002,2.467346907,289.2999878,291.7000122,3.900000095,-0.010301844,,,,,,,,,121.7225037,,,,,,,,,3,,,,,0,10,0,,1,,1628942336,3,20.81999969,21.48999977,20.34000015,0.970000029,1022.400024,2.200000048,4.510000229,53,0,1628940928,1628990080,0.230000004,,,0,,0.879999995,16093,0,302.1000061,,,,,0.605174541,,,,,,,,,,,,,
5791913750,"Aug 14, 2021, 1:37:13 PM",Morning Commute,Ride,Shooters ,7009,1.21,,,TRUE,,,activities/5791913750.gpx,,,7009,528,1213.900024,5,2.299052954,0,0.100000001,290.3999939,292.2999878,1.899999976,-0.00823791,,,,,,,,74.44819641,43.82913971,,,,,,,,,5,,,,,0,9,1,,1,,1628946048,2,21.82999992,22.48999977,20.63999939,0.930000007,1022.900024,2.00999999,4.71999979,57,0,1628940928,1628990080,0.230000004,,,0,,0.75999999,16093,0,301.7999878,,,,,0.173191607,,,,,,,,,,,,,
5793273979,"Aug 14, 2021, 8:19:17 PM",Afternoon Commute,Ride,To Shooters ,325,0.5,,,TRUE,,,activities/5793273979.gpx,,,325,266,508.2000122,3.400000095,1.910526276,0,-1.799999952,290.3999939,292.2999878,2.799999952,0.354191273,,,,,,,,90.72727203,26.90880203,,,,,,,,,5,,,,,0,4,1,,1,,1628971264,1,29.25,31.75,21.13999939,0.620000005,1021.299988,3.180000067,3.400000095,63,0,1628940928,1628990080,0.230000004,,,0,,0.140000001,16093,7,300.7000122,,,,,1.563692331,,,,,,,,,,,,,
5793658362,"Aug 14, 2021, 10:45:42 PM",Afternoon Commute,Ride,From Shooters ,301,0.59,,,TRUE,,,activities/5793658362.gpx,,,301,245,593.2000122,3.700000048,2.421224594,0,1.799999952,290.3999939,292.2999878,0.800000012,-0.303438962,,,,,,,,73.94000244,20.19855881,,,,,,,,,5,,,,,0,4,1,,1,,1628978432,1,29.56999969,32.31000137,21.39999962,0.620000005,1020.700012,2.930000067,3.220000029,67,0,1628940928,1628990080,0.230000004,,,0,,0.289999992,16093,3,303.8999939,,,,,1.97076416,,,,,,,,,,,,,
5797135832,"Aug 15, 2021, 1:24:16 PM",Morning Walk,Walk,Walk with the puppy to Raider Express ,3303,1.73,,,FALSE,,,activities/5797135832.gpx,,,3303,2043,1729.599976,2,0.846598148,0,0.100000001,290.3999939,292.2999878,3,-0.005781684,,,,,,,,,216.8860016,,,,,,,,,3,,,,,0,17,0,,1,,1629032448,1,19.80999947,20.11000061,17.57999992,0.870000005,1020.200012,1.889999986,3.910000086,119,0,1629027456,1629076352,0.270000011,,,0,,0.289999992,16093,0,307.7999878,,,,,0.523645163,,,,,,,,,,,,,
5798885479,"Aug 15, 2021, 7:02:02 PM",Lunch Commute,Ride,Raider Express ,1359,1.21,,,TRUE,,,activities/5798885479.gpx,,,1359,537,1216.5,6.099999905,2.265363216,0,0,290.3999939,292.2999878,2.799999952,0,,,,,,,,72.97007751,43.69119644,,,,,,,,,5,,,,,0,9,1,,1,,1629053952,1,28.28000069,30.65999985,21.35000038,0.660000026,1018.200012,2.660000086,2.960000038,94,0,1629027456,1629076352,0.270000011,,,0,,0.25999999,16093,8,307.2000122,,,,,0.895143509,,,,,,,,,,,,,
5802252897,"Aug 16, 2021, 12:34:59 PM",Morning Commute,Ride,Shooters ,8938,1.17,,,TRUE,,,activities/5802252897.gpx,,,8938,566,1175.5,4.199999809,2.076855183,0,0,290.3999939,292.2999878,2.700000048,0,,,,,,,,96.68261719,61.01543427,,,,,,,,,5,,,,,0,10,1,,1,,1629115136,1,18.51000023,18.85000038,17.39999962,0.930000007,1015.599976,1.49000001,2.720000029,106,0,1629113856,1629162624,0.300000012,,,0,,0.150000006,16093,0,307.3999939,,,,,0.131517112,,,,,,,,,,,,,
5804242495,"Aug 16, 2021, 8:23:08 PM",Afternoon Commute,Ride,Shooters ,7602,1.15,,,TRUE,,,activities/5804242495.gpx,,,7602,549,1152.400024,5.099999905,2.099089146,0,0,290.3999939,292.2999878,1.700000048,0,,,,,,,,48.42443085,29.64228821,,,,,,,,,5,,,,,0,9,1,,1,,1629144064,2,29.26000023,32.27999878,21.92000008,0.649999976,1013.599976,1.25,2.069999933,150,0,1629113856,1629162624,0.300000012,,,0,,0.589999974,16093,6,303.6000061,,,,,0.151591688,,,,,,,,,,,,,
5807600925,"Aug 17, 2021, 1:20:29 PM",Morning Commute,Ride,Shooters ,6721,1.21,,,TRUE,,,activities/5807600925.gpx,,,6721,550,1209.300049,3.700000048,2.198727369,0,0,290.3999939,292.2999878,1.799999952,0,,,,,,,,61.07847595,37.45637512,,,,,,,,,5,,,,,0,9,1,,1,,1629205248,2,21.56999969,22.31999969,21.15999985,0.980000019,1013.900024,1.700000048,4.260000229,164,0,1629200256,1629249024,0.340000004,,,0,,0.649999976,16093,0,301.6000061,,,,,0.179928586,,,,,,,,,,,,,
5809855505,"Aug 17, 2021, 8:43:58 PM",Afternoon Commute,Ride,Shooters ,8352,1.18,,,TRUE,,,activities/5809855505.gpx,,,8352,605,1185.699951,4.099999905,1.959834695,0,0,290.3999939,292.2999878,2.299999952,0,,,,,,,,71.98262787,48.55768204,,,,,,,,,5,,,,,0,10,1,,1,,1629230336,2,28.47999954,31.04000092,21.55999947,0.660000026,1013,2.74000001,4.389999866,145,0,1629200256,1629249024,0.340000004,,,0,,0.680000007,16093,5,299.3999939,,,,,0.141966,,,,,,,,,,,,,
5810571797,"Aug 18, 2021, 2:12:08 AM",Evening Walk,Walk,Walk in memory of the puppy ,3375,1.18,,,FALSE,,,activities/5810571797.gpx,,,3375,1543,1187.400024,7.199999809,0.769539833,0,0,290.3999939,292.2999878,2.799999952,0,,,,,,,,,148.8959503,,,,,,,,,3,,,,,0,12,0,,1,,1629251968,2,23.54000092,24.14999962,20.72999954,0.839999974,1012.700012,2.589999914,6,121,0,1629200256,1629249024,0.340000004,,,0,,0.349999994,16093,0,300,,,,,0.351822227,,,,,,,,,,,,,
5813278444,"Aug 18, 2021, 1:24:11 PM",Morning Commute,Ride,Raider Express and Shooters ,7864,1.73,,,TRUE,,,activities/5813278444.gpx,,,7864,1006,1735.800049,6.599999905,1.725447297,2.017543793,2.017543793,290.3999939,292.5,3.200000048,0,,,,,,,,88.44085693,99.20323181,,,,,,,,,5,,,,,0,18,1,,1,,1629291648,1,20.95999908,21.72999954,20.95999908,1,1015.599976,1.779999971,4.46999979,147,0,1629286784,1629335296,0.379999995,,,0,,0.300000012,15656,0,295.5,,,,,0.220727369,,,,,,,,,,,,,
5815322597,"Aug 18, 2021, 7:41:08 PM",Afternoon Commute,Ride,Shooters ,11187,1.4,,,TRUE,,,activities/5815322597.gpx,,,11187,652,1406.699951,9,2.157515287,0,0,290.3999939,292.2999878,2.299999952,0,,,,,,,,66.11067963,48.06114197,,,,,,,,,5,,,,,0,11,1,,1,,1629313152,2,28.71999931,31.96999931,22.48999977,0.689999998,1015.5,2.839999914,3.890000105,164,0.065399997,1629286784,1629335296,0.379999995,,,0.129999995,5,0.680000007,16093,6,294,,,,,0.125744164,,,,,,,,,,,,,
5815817747,"Aug 19, 2021, 12:49:59 AM",Evening Walk,Walk,Another memorial for my puppy. Damn I miss her and being able to go on walks with her.,1611,0.93,,,FALSE,,,activities/5815817747.gpx,,,1611,1142,937.2999878,2.700000048,0.820753038,0,0,290.3999939,292,2,0,,,,,,,,,117.534256,,,,,,,,,3,,,,,0,9,0,,1,,1629331200,2,26.70999908,28.87999916,22.32999992,0.769999981,1014.5,3.650000095,5.949999809,137,0,1629286784,1629335296,0.379999995,,,0,,0.400000006,16093,0,297.1000061,,,,,0.581812561,,,,,,,,,,,,,
5818698735,"Aug 19, 2021, 1:25:37 PM",Morning Commute,Ride,Shooters ,7329,1.27,,,TRUE,,,activities/5818698735.gpx,,,7329,576,1273.099976,8,2.210242987,0,0,290.3999939,292.5,4.400000095,0,,,,,,,,79.33023071,50.94904709,,,,,,,,,5,,,,,0,10,1,,1,,1629378048,2,22.45000076,23.29000092,22.03000069,0.970000029,1016.400024,2.569999933,6.019999981,152,0,1629373184,1629421568,0.409999996,,,0,,0.569999993,16093,0,291.5,,,,,0.173707187,,,,,,,,,,,,,
5820508569,"Aug 19, 2021, 6:08:05 PM",Afternoon Walk,Walk,Memorial walk for Sadie. I really miss her and walking with her.,12867,1.36,,,FALSE,,,activities/5820508569.gpx,,,12867,1514,1362.900024,6.599999905,0.900198162,0,0,290.3999939,292.2999878,2.799999952,0,,,,,,,,,170.9030609,,,,,,,,,3,,,,,0,12,0,,1,,1629395968,2,29.22999954,34.25,24.31999969,0.75,1014.700012,3.549999952,5.619999886,153,0,1629373184,1629421568,0.409999996,,,0,,0.529999971,16093,7,291,,,,,0.105922125,,,,,,,,,,,,,
5825598747,"Aug 20, 2021, 9:25:35 PM",Afternoon Commute,Ride,Shooters ,3877,1.09,,,TRUE,,,activities/5825598747.gpx,,,3877,558,1092.900024,6.599999905,1.95860219,0,0,290.3999939,292.2999878,2.700000048,0,,,,,,,,76.19093323,47.40371323,,,,,,,,,5,,,,,0,10,1,,1,,1629493248,3,30.30999947,36.95999908,25.21999931,0.74000001,1007.5,4.340000153,5.960000038,186,0,1629459712,1629507968,0.449999988,,,0,,0.910000026,16093,4,284.6000061,,,,,0.281893224,,,,,,,,,,,,,
5829847450,"Aug 21, 2021, 1:43:47 PM",Morning Commute,Ride,Shooters and the Emergency Room,345,0.6,,,TRUE,,,activities/5829847450.gpx,,,345,335,605.7999878,3.900000095,1.808358192,0,-1.700000048,290.3999939,292.2999878,1.799999952,0.280620664,,,,,,,,76.72649384,28.65926361,,,,,,,,,5,,,,,0,6,1,,1,,1629550848,2,22.54999924,23.29000092,21.36000061,0.930000007,1010.599976,2.529999971,5.010000229,184,0,1629546112,1629594240,0.49000001,,,0,,0.620000005,16093,0,286.7000122,,,,,1.755941987,,,,,,,,,,,,,
5847521644,"Aug 24, 2021, 9:08:16 PM",Afternoon Walk,Walk,From Shooters ,750,0.61,,,FALSE,,,activities/5847521644.gpx,,,750,683,614.2000122,3.099999905,0.899267912,0,1.799999952,290.3999939,292.2999878,3.099999905,-0.293064147,,,,,,,,,77.01860809,,,,,,,,,3,,,,,0,5,0,,1,,1629838848,1,33.59999847,38.97999954,23.12000084,0.540000021,1012,6.210000038,8.229999542,191,0,1629805440,1629853312,0.589999974,,,0,,0.090000004,16093,5,293.8999939,,,,,0.818933308,,,,,,,,,,,,,
5851105926,"Aug 25, 2021, 2:14:05 PM",Morning Commute,Ride,Raider Express ,1216,1.23,,,TRUE,,,activities/5851105926.gpx,,,1216,492,1230.900024,7,2.501829386,0,0,290.3999939,292.2999878,1.700000048,0,,,,,,,,64.79156494,35.54335403,,,,,,,,,5,,,,,0,8,1,,1,,1629900032,1,26.15999985,28.05999947,22.81999969,0.819999993,1016.900024,3.980000019,8.170000076,186,0,1629891840,1629939584,0.620000005,,,0,,0,16093,2,290,,,,,1.012253284,,,,,,,,,,,,,
5853356335,"Aug 25, 2021, 8:35:13 PM",Afternoon Commute,Ride,Shooters ,4912,1.15,,,TRUE,,,activities/5853356335.gpx,,,4912,557,1158.699951,4.800000191,2.080251455,0,0,290.3999939,292.2999878,1.700000048,0,,,,,,,,71.85922241,44.62852859,,,,,,,,,5,,,,,0,10,1,,1,,1629921536,1,33.61999893,40.50999832,24.32999992,0.579999983,1015.700012,4.710000038,6.110000134,188,0,1629891840,1629939584,0.620000005,,,0,,0.050000001,16093,7,289.2000122,,,,,0.2358917,,,,,,,,,,,,,
5856844405,"Aug 26, 2021, 1:28:30 PM",Morning Commute,Ride,"Shooters 
",7081,1.22,,,TRUE,,,activities/5856844405.gpx,,,7081,569,1225.599976,3.599999905,2.153954268,0,0,290.3999939,292.2999878,4.699999809,0,,,,,,,,73.33867645,46.52862167,,,,,,,,,5,,,,,0,10,1,,1,,1629982848,1,23.45999908,24.44000053,23.22999954,0.99000001,1018,2.029999971,4.840000153,175,0,1629978368,1630025856,0.649999976,,,0,,0.01,16093,0,291,,,,,0.173082903,,,,,,,,,,,,,
5858727573,"Aug 26, 2021, 8:58:01 PM",Afternoon Commute,Ride,Shooters ,5921,1.22,,,TRUE,,,activities/5858727573.gpx,,,5921,570,1225.800049,9.600000381,2.150526285,0,0.100000001,290.3999939,292.2999878,1.799999952,-0.008157938,,,,,,,,79.52205658,50.54024506,,,,,,,,,5,,,,,0,10,1,,1,,1630008064,1,33.52000046,43.24000168,26.22999954,0.660000026,1015.400024,3.25,4.03000021,184,0,1629978368,1630025856,0.649999976,,,0,,0.100000001,16093,7,289.3999939,,,,,0.207025841,,,,,,,,,,,,,
5861833664,"Aug 27, 2021, 1:20:51 PM",Morning Commute,Ride,Shooters ,6866,2,,,TRUE,,,activities/5861833664.gpx,,,6866,938,2004.800049,12.10000038,2.137313366,0,0,290.3999939,292.3999939,3.599999905,0,,,,,,,,75.99269867,79.47848511,,,,,,,,,5,,,,,0,16,1,,1,,1630069248,1,23.70000076,24.62999916,23,0.959999979,1015.900024,3.400000095,9.340000153,186,0,1630064768,1630112128,0.680000007,,,0,,0,16093,0,283.7000122,,,,,0.291989505,,,,,,,,,,,,,
5862943115,"Aug 27, 2021, 6:33:31 PM",Afternoon Walk,Walk,Another of Sadie's favorite walks,3868,1.26,,,FALSE,,,activities/5862943115.gpx,,,3868,1495,1264.900024,2.799999952,0.846086979,0,0,290.3999939,292.2999878,2.900000095,0,,,,,,,,,158.6141815,,,,,,,,,3,,,,,0,12,0,,1,,1630087168,1,31.44000053,39.56999969,25.85000038,0.720000029,1015.700012,5.269999981,6.949999809,196,0,1630064768,1630112128,0.680000007,,,0,,0.059999999,16093,9,285.2000122,,,,,0.327016532,,,,,,,,,,,,,
5863726683,"Aug 27, 2021, 10:44:06 PM",Evening Commute,Ride,Shooters ,6399,1.28,,,TRUE,,,activities/5863726683.gpx,,,6399,544,1283.400024,9.100000381,2.359191179,0,0,290.3999939,292.2999878,2.200000048,0,,,,,,,,75.39421082,45.73111343,,,,,,,,,5,,,,,0,9,1,,1,,1630101632,1,32.61999893,39.45000076,24.54999924,0.629999995,1013.599976,4.570000172,6.539999962,181,0,1630064768,1630112128,0.680000007,,,0,,0.119999997,16093,3,285.2000122,,,,,0.200562581,,,,,,,,,,,,,
5867156954,"Aug 28, 2021, 1:21:45 PM",Morning Commute,Ride,Shooters ,6764,1.25,,,TRUE,,,activities/5867156954.gpx,,,6764,616,1253.199951,3.799999952,2.034415483,0,0,290.3999939,292.2999878,1.899999976,0,,,,,,,,81.09619904,55.70011139,,,,,,,,,5,,,,,0,11,1,,1,,1630155648,1,23.18000031,23.72999954,20.20000076,0.829999983,1017.5,2.930000067,7.539999962,165,0,1630151296,1630198528,0.709999979,,,0,,0,16093,0,289.1000061,,,,,0.185274988,,,,,,,,,,,,,
5868720056,"Aug 28, 2021, 6:24:48 PM",Afternoon Commute,Ride,Shooters ,9926,1.17,,,TRUE,,,activities/5868720056.gpx,,,9926,530,1170.800049,6.099999905,2.209056616,0,-0.100000001,290.3999939,292.2999878,2.799999952,0.008541169,,,,,,,,79.49868774,46.97974777,,,,,,,,,5,,,,,0,9,1,,1,,1630173568,1,30.57999992,33.95000076,21.90999985,0.600000024,1017.200012,3.940000057,5.809999943,178,0,1630151296,1630198528,0.709999979,,,0,,0.230000004,16093,8,288.6000061,,,,,0.117952853,,,,,,,,,,,,,
5869373257,"Aug 29, 2021, 12:12:54 AM",Evening Walk,Walk,Another of the puppy's favorite walks ,5532,1.05,,,FALSE,,,activities/5869373257.gpx,,,5532,1413,1055.5,1.899999976,0.74699223,0,0,290.3999939,292.2999878,2.900000095,0,,,,,,,,,132.3561401,,,,,,,,,3,,,,,0,11,0,,1,,1630195200,1,29.89999962,33.95000076,22.93000031,0.660000026,1014,4.03000021,7.739999771,164,0,1630151296,1630198528,0.709999979,,,0,,0.310000002,16093,0,287.3999939,,,,,0.190798983,,,,,,,,,,,,,
5873430603,"Aug 29, 2021, 3:24:29 PM",Morning Walk,Walk,Another Sadie favorite ,5780,1.21,,,FALSE,,,activities/5873430603.gpx,,,5780,1421,1216.599976,3.900000095,0.85615766,0,-0.100000001,290.3999939,292.2999878,1.799999952,0.008219629,,,,,,,,,152.5575256,,,,,,,,,3,,,,,0,11,0,,1,,1630249216,2,27.05999947,29.20999908,21.76000023,0.730000019,1018.400024,1.539999962,3.50999999,191,0,1630237696,1630284800,0.74000001,,,0,,0.419999987,16093,3,292.2999878,,,,,0.21048443,,,,,,,,,,,,,
5877428669,"Aug 30, 2021, 1:11:15 PM",Morning Commute,Ride,Shooters ,7038,1.53,,,TRUE,,,activities/5877428669.gpx,,,7038,686,1531.400024,9.699999809,2.232361555,0,0.100000001,290.3999939,292.3999939,2.599999905,-0.006529972,,,,,,,,80.27746582,61.40343094,,,,,,,,,5,,,,,0,12,1,,1,,1630328448,1,22.01000023,22.72999954,21.09000015,0.949999988,1013.799988,1.580000043,2.029999971,93,0,1630324096,1630371072,0.769999981,,,0,,0.280000001,16093,0,292.1000061,,,,,0.217590228,,,,,,,,,,,,,
5878795718,"Aug 30, 2021, 7:07:52 PM",Lunch Commute,Ride,Raider Express ,1924,1.14,,,TRUE,,,activities/5878795718.gpx,,,1924,529,1148,4,2.170132399,0,0,290.3999939,292.2999878,1.899999976,0,,,,,,,,67.95161438,40.08023834,,,,,,,,,5,,,,,0,9,1,,1,,1630349952,2,30.28000069,34.63000107,23.11000061,0.660000026,1010,2.130000114,2.619999886,114,0,1630324096,1630371072,0.769999981,,,0,,0.610000014,16093,6,289.7999878,,,,,0.596673608,,,,,,,,,,,,,
5882750163,"Aug 31, 2021, 1:16:03 PM",Morning Commute,Ride,Shooters ,7931,1.3,,,TRUE,,,activities/5882750163.gpx,,,7931,938,1302.699951,3.700000048,1.388805985,0,0,290.3999939,292.2999878,2.299999952,0,,,,,,,,89.21199799,93.30415344,,,,,,,,,5,,,,,0,16,1,,1,,1630414848,1,21.04999924,21.80999947,20.97999954,1,1008.599976,1.379999995,2.980000019,182,0,1630410624,1630457472,0.800000012,,,0,,0.150000006,16093,0,289.2000122,,,,,0.164254189,,,,,,,,,,,,,
5888197910,"Sep 1, 2021, 2:58:16 PM",Morning Commute,Ride,From Shooters ,310,0.59,,,TRUE,,,activities/5888197910.gpx,,,310,287,597.0999756,3.799999952,2.080487728,0,1.799999952,290.3999939,292.2999878,0.5,-0.301457047,,,,,,,,74.44549561,23.82293129,,,,,,,,,5,,,,,0,5,1,,1,,1630504832,2,21.70999908,22.45000076,21.06999969,0.959999979,1011.099976,4.119999886,5.760000229,71,0,1630497024,1630543744,0.829999983,,,0,,0.540000021,16093,1,287.2000122,,,,,1.926128983,,,,,,,,,,,,,
5891401896,"Sep 1, 2021, 9:02:52 PM",Afternoon Commute,Ride,Shooters ,304,0.55,,,TRUE,,,activities/5891401896.gpx,,,304,296,555.5,4.599999905,1.876689196,0,-1.700000048,290.5,292.2999878,1.600000024,0.306030601,,,,,,,,74.80841064,24.68976784,,,,,,,,,5,,,,,0,5,1,,1,,1630530048,1,29.28000069,33.47999954,23.39999962,0.709999979,1010.799988,4.21999979,4.760000229,69,0,1630497024,1630543744,0.829999983,,,0,,0.050000001,16093,5,287.6000061,,,,,1.827302575,,,,,,,,,,,,,
5894625479,"Sep 2, 2021, 5:36:58 PM",Lunch Walk,Walk,Palluccas ,1195,0.99,,,FALSE,,,activities/5894625479.gpx,,,1195,1151,996.7999878,2.5,0.866029561,0,0,290.3999939,292.2999878,2.599999905,0,,,,,,,,,124.9953537,,,,,,,,,3,,,,,0,9,0,,1,,1630601984,1,28.01000023,31.20000076,22.87999916,0.74000001,1015.099976,5.050000191,6.409999847,144,0,1630583552,1630630144,0.870000005,,,0,,0.100000001,16093,7,289.2000122,,,,,0.834142268,,,,,,,,,,,,,
5898547433,"Sep 3, 2021, 1:22:39 PM",Morning Walk,Walk,To Shooters ,693,0.57,,,FALSE,,,activities/5898547433.gpx,,,693,641,577.5,2.900000095,0.900936067,0,-1.600000024,290.3999939,292.2999878,2.599999905,0.277056277,,,,,,,,,72.41654968,,,,,,,,,3,,,,,0,5,0,,1,,1630674048,2,23.04000092,23.56999969,20.03000069,0.829999983,1014.299988,4.880000114,12.31999969,178,0,1630669952,1630716416,0.899999976,,,0,,0.340000004,16093,0,289.7999878,,,,,0.833333313,,,,,,,,,,,,,
5898958358,"Sep 3, 2021, 3:01:40 PM",Morning Commute,Ride,From Shooters ,285,0.51,,,TRUE,,,activities/5898958358.gpx,,,285,274,510.8999939,3.700000048,1.864598513,0,1.799999952,290.3999939,292.2999878,0.600000024,-0.352319449,,,,,,,,62.32323074,19.04037094,,,,,,,,,5,,,,,0,4,1,,1,,1630681216,2,26.48999977,28.71999931,23,0.810000002,1013.700012,6.130000114,12.55000019,199,0,1630669952,1630716416,0.899999976,,,0,,0.50999999,16093,3,287.1000061,,,,,1.792631626,,,,,,,,,,,,,
5900805763,"Sep 3, 2021, 10:30:03 PM",Afternoon Commute,Ride,Shooters ,2241,1.11,,,TRUE,,,activities/5900805763.gpx,,,2241,648,1115.199951,5.599999905,1.720987678,0,0.200000003,290.3999939,292.2999878,2.599999905,-0.017934002,,,,,,,,85.09923553,61.48590088,,,,,,,,,5,,,,,0,11,1,,1,,1630706432,2,30.86000061,39.61999893,26.51000023,0.779999971,1010.5,2.519999981,4.900000095,205,0,1630669952,1630716416,0.899999976,,,0,,0.709999979,16093,2,283.7000122,,,,0,0.497634977,,,,,,,,,,,,,
5904869949,"Sep 4, 2021, 1:38:41 PM",Morning Commute,Ride,Shooters ,7894,1.23,,,TRUE,,,activities/5904869949.gpx,,,7894,587,1237.800049,4.099999905,2.108688354,0,0,290.3999939,292.3999939,2,0,,,,,,,,83.00705719,54.32853317,,,,,,,,,5,,,,,0,10,1,,1,,1630760448,2,23.04000092,23.88999939,22.28000069,0.959999979,1012.700012,2.019999981,2.960000038,170,0,1630756480,1630802688,0.930000007,,,0,,0.709999979,14541,0,285.2000122,,,,0,0.156802639,,,,,,,,,,,,,
5906860724,"Sep 4, 2021, 10:59:53 PM",Evening Commute,Ride,Shooters ,6571,1.1,,,TRUE,,,activities/5906860724.gpx,,,6571,579,1100.300049,4.5,1.900345445,0,0,290.3999939,292.2999878,2.200000048,0,,,,,,,,84.54963684,54.58397675,,,,,,,,,5,,,,,0,10,1,,1,,1630792832,2,25.04000092,25.87999916,22.72999954,0.870000005,1010.700012,4.639999866,6.230000019,353,0,1630756480,1630802688,0.930000007,,,0,,0.670000017,16093,2,285.6000061,,,,0,0.16744788,,,,,,,,,,,,,
5911686314,"Sep 5, 2021, 1:10:34 PM",Morning Commute,Ride,Shooters ,15907,1.2,,,TRUE,,,activities/5911686314.gpx,,,15907,590,1202.300049,3.700000048,2.037796497,0,0.100000001,290.3999939,292.2999878,1.600000024,-0.008317391,,,,,,,,76.25512695,50.16443253,,,,,,,,,5,,,,,0,10,1,,1,,1630846848,2,18.39999962,18.78000069,17.56999969,0.949999988,1016.400024,2.890000105,4.960000038,52,0,1630842880,1630888960,0.970000029,,,0,,0.730000019,15533,0,290.8999939,,,,0,0.075583078,,,,,,,,,,,,,
5917492000,"Sep 6, 2021, 5:33:43 PM",Afternoon Commute,Ride,Shooters ,10193,1.36,,,TRUE,,,activities/5917492000.gpx,,,10193,603,1364.300049,8.800000191,2.26252079,0,-0.100000001,290.2999878,292.3999939,2.5,0.007329766,,,,,,,,74.85021973,50.32517242,,,,,,,,,5,,,,,0,10,1,,1,,1630947584,1,27.28000069,28.42000008,18.78000069,0.600000024,1017.400024,3.460000038,3.890000105,225,0,1630929280,1630975360,0,,,0,,0,16093,7,291.7000122,,,,0,0.13384676,,,,,,,,,,,,,
5921244339,"Sep 7, 2021, 1:50:04 PM",Morning Commute,Ride,Shooters ,4601,1.25,,,TRUE,,,activities/5921244339.gpx,,,4601,590,1252.5,4.599999905,2.122881413,0,0,290.3999939,292.5,2.799999952,0,,,,,,,,88.7142868,58.36069107,,,,,,,,,5,,,,,0,10,1,,1,,1631019648,1,19.62000084,19.87999916,17.17000008,0.860000014,1013.200012,4.210000038,10.02000046,203,0,1631015808,1631061632,0.039999999,,,0,,0.07,16093,0,290.7999878,,,,0,0.272223443,,,,,,,,,,,,,
5923576087,"Sep 7, 2021, 8:29:01 PM",Afternoon Commute,Ride,Shooters ,6410,1.7,,,TRUE,,,activities/5923576087.gpx,,,6410,703,1702.199951,7.5,2.421337128,0,0,290.3999939,292.2999878,2.599999905,0,,,,,,,,75.53926849,59.21107864,,,,,,,,,5,,,,,0,12,1,,1,,1631044864,1,31.89999962,34.31999969,20.37999916,0.50999999,1010.299988,6.46999979,8.039999962,214,0,1631015808,1631061632,0.039999999,,,0,,0.059999999,16093,6,291.2999878,,,,0,0.265553832,,,,,,,,,,,,,
5926926685,"Sep 8, 2021, 1:27:50 PM",Morning Commute,Ride,Shooters ,5783,1.17,,,TRUE,,,activities/5926926685.gpx,,,5783,595,1171.199951,3.700000048,1.968403339,0,0,290.3999939,292.2999878,1.700000048,0,,,,,,,,87.20722961,57.85545731,,,,,,,,,5,,,,,0,10,1,,1,,1631106048,1,15.53999996,15.53999996,13.85000038,0.899999976,1016.700012,2.200000048,5.599999905,347,0,1631102208,1631147904,0.07,,,0,,0.02,16093,0,298.1000061,,,,0,0.202524647,,,,,,,,,,,,,
5929909673,"Sep 8, 2021, 8:30:02 PM",Evening Commute,Ride,Who cares?,22672,1.16,,,TRUE,,,activities/5929909673.gpx,,,22672,924,1160,8.100000381,1.255411267,0,0.100000001,290.3999939,292.2999878,3.400000095,-0.00862069,,,,,,,,99.73794556,102.756012,,,,,,,,,10,,,,,0,56,1,,1,,1631131136,1,27.80999947,27.80999947,12.25,0.379999995,1016.099976,5.340000153,9.430000305,1,0,1631102208,1631147904,0.07,,,0,,0,16093,6,295.7000122,,,,0,0.051164433,,,,,,,,,,,,,
5932374040,"Sep 9, 2021, 1:28:17 PM",Morning Commute,Ride,Shooters ,5892,1.21,,,TRUE,,,activities/5932374040.gpx,,,5892,705,1210.199951,4.199999809,1.716595769,0,0,290.3999939,292.2999878,2.700000048,0,,,,,,,,84.58071136,66.48678589,,,,,,,,,5,,,,,0,12,1,,1,,1631192448,2,14.94999981,14.94999981,13.44999981,0.910000026,1018,0.980000019,1.679999948,223,0,1631188736,1631234176,0.109999999,,,0,,0.469999999,16093,0,294.2999878,,,,0,0.205397144,,,,,,,,,,,,,
5932997681,"Sep 9, 2021, 4:58:45 PM",Lunch Commute,Ride,Palluccas ,572,0.94,,,TRUE,,,activities/5932997681.gpx,,,572,464,947.2999878,10.5,2.041594744,0,0,290.3999939,292.2999878,2.200000048,0,,,,,,,,57.31805801,29.65407181,,,,,,,,,5,,,,,0,8,1,,1,,1631203200,1,23.65999985,23.67000008,15.68000031,0.610000014,1019,2.440000057,3.609999895,224,0,1631188736,1631234176,0.109999999,,,0,,0.109999999,16093,5,295.7999878,,,,0,1.65611887,,,,,,,,,,,,,
5937485799,"Sep 10, 2021, 1:37:49 PM",Morning Commute ,Ride,,5471,1.23,,,FALSE,Shooters,,activities/5937485799.gpx,,,5471,623,1235.300049,8.699999809,1.982825041,0,0,290.3999939,292.2999878,2.099999905,0,,,,,,,,84.17573547,58.472229,,,,,,,,,5,,,,,0,11,0,,1,,1631278848,1,17.88999939,17.95999908,15.39999962,0.850000024,1016.099976,3.710000038,9.31000042,191,0,1631275136,1631320576,0.150000006,,,0,,0.029999999,16093,0,295.3999939,,,,0,0.22579053,,,,,,,,,,,,,
5939431003,"Sep 10, 2021, 9:26:09 PM",Evening Commute ,Ride,,10259,1.26,,,FALSE,Shooters,,activities/5939431003.gpx,,,10259,565,1261.800049,8.199999809,2.233274221,0,0,290.3999939,292.2999878,2.400000095,0,,,,,,,,82.10514832,51.72419357,,,,,,,,,5,,,,,0,10,0,,1,,1631307648,1,31.64999962,32.49000168,17.90999985,0.439999998,1012.799988,6.690000057,9.039999962,205,0,1631275136,1631320576,0.150000006,,,0,,0,16093,4,294.2000122,,,,0,0.122994445,,,,,,,,,,,,,
5943013358,"Sep 11, 2021, 1:34:18 PM",Morning Commute ,Ride,,5861,1.19,,,FALSE,Shooters,,activities/5943013358.gpx,,,5861,630,1195.599976,5.300000191,1.897777796,2.028749943,2.028749943,290.3999939,292.6000061,2.799999952,0,,,,,,,,85.36463165,59.96438217,,,,,,,,,5,,,,,0,11,0,,1,,1631365248,1,19.93000031,19.95000076,15.46000004,0.75,1015.900024,6.130000114,15.10999966,205,0,1631361536,1631406848,0.189999998,,,0,,0.039999999,16093,0,292.5,,,,0,0.203992486,,,,,,,,,,,,,
5945226628,"Sep 11, 2021, 8:14:51 PM",Evening Commute ,Ride,,14986,1.19,,,TRUE,,,activities/5945226628.gpx,,,14986,668,1192.800049,9.600000381,1.785628796,0,0,290.3999939,292.2999878,1.700000048,0,,,,,,,,69.9270401,52.0830574,,,,,,,,,5,,,,,0,12,1,,1,,1631390464,1,31.87000084,33.31000137,18.93000031,0.460000008,1014.599976,7.46999979,10.27000046,208,0,1631361536,1631406848,0.189999998,,,0,,0.059999999,16093,6,297.8999939,,,,0,0.079594284,,,,,,,,,,,,,
5949080941,"Sep 12, 2021, 2:47:39 PM",Morning Commute ,Ride,,821,1.17,,,TRUE,Shooters,,activities/5949080941.gpx,,,821,621,1178.400024,4.599999905,1.897584558,0,0,290.3999939,292.2999878,3.099999905,0,,,,,,,,74.34599304,51.47827911,,,,,,,,,5,,,,,0,11,1,,1,,1631455232,1,21.77000046,21.85000038,16.25,0.709999979,1017.799988,6.619999886,12.89000034,209,0,1631448064,1631493120,0.219999999,,,0,,0.029999999,16093,1,292.7000122,,,,0,1.435322762,,,,,,,,,,,,,
5953921674,"Sep 13, 2021, 1:29:40 PM",Morning Commute ,Ride,,5996,1.23,,,TRUE,Shooters,,activities/5953921674.gpx,,,5996,601,1230.099976,5.900000095,2.046755314,0,0,290.5,292.5,2.299999952,0,,,,,,,,81.51428223,54.62394714,,,,,,,,,5,,,,,0,10,1,,1,,1631538048,1,17.90999985,17.97999954,15.36999989,0.850000024,1017.700012,3.609999895,8.800000191,184,0,1631534464,1631579520,0.25999999,,,0,,0.029999999,16093,0,291.2000122,,,,0,0.205153435,,,,,,,,,,,,,
5956277914,"Sep 13, 2021, 9:18:50 PM",Afternoon Commute ,Ride,,9037,1.12,,,TRUE,Shotters,,activities/5956277914.gpx,,,9037,567,1123.699951,8.5,1.981834173,0,0,290.3999939,292.2999878,2.700000048,0,,,,,,,,89.37750244,56.50490189,,,,,,,,,5,,,,,0,10,1,,1,,1631566848,1,31.12000084,32.88999939,19.59000015,0.5,1013.299988,6.809999943,9.270000458,203,0,1631534464,1631579520,0.25999999,,,0,,0.01,16093,4,281.1000061,,,,0,0.124344364,,,,,,,,,,,,,
5959184229,"Sep 14, 2021, 1:25:27 PM",Morning Commute ,Ride,,5737,1.29,,,TRUE,Shooters ,,activities/5959184229.gpx,,,5737,659,1292.300049,8.699999809,1.961001515,2.057142973,2.057142973,290.3999939,292.5,3.099999905,0,,,,,,,,76.6891098,56.3500061,,,,,,,,,5,,,,,0,11,1,,1,,1631624448,2,21.89999962,22.59000015,20.79000092,0.930000007,1014.299988,5.039999962,11.85000038,209,0,1631620864,1631665792,0.300000012,,,0,,0.479999989,16093,0,285.6000061,,,,0,0.225257099,,,,,,,,,,,,,
5961547265,"Sep 14, 2021, 9:07:42 PM",Afternoon Commute ,Ride,,7249,1.13,,,TRUE,Shooters ,,activities/5961547265.gpx,,,7249,573,1136.5,3.799999952,1.98342061,0,0.100000001,290.3999939,292.2999878,1.700000048,-0.008798944,,,,,,,,85.59855652,54.68849182,,,,,,,,,5,,,,,0,10,1,,1,,1631653248,2,30.02000046,32.88999939,21.43000031,0.600000024,1011.200012,4.309999943,5.860000134,227,0,1631620864,1631665792,0.300000012,,,0,,0.449999988,16093,4,284.7000122,,,,0,0.156780243,,,,,,,,,,,,,
5969995789,"Sep 16, 2021, 1:26:36 PM",Morning Commute ,Ride,,6482,1.23,,,TRUE,Shooters ,,activities/5969995789.gpx,,,6482,669,1229.699951,3.599999905,1.838116646,2.070551157,2.070551157,290.3999939,292.5,3,0,,,,,,,,73.18489075,54.59117126,,,,,,,,,5,,,,,0,12,1,,1,,1631797248,1,20.17000008,20.72999954,19.37000084,0.949999988,1014.799988,2.869999886,6,142,0,1631793792,1631838336,0.370000005,,,0,,0.200000003,16093,0,293.2000122,,,,0,0.189709961,,,,,,,,,,,,,
5970777789,"Sep 16, 2021, 5:31:34 PM",Lunch Commute ,Ride,,544,0.96,,,TRUE,Palluccas ,,activities/5970777789.gpx,,,544,530,966.5999756,4,1.823773623,0,0.100000001,290.3999939,292.2999878,2.599999905,-0.010345541,,,,,,,,75.98840332,44.90534973,,,,,,,,,5,,,,,0,9,1,,1,,1631811584,1,27.81999969,30.46999931,22.12999916,0.709999979,1015,3.74000001,4.860000134,172,0,1631793792,1631838336,0.370000005,,,0,,0.129999995,16093,6,295.2000122,,,,0,1.776838183,,,,,,,,,,,,,
5975049177,"Sep 17, 2021, 1:35:38 PM",Morning Commute ,Ride,,6283,1.2,,,TRUE,Shooters ,,activities/5975049177.gpx,,,6283,588,1202.599976,3.799999952,2.045238018,0,0,290.3999939,292.5,2.799999952,0,,,,,,,,77.44946289,50.77741623,,,,,,,,,5,,,,,0,10,1,,1,,1631883648,1,20,20.5,18.95000076,0.939999998,1016.299988,1.639999986,3.910000086,147,0,1631880192,1631924736,0.400000006,,,0,,0.039999999,16093,0,289.7999878,,,,0,0.191405386,,,,,,,,,,,,,
5976730234,"Sep 17, 2021, 10:01:43 PM",Afternoon Commute ,Ride,,3818,1.18,,,TRUE,Shooters ,,activities/5976730234.gpx,,,3818,617,1186.699951,5.400000095,1.923338771,0,0,290.3999939,292.2999878,2.5,0,,,,,,,,84.8744278,58.38978958,,,,,,,,,5,,,,,0,11,1,,1,,1631916032,1,30.52000046,32.54999924,20.10000038,0.540000021,1016.200012,3.640000105,5.039999962,58,0,1631880192,1631924736,0.400000006,,,0,,0.109999999,16093,2,285.2999878,,,,0,0.310817182,,,,,,,,,,,,,
5980390194,"Sep 18, 2021, 1:24:40 PM",Morning Commute ,Ride,,5848,1.28,,,TRUE,Shooters ,,activities/5980390194.gpx,,,5848,619,1284,7.900000095,2.074313402,0,0,290.3999939,292.3999939,3.299999952,0,,,,,,,,96.29956055,66.46450806,,,,,,,,,5,,,,,0,11,1,,1,,1631970048,1,18.47999954,18.90999985,17.98999977,0.970000029,1020,1.5,3.730000019,55,0,1631966720,1632011008,0.439999998,,,0,,0.230000004,16093,0,282.7000122,,,,0,0.219562247,,,,,,,,,,,,,
5982324411,"Sep 18, 2021, 7:45:20 PM",Afternoon Commute ,Ride,,9912,1.14,,,TRUE,Shooters ,,activities/5982324411.gpx,,,9912,544,1147.099976,4.900000095,2.108639717,0,0,290.3999939,292.2999878,4.199999809,0,,,,,,,,81.02449799,49.14622116,,,,,,,,,5,,,,,0,9,1,,1,,1631991552,1,30.37000084,32.29000092,19.95000076,0.540000021,1018.5,3.809999943,5.510000229,63,0,1631966720,1632011008,0.439999998,,,0,,0.129999995,16093,7,292.7000122,,,,0,0.115728408,,,,,,,,,,,,,
5988510098,"Sep 19, 2021, 11:57:59 PM",Evening Walk ,Walk,,1228,1,,,FALSE,Just a short one for Sadie ,,activities/5988510098.gpx,,,1228,1228,1003.700012,2,0.817345262,2.501238108,2.501238108,287.7000122,290.3999939,2.099999905,0,,,,,,,,,125.8605881,,,,,,,,,3,,,,,0,10,0,,1,,1632092416,1,29.71999931,32.27999878,21.09000015,0.600000024,1010.099976,3.539999962,4.840000153,134,0,1632053120,1632097280,0.469999999,,,0,,0.239999995,16093,1,278.2999878,,,,0,0.817345262,,,,,,,,,,,,,
5991008882,"Sep 20, 2021, 1:26:38 PM",Morning Commute ,Ride,,6914,1.2,,,TRUE,Shooters ,,activities/5991008882.gpx,,,6914,651,1208.599976,4.800000191,1.856528401,0,0.100000001,290.3999939,292.5,2.799999952,-0.008274036,,,,,,,,94.15604401,68.34457397,,,,,,,,,5,,,,,0,11,1,,1,,1632142848,1,21.44000053,22.09000015,20.37999916,0.939999998,1010,4.5,10.42000008,173,0,1632139648,1632183552,0.5,,,0,,0.189999998,16093,0,277.2999878,,,,0,0.174804747,,,,,,,,,,,,,
5993650755,"Sep 20, 2021, 9:01:19 PM",Evening Commute ,Ride,,20296,1.07,,,TRUE,Shooters ,,activities/5993650755.gpx,,,20296,577,1078,3.700000048,1.868284225,0,0.100000001,290.3999939,292.2999878,2.900000095,-0.009276438,,,,,,,,88.49082947,56.93101501,,,,,,,,,5,,,,,0,10,1,,1,,1632171648,1,31.59000015,35.04999924,21.72999954,0.560000002,1007.099976,6.25,8.970000267,178,0,1632139648,1632183552,0.5,,,0,,0.310000002,16093,3,282.7000122,,,,0,0.053113915,,,,,,,,,,,,,
6003731250,"Sep 22, 2021, 8:33:45 PM",Afternoon Commute ,Ride,,7172,1.17,,,TRUE,Shooters ,,activities/6003731250.gpx,,,7172,559,1176.300049,10.10000038,2.104293346,0,0,290.3999939,292.2999878,2,0,,,,,,,,88.2636795,55.01342773,,,,,,,,,5,,,,,0,10,1,,1,,1632340736,1,22.07999992,22.07999992,6.480000019,0.360000014,1024.400024,4.260000229,5.880000114,338,0,1632312448,1632356224,0.569999993,,,0,,0.039999999,16093,5,290.7000122,,,,0,0.164012834,,,,,,,,,,,,,
6006885997,"Sep 23, 2021, 1:38:40 PM",Morning Commute ,Ride,,6164,1.21,,,TRUE,Shooters ,,activities/6006885997.gpx,,,6164,663,1215.900024,7.599999905,1.833936691,2.000828266,2.000828266,290.3999939,292.5,2.799999952,0,,,,,,,,91.78414154,67.85096741,,,,,,,,,5,,,,,0,11,1,,1,,1632402048,2,8.350000381,8.350000381,7.670000076,0.959999979,1021.900024,0.980000019,1.970000029,186,0,1632398976,1632442496,0.600000024,,,0,,0.330000013,16093,0,289.7000122,,,,0,0.197258279,,,,,,,,,,,,,
6007553703,"Sep 23, 2021, 5:14:31 PM",Lunch Commute ,Ride,,672,0.87,,,TRUE,Palluccas ,,activities/6007553703.gpx,,,672,473,873.7000122,4,1.847145915,0,0,290.3999939,292.2999878,2.599999905,0,,,,,,,,86.6137085,45.67963791,,,,,,,,,5,,,,,0,8,1,,1,,1632416384,1,20.62999916,20.62999916,9.640000343,0.49000001,1021,2.210000038,3.789999962,221,0,1632398976,1632442496,0.600000024,,,0,,0.02,16093,6,289.2999878,,,,0,1.300148845,,,,,,,,,,,,,
6009004401,"Sep 23, 2021, 9:04:08 PM",Afternoon Commute ,Ride,,8528,1.1,,,TRUE,Shooters ,,activities/6009004401.gpx,,,8528,574,1103.699951,5.400000095,1.922822356,0,0,290.3999939,292.2999878,2.900000095,0,,,,,,,,93.44908905,59.80834961,,,,,,,,,5,,,,,0,10,1,,1,,1632430848,1,23.72999954,23.72999954,9.119999886,0.389999986,1018,1.779999971,2.349999905,200,0,1632398976,1632442496,0.600000024,,,0,,0,16093,3,289.7999878,,,,0,0.129420727,,,,,,,,,,,,,
6011845984,"Sep 24, 2021, 1:35:04 PM",Morning Commute ,Ride,,5610,1.23,,,TRUE,Shooters ,,activities/6011845984.gpx,,,5610,666,1238.300049,6.5,1.859309316,0,0,290.3999939,292.2999878,2.700000048,0,,,,,,,,74.84897614,55.58210373,,,,,,,,,5,,,,,0,12,1,,1,,1632488448,1,12.97000027,12.97000027,10.06000042,0.829999983,1017.5,3.99000001,8.609999657,197,0,1632485376,1632528896,0.629999995,,,0,,0.200000003,16093,0,290.8999939,,,,0,0.220730841,,,,,,,,,,,,,
6017421053,"Sep 25, 2021, 1:35:34 PM",Morning Commute ,Ride,,6815,1.19,,,TRUE,Shooters and Raider Expres ,,activities/6017421053.gpx,,,6815,675,1197,3.900000095,1.773333311,2.001143694,2.001143694,290.3999939,292.5,3,0,,,,,,,,83.54175568,62.87561417,,,,,,,,,5,,,,,0,12,1,,1,,1632574848,1,11.68000031,11.68000031,11.57999992,0.99000001,1021.400024,1.350000024,2.630000114,20,0,1632571904,1632615168,0.660000026,,,0,,0.180000007,16093,0,295.2000122,,,,0,0.175641969,,,,,,,,,,,,,
6019247449,"Sep 25, 2021, 8:53:00 PM",Afternoon Commute ,Ride,,7813,1.09,,,TRUE,Shooters ,,activities/6019247449.gpx,,,7813,574,1096.599976,3.700000048,1.910452962,0,0,290.3999939,292.2999878,3.099999905,0,,,,,,,,75.58866882,48.37750626,,,,,,,,,5,,,,,0,10,1,,1,,1632600064,1,24.19000053,24.19000053,8.449999809,0.370000005,1020,2.109999895,3.329999924,60,0,1632571904,1632615168,0.660000026,,,0,,0.01,16093,5,293,,,,0,0.140355811,,,,,,,,,,,,,
6024198979,"Sep 26, 2021, 5:10:55 PM",Lunch Walk,Walk,,2275,1.35,,,FALSE,Raider Express ,,activities/6024198979.gpx,,,2275,1541,1355.699951,1.899999976,0.879753411,0,0,290.3999939,292.6000061,4.5,0,,,,,,,,,170.0001984,,,,,,,,,3,,,,,0,12,0,,1,,1632675584,1,26.34000015,26.34000015,13.52999973,0.449999988,1014.900024,8.859999657,14.35999966,207,0,1632658304,1632701440,0.689999998,,,0,,0,16093,6,289.2999878,,,,0,0.595912099,,,,,,,,,,,,,
6025082271,"Sep 26, 2021, 9:41:04 PM",Afternoon Walk ,Walk,,1294,1.04,,,FALSE,Another of Sadie's favorites ,,activities/6025082271.gpx,,,1294,1294,1047.5,7.400000095,0.809505403,2.57249999,2.57249999,287.7000122,290.3999939,2,0,,,,,,,,,131.3529663,,,,,,,,,3,,,,,0,10,0,,1,,1632690048,1,30.56999969,30.56999969,12.52999973,0.330000013,1011.799988,9.029999733,12.51000023,210,0,1632658304,1632701440,0.689999998,,,0,,0,16093,3,286.3999939,,,,0,0.809505403,,,,,,,,,,,,,
6027789810,"Sep 27, 2021, 1:41:26 PM",Morning Commute ,Ride,,5783,1.27,,,TRUE,Shooters ,,activities/6027789810.gpx,,,5783,650,1272.699951,6,1.957999945,2.030555487,2.030555487,290.3999939,292.5,3.900000095,0,,,,,,,,88.05636597,63.81885147,,,,,,,,,5,,,,,0,11,1,,1,,1632747648,1,18.05999947,18.05999947,13.60000038,0.75,1013.799988,5.579999924,12.48999977,205,0,1632744704,1632787712,0.720000029,,,0,,0.219999999,16093,0,291.7000122,,,,0,0.220076084,,,,,,,,,,,,,
6029784102,"Sep 27, 2021, 9:10:24 PM",Afternoon Commute ,Ride,,6433,1.13,,,TRUE,Shooters ,,activities/6029784102.gpx,,,6433,567,1133,4.800000191,1.998236299,0,0,290.3999939,292.2999878,2.299999952,0,,,,,,,,91.7752533,58.02077484,,,,,,,,,5,,,,,0,10,1,,1,,1632776448,1,30.18000031,30.18000031,14.88000011,0.389999986,1011.200012,6.980000019,9.510000229,206,0,1632744704,1632787712,0.720000029,,,0,,0.270000011,16093,3,287.2999878,,,,0,0.176123112,,,,,,,,,,,,,
6032928488,"Sep 28, 2021, 1:31:44 PM",Morning Commute ,Ride,,5809,1.14,,,TRUE,Shooters ,,activities/6032928488.gpx,,,5809,656,1146.800049,3.200000048,1.748170733,2.047222137,2.047222137,290.3999939,292.5,2.799999952,0,,,,,,,,87.7857132,64.20998383,,,,,,,,,5,,,,,0,11,1,,1,,1632834048,1,17.23999977,17.26000023,14.85999966,0.860000014,1013,3.109999895,6.159999847,187,0,1632831232,1632874112,0.75,,,0,,0.239999995,16093,0,287,,,,0,0.197417796,,,,,,,,,,,,,
6034943056,"Sep 28, 2021, 8:58:43 PM",Afternoon Commute ,Ride,,4114,1.05,,,TRUE,Shooters ,,activities/6034943056.gpx,,,4114,582,1051.599976,3.599999905,1.806872845,0,0,290.3999939,292.2999878,2.299999952,0,,,,,,,,94,60.99942017,,,,,,,,,5,,,,,0,10,1,,1,,1632859136,2,29.73999977,30.85000038,18.59000015,0.50999999,1010.900024,4.820000172,6.110000134,161,0,1632831232,1632874112,0.75,,,0,,0.319999993,16093,4,289.1000061,,,,0,0.255614966,,,,,,,,,,,,,
6039805945,"Sep 29, 2021, 6:53:56 PM",Afternoon Walk ,Walk,,7714,3.22,,,FALSE,"CHC-SEK and Walmart
",,activities/6039805945.gpx,,,7714,4288,3220.100098,4,0.750956178,2.428888798,2.828888893,287.2999878,291,11,-0.012421975,,,,,,,,,403.7896729,,,,,,,,,3,,,,,0,35,0,,1,,1632938368,2,26.06999969,27.68000031,21.75,0.769999981,1012.099976,3.549999952,4.699999809,158,0,1632917632,1632960384,0.779999971,,,0,,0.709999979,16093,5,290,,,,0,0.417435825,,,,,,,,,,,,,
6060025333,"Oct 3, 2021, 9:44:52 PM",Afternoon Walk ,Walk,,2339,1.2,,,FALSE,Raider Expres ,,activities/6060025333.gpx,,,2339,1397,1206.5,2.799999952,0.863636374,0,0,290.3999939,292.2999878,2.200000048,0,,,,,,,,,151.2910309,,,,,,,,,3,,,,,0,11,0,,1,,1633294848,2,24.52000046,24.55999947,15.92000008,0.589999974,1015.200012,5.03000021,6.630000114,321,0,1633263488,1633305600,0.910000026,,,0,,0.400000006,16093,3,283.7000122,,,,0,0.515818715,,,,,,,,,,,,,
6067714014,"Oct 5, 2021, 1:29:40 PM",Morning Walk ,Walk,,9289,1.27,,,FALSE,Raider Expres and Shooters ,,activities/6067714014.gpx,,,9289,1451,1269.900024,5,0.875189543,0,0.100000001,290.3999939,292.2999878,2.099999905,-0.007874636,,,,,,,,,159.2411652,,,,,,,,,3,,,,,0,12,0,,1,,1633438848,1,10.89000034,10.89000034,9.520000458,0.910000026,1020.700012,1.529999971,3.039999962,22,0,1633436288,1633478272,0.980000019,,,0,,0.129999995,16093,0,285.7999878,,,,0,0.136710092,,,,,,,,,,,,,
6072609259,"Oct 6, 2021, 1:26:59 PM",Morning Walk ,Walk,,6336,1.3,,,FALSE,Shooters ,,activities/6072609259.gpx,,,6336,1392,1299.599976,5,0.933620691,0,0,290.3999939,292.2999878,3,0,,,,,,,,,162.9654541,,,,,,,,,3,,,,,0,11,0,,1,,1633525248,3,15.77999973,15.94999981,15.34000015,0.970000029,1019.799988,2.519999981,4.769999981,38,0,1633522816,1633564544,0.02,,,0,,0.889999986,8466,0,282.8999939,,,,0,0.205113634,,,,,,,,,,,,,
6082444357,"Oct 8, 2021, 1:21:37 PM",Morning Walk ,Walk,,7230,1.27,,,FALSE,Shooters ,,activities/6082444357.gpx,,,7230,1526,1274.199951,2.599999905,0.834993422,0,0,290.3999939,292.2999878,2.200000048,0,,,,,,,,,159.7803802,,,,,,,,,3,,,,,0,12,0,,1,,1633698048,2,17.36000061,17.36000061,14.13000011,0.810000002,1015.200012,4.210000038,8.420000076,152,0,1633695744,1633737216,0.100000001,,,0,,0.439999998,16093,0,269.6000061,,,,0,0.176237896,,,,,,,,,,,,,
6084071855,"Oct 8, 2021, 9:22:12 PM",Afternoon Walk ,Walk,,668,0.62,,,FALSE,Shooters ,,activities/6084071855.gpx,,,668,638,621.5,9.800000191,0.974137902,0,-1.799999952,290.3999939,292.2999878,2,0.28962189,,,,,,,,,77.93399811,,,,,,,,,3,,,,,0,5,0,,1,,1633726848,1,30.38999939,31.5,18.54999924,0.49000001,1011.099976,6.090000153,8.659999847,204,0,1633695744,1633737216,0.100000001,,,0,,0.140000001,16093,3,261.8999939,,,,0,0.930389225,,,,,,,,,,,,,
6084300871,"Oct 9, 2021, 12:06:36 AM",Evening Walk ,Walk,,711,0.62,,,FALSE,Home from Shooters ,,activities/6084300871.gpx,,,711,676,621.5,7,0.919378698,0,1.799999952,290.3999939,292.2999878,1.399999976,-0.28962189,,,,,,,,,77.93399811,,,,,,,,,3,,,,,0,5,0,,1,,1633737600,1,26.15999985,26.43000031,18.18000031,0.620000005,1011.200012,3.190000057,6.159999847,183,0,1633695744,1633737216,0.100000001,,,0,,0.059999999,16093,0,260.2999878,,,,0,0.874120951,,,,,,,,,,,,,
6087781031,"Oct 9, 2021, 1:26:47 PM",Morning Walk ,Walk,,7258,1.31,,,FALSE,Raider Expres and Shooters ,,activities/6087781031.gpx,,,7258,1602,1317.400024,3.799999952,0.822347045,0,0,290.3999939,292.3999939,3.200000048,0,,,,,,,,,165.1975098,,,,,,,,,3,,,,,0,13,0,,1,,1633784448,2,20.92000008,20.95000076,15.71000004,0.720000029,1009.900024,5.559999943,13.05000019,195,0,1633782144,1633823488,0.140000001,,,0,,0.689999998,16093,0,257.7000122,,,,0,0.181510061,,,,,,,,,,,,,
6093790428,"Oct 10, 2021, 4:53:15 PM",Morning Walk ,Walk,,1636,1.05,,,FALSE,Shooters ,,activities/6093790428.gpx,,,1636,1241,1049.800049,2.400000095,0.845930696,0,0.100000001,290.3999939,292.2999878,2.900000095,-0.009525624,,,,,,,,,131.6413727,,,,,,,,,3,,,,,0,10,0,,1,,1633881600,1,24.82999992,25.06999969,17.92000008,0.649999976,1006.400024,8.390000343,12.31999969,210,0,1633868672,1633909760,0.170000002,,,0,,0.310000002,16093,4,263.5,,,,0,0.641687036,,,,,,,,,,,,,
6097567760,"Oct 11, 2021, 1:31:38 PM",Morning Walk ,Walk,,6475,1.19,,,FALSE,Shooters ,,activities/6097567760.gpx,,,6475,1275,1190,6.699999809,0.933333337,0,0,290.3999939,292.2999878,2.5,0,,,,,,,,,149.2219849,,,,,,,,,3,,,,,0,10,0,,1,,1633957248,5,15.39000034,15.39000034,14.13000011,0.920000017,997.5,9.529999733,13.60000038,216,0.37470001,1633955072,1633996032,0.209999993,,,1,5,0.939999998,16093,0,301.3999939,,,,0,0.183783785,,,,,,,,,,,,,
6099562943,"Oct 11, 2021, 8:55:50 PM",Afternoon Walk ,Walk,,7624,1.11,,,FALSE,Shooters ,,activities/6099562943.gpx,,,7624,1362,1115.400024,2.099999905,0.818942726,0,0,290.3999939,292.2999878,2.099999905,0,,,,,,,,,139.8674011,,,,,,,,,3,,,,,0,11,0,,1,,1633982464,2,19.39999962,19.39999962,11.89999962,0.620000005,1007.200012,5.980000019,10.14999962,301,0,1633955072,1633996032,0.209999993,,,0,,0.589999974,16093,3,283,,,,0,0.14630115,,,,,,,,,,,,,
6102549566,"Oct 12, 2021, 1:19:55 PM",Morning Walk ,Walk,,6945,1.29,,,FALSE,Shooters ,,activities/6102549566.gpx,,,6945,1531,1297.800049,4.599999905,0.847681224,0,0,290.3999939,292.2999878,2.700000048,0,,,,,,,,,162.7397308,,,,,,,,,3,,,,,0,12,0,,1,,1634043648,1,10.59000015,10.59000015,9.930000305,0.959999979,1015.5,1.580000043,3.519999981,151,0,1634041600,1634082432,0.25,,,0,,0.270000011,16093,0,267.2000122,,,,0,0.18686825,,,,,,,,,,,,,
6105349190,"Oct 12, 2021, 8:09:05 PM",Evening Walk ,Walk,,30672,1.23,,,FALSE,Shooters ,,activities/6105349190.gpx,,,30672,1590,1232.099976,4.699999809,0.774905682,0,0,290.3999939,292.2999878,2.200000048,0,,,,,,,,,154.5011749,,,,,,,,,3,,,,,0,13,0,,1,,1634068736,2,24.85000038,24.85000038,11.36999989,0.430000007,1012.599976,5.039999962,7.889999866,136,0,1634041600,1634082432,0.25,,,0,,0.589999974,16093,3,265.2000122,,,,0,0.040170189,0,,,,,,,,,,,,
6112708239,"Oct 14, 2021, 4:37:07 PM",Lunch Walk ,Walk,,1175,1.01,,,FALSE,Palluccas ,,activities/6112708239.gpx,,,1175,1138,1017.799988,7.400000095,0.894376099,0,0,290.3999939,292.2999878,2,0,,,,,,,,,127.628685,,,,,,,,,3,,,,,0,9,0,,1,,1634227200,2,18.40999985,18.75,17.34000015,0.939999998,1013.400024,2.650000095,2.900000095,86,0,1634214400,1634255104,0.319999993,,,0,,0.620000005,16093,3,262,,,,0,0.866212785,0,,,,,,,,,,,,
6114525318,"Oct 15, 2021, 1:03:17 AM",Evening Walk ,Walk,,826,0.62,,,FALSE,Another Sadie favorite,,activities/6114525318.gpx,,,826,771,627.2000122,1.799999952,0.81348896,0,0,290.3999939,292,2.599999905,0,,,,,,,,,78.64876556,,,,,,,,,3,,,,,0,6,0,,1,,1634259584,2,19.63999939,20.04000092,18.13999939,0.910000026,1010.599976,1.669999957,3.539999962,170,0,1634214400,1634255104,0.319999993,,,0,,0.400000006,16093,0,265.8999939,,,,0,0.759322047,0,,,,,,,,,,,,
6120820320,"Oct 16, 2021, 11:41:34 AM",Morning Walk ,Walk,,2740,1.24,,,FALSE,Raider Express,,activities/6120820320.gpx,,,2740,1559,1240.599976,1.899999976,0.795766532,0,0,290.3999939,292.2999878,1.700000048,0,,,,,,,,,155.5670471,,,,,,,,,3,,,,,0,12,0,,1,,1634381952,1,4.900000095,2.789999962,2.170000076,0.829999983,1024.400024,2.49000001,6.340000153,295,0,1634387328,1634427648,0.389999986,,,0,,0,16093,0,286.7000122,,,,0,0.45277372,0,,,,,,,,,,,,
6123266558,"Oct 16, 2021, 7:16:33 PM",Afternoon Walk ,Walk,,7195,1.23,,,FALSE,Shooters ,,activities/6123266558.gpx,,,7195,1395,1235.699951,4,0.885806441,0,0,290.3999939,292.2999878,1.899999976,0,,,,,,,,,154.9526062,,,,,,,,,3,,,,,0,11,0,,1,,1634410752,1,18.43000031,18.43000031,0.310000002,0.300000012,1025.099976,4.570000172,7.78000021,301,0,1634387328,1634427648,0.389999986,,,0,,0,16093,5,286.8999939,,,,0,0.171744272,0,,,,,,,,,,,,
6127045702,"Oct 17, 2021, 1:53:09 PM",Morning Walk ,Walk,,2341,1.23,,,FALSE,Raider Express ,,activities/6127045702.gpx,,,2341,1280,1231.900024,3.5,0.962421894,0,0,290.3999939,292.2999878,2,0,,,,,,,,,154.4761047,,,,,,,,,3,,,,,0,10,0,,1,,1634475648,1,5.739999771,4.03000021,4.789999962,0.939999998,1024.599976,2.210000038,4.320000172,191,0,1634473856,1634514048,0.419999987,,,0,,0.029999999,16093,0,297.2999878,,,,0,0.52622813,0,,,,,,,,,,,,
6128536357,"Oct 17, 2021, 6:37:24 PM",Lunch Walk ,Walk,,2038,1.38,,,FALSE,Raider Express ,,activities/6128536357.gpx,,,2038,1590,1384.199951,3.400000095,0.87056601,0,0,290.3999939,292.3999939,4.400000095,0,,,,,,,,,173.5740051,,,,,,,,,3,,,,,0,13,0,,1,,1634493568,1,19.46999931,19.46999931,7.019999981,0.439999998,1023.700012,4.510000229,6.420000076,214,0,1634473856,1634514048,0.419999987,,,0,,0,16093,5,294.2999878,,,,0,0.679195285,0,,,,,,,,,,,,
6131281200,"Oct 18, 2021, 1:16:46 PM",Morning Walk ,Walk,,1989,1.32,,,FALSE,Raider Express ,,activities/6131281200.gpx,,,1989,1742,1325.800049,2.099999905,0.761079192,0,0,290.3999939,292.2999878,2.799999952,0,,,,,,,,,166.2508392,,,,,,,,,3,,,,,0,14,0,,1,,1634562048,1,8.380000114,6.78000021,7.550000191,0.949999988,1020.599976,2.680000067,6.920000076,187,0,1634560256,1634600320,0.449999988,,,0,,0,16093,0,295.7000122,,,,0,0.666566133,0,,,,,,,,,,,,
6132796209,"Oct 18, 2021, 7:06:19 PM",Afternoon Walk ,Walk,,1727,1.46,,,FALSE,Raider Express ,,activities/6132796209.gpx,,,1727,1655,1462.400024,8.600000381,0.883625388,0,0.100000001,290.3999939,292.2999878,3,-0.006838074,,,,,,,,,183.3800201,,,,,,,,,3,,,,,0,13,0,,1,,1634583552,1,21.80999947,21.80999947,7.659999847,0.400000006,1018.599976,6.150000095,8.470000267,191,0,1634560256,1634600320,0.449999988,,,0,,0,16093,5,292.2999878,,,,0,0.84678632,0,,,,,,,,,,,,
6133887642,"Oct 19, 2021, 12:55:58 AM",Evening Walk ,Walk,,784,0.65,,,FALSE,Another of Sadie's favorites,,activities/6133887642.gpx,,,784,769,652.7000122,2.299999952,0.848764658,0,0,290.3999939,292,1.899999976,0,,,,,,,,,81.84637451,,,,,,,,,3,,,,,0,6,0,,1,,1634601600,1,16.77000046,16.77000046,8.210000038,0.569999993,1016.599976,3.440000057,7.71999979,173,0,1634560256,1634600320,0.449999988,,,0,,0,16093,0,288.5,,,,0,0.832525492,0,,,,,,,,,,,,
6135993188,"Oct 19, 2021, 1:24:37 PM",Morning Walk ,Walk,,1495,1.25,,,FALSE,Raider Express ,,activities/6135993188.gpx,,,1495,1476,1256.900024,2.200000048,0.851558268,0,0,290.3999939,292.2999878,1.700000048,0,,,,,,,,,157.6110229,,,,,,,,,3,,,,,0,12,0,,1,,1634648448,1,11.27000046,11.27000046,7.900000095,0.800000012,1017.200012,4.710000038,11.59000015,165,0,1634646784,1634686592,0.479999989,,,0,,0.059999999,16093,0,292.2000122,,,,0,0.840735793,0,,,,,,,,,,,,
6137605403,"Oct 19, 2021, 6:25:17 PM",Lunch Walk ,Walk,,2620,1.41,,,FALSE,Raider Express ,,activities/6137605403.gpx,,,2620,1675,1410.97998,2.274999857,0.842376113,0,0.100000001,290.3999939,292.2999878,3.994668484,-0.007087273,,,,,,,,,176.9321289,,,,,,,,,3,,,,,0,13,0,,1,,1634666368,1,21.45000076,21.45000076,10.03999996,0.479999989,1015.599976,7.579999924,10.68999958,185,0,1634646784,1634686592,0.479999989,,,0,,0.039999999,16093,5,292.5,,,,0,0.538541973,0,,,,,,,,,,,,
6138875289,"Oct 20, 2021, 12:59:11 AM",Evening Walk ,Walk,,827,0.64,,,FALSE,Sadie's favorite,,activities/6138875289.gpx,,,827,827,648.8800049,2.53399992,0.784619093,0,-0.100000001,290.3999939,292,1.719689727,0.01541117,,,,,,,,,81.36736298,,,,,,,,,3,,,,,0,6,0,,1,,1634688000,1,19.51000023,19.51000023,10.80000019,0.569999993,1014.299988,4.590000153,10.75,167,0,1634646784,1634686592,0.479999989,,,0,,0,16093,0,290.5,,,,0,0.784619093,0,,,,,,,,,,,,
6143237051,"Oct 20, 2021, 10:22:01 PM",Afternoon Walk ,Walk,,2062,1.48,,,FALSE,Labette Bank loop,,activities/6143237051.gpx,,,2062,1745,1485,2.452002048,0.851002872,0,0,290.3999939,292.2999878,4.14938879,0,,,,,,,,,186.2139893,,,,,,,,,3,,,,,0,14,0,,1,,1634767232,2,21.84000015,21.84000015,13.93000031,0.610000014,1015.400024,3.799999952,5.710000038,261,0,1634733184,1634772992,0.50999999,,,0,,0.529999971,16093,1,294.3999939,,,,0,0.720174611,0,,,,,,,,,,,,
6146417541,"Oct 21, 2021, 4:43:12 PM",Lunch Walk ,Walk,,1518,0.97,,,FALSE,Palluccas ,,activities/6146417541.gpx,,,1518,1088,971.1699829,3.805002928,0.892619491,0,-0.100000001,290.3999939,292.2999878,2.587323666,0.010296859,,,,,,,,,121.7814331,,,,,,,,,3,,,,,0,9,0,,1,,1634832000,1,11.22999954,11.22999954,5.010000229,0.660000026,1023.200012,4.21999979,8.630000114,313,0,1634819584,1634859264,0.540000021,,,0,,0.029999999,16093,3,298.7999878,,,,0,0.639769435,0,,,,,,,,,,,,
6148142229,"Oct 22, 2021, 1:10:20 AM",Evening Walk ,Walk,,807,0.69,,,FALSE,Church loop,,activities/6148142229.gpx,,,807,807,694.3999634,2.725999355,0.860470831,0,0.100000001,290.2999878,292,2.421304703,-0.014400923,,,,,,,,,87.07540894,,,,,,,,,3,,,,,0,6,0,,1,,1634864384,2,11.47999954,11.47999954,5.860000134,0.680000007,1021.5,1.379999995,3.099999905,346,0,1634819584,1634859264,0.540000021,,,0,,0.529999971,16093,0,299.7000122,,,,0,0.860470831,0,,,,,,,,,,,,
6150030116,"Oct 22, 2021, 1:27:57 PM",Morning Walk ,Walk,,1665,1.38,,,FALSE,Raider Express ,,activities/6150030116.gpx,,,1665,1628,1379.829956,5.076666355,0.847561419,0,0,290.3999939,292.2999878,2.081166983,0,,,,,,,,,173.0260162,,,,,,,,,3,,,,,0,13,0,,1,,1634907648,2,4.489999771,4.489999771,4.110000134,0.970000029,1021.299988,0.610000014,0.899999976,88,0,1634906112,1634945536,0.579999983,,,0,,0.370000005,15651,0,283.3999939,,,,0,0.828726709,0,,,,,,,,,,,,
6151380007,"Oct 22, 2021, 7:49:19 PM",Afternoon Walk ,Walk,,1796,1.41,,,FALSE,Raider Express ,,activities/6151380007.gpx,,,1796,1693,1412.819946,1.852001905,0.83450675,0,-0.100000001,290.3999939,292.2999878,4.13222599,0.007078043,,,,,,,,,177.1628571,,,,,,,,,3,,,,,0,14,0,,1,,1634929152,1,20.97999954,20.97999954,6.730000019,0.400000006,1017,3.890000105,5.909999847,203,0,1634906112,1634945536,0.579999983,,,0,,0.029999999,16093,4,276.1000061,,,,0,0.786648095,0,,,,,,,,,,,,
6157041370,"Oct 23, 2021, 11:04:19 PM",Evening Walk ,Walk,,2796,1.12,,,FALSE,Shooters ,,activities/6157041370.gpx,,,2796,1304,1126.130005,3.746663332,0.863596618,0,0,290.3999939,292.2999878,1.828154445,0,,,,,,,,,141.2129059,,,,,,,,,3,,,,,0,10,0,,1,,1635030016,1,20.76000023,21.01000023,17.38999939,0.810000002,1006.200012,4.260000229,9.300000191,127,0,1634992512,1635031936,0.610000014,,,0,,0.239999995,16093,0,269.2999878,,,,0,0.402764678,0,,,,,,,,,,,,
6160015764,"Oct 24, 2021, 1:04:38 PM",Morning Walk ,Walk,,1785,1.66,,,FALSE,Raider Express ,,activities/6160015764.gpx,,,1785,1669,1664.76001,13.98834229,0.99745959,2.117025852,2.117025852,290.3999939,292.7000122,5.274725437,0,,,,,,,,,208.7552795,,,,,,,,,3,,,,,0,13,0,,1,,1635080448,2,20.45000076,20.87000084,18.57999992,0.889999986,1004.5,9.909999847,16.38999939,193,0,1635079040,1635118208,0.639999986,,,0,,0.75,15663,0,269.7999878,,,,0,0.932638645,0,,,,,,,,,,,,
6162423948,"Oct 24, 2021, 10:52:48 PM",Evening Walk ,Walk,,757,0.61,,,FALSE,Church loop,,activities/6162423948.gpx,,,757,741,618.1900024,1.846002221,0.834264517,0,0,290.3999939,292,2.09863615,0,,,,,,,,,77.51893616,,,,,,,,,3,,,,,0,6,0,,1,,1635112832,2,20.95000076,21.12000084,16.87000084,0.779999971,1004.200012,7.460000038,13.32999992,212,0,1635079040,1635118208,0.639999986,,,0,,0.720000029,16093,1,275.2999878,,,,0,0.816631436,0,,,,,,,,,,,,
6165769309,"Oct 25, 2021, 6:11:52 PM",Afternoon Walk,Walk,,2277,1.45,,,FALSE,Raider Express ,,activities/6165769309.gpx,,,2277,1631,1450.579956,2.579999924,0.889380693,0,0,290.3999939,292.5,3.194914341,0,,,,,,,,,181.8978271,,,,,,,,,3,,,,,0,13,0,,1,,1635184768,2,12.81999969,12.81999969,9.069999695,0.779999971,1018.400024,2.99000001,3.779999971,15,0,1635165440,1635204608,0.670000017,,,0,,0.629999995,16093,4,267.2999878,,,,0,0.637057483,0,,,,,,,,,,,,
6168930387,"Oct 26, 2021, 12:44:57 PM",Morning Walk ,Walk,,1396,1.28,,,FALSE,Raider Express ,,activities/6168930387.gpx,,,1396,1366,1280.709961,2.822494507,0.937562168,0,0,290.3999939,292.2999878,2.096434116,0,,,,,,,,,160.5967102,,,,,,,,,3,,,,,0,11,0,,1,,1635249664,1,9.069999695,6.369999886,9.069999695,1,1014.599976,5.150000095,10.81999969,119,0,1635251968,1635290880,0.699999988,,,0,,0.079999998,16093,0,254.5,,,,0,0.91741401,0,,,,,,,,,,,,
6170609704,"Oct 26, 2021, 6:18:20 PM",Afternoon Walk ,Walk,,2309,1.41,,,FALSE,Raider Express ,,activities/6170609704.gpx,,,2309,1669,1416.900024,2.733333349,0.848951459,0,0,290.3999939,292.2999878,3.73132515,0,,,,,,,,,177.6744843,,,,,,,,,3,,,,,0,13,0,,1,,1635271168,2,16.81999969,16.81999969,11.09000015,0.689999998,1011,6.269999981,11.94999981,142,0,1635251968,1635290880,0.699999988,,,0,,0.699999988,16093,4,255.1000061,,,,0,0.613642275,0,,,,,,,,,,,,
6184300387,"Oct 29, 2021, 6:49:44 PM",Afternoon Walk ,Walk,,3892,1.08,,,FALSE,Shooters ,,activities/6184300387.gpx,,,3892,1253,1084.869995,2.52999258,0.865818024,0,0,290.3999939,292.2999878,2.008032322,0,,,,,,,,,136.039032,,,,,,,,,3,,,,,0,10,0,,1,,1635530368,3,10.52000046,10.52000046,7.579999924,0.819999993,1011,8.039999962,13.18000031,342,0,1635511296,1635549952,0.790000021,,,0,,0.99000001,16093,3,279.1000061,,,,0,0.278743565,0,,,,,,,,,,,,
6187454778,"Oct 30, 2021, 1:27:09 PM",Morning Walk ,Walk,,2123,1.24,,,FALSE,Raider Express ,,activities/6187454778.gpx,,,2123,1486,1244.839966,2.387500048,0.83771193,0,0,290.3999939,292.2999878,2.227170706,0,,,,,,,,,156.0987244,,,,,,,,,3,,,,,0,12,0,,1,,1635598848,1,3.650000095,1.75,2.140000105,0.899999976,1013.099976,2.039999962,4.670000076,314,0,1635597824,1635636224,0.819999993,,,0,,0.090000004,16093,0,259,,,,0,0.586358905,0,,,,,,,,,,,,
6194494195,"Oct 31, 2021, 9:08:56 PM",Afternoon Walk ,Walk,,2073,1.23,,,FALSE,Raider Express ,,activities/6194494195.gpx,,,2073,1410,1229.560059,2.452002048,0.87202841,0,0,290.3999939,292.2999878,1.800179958,0,,,,,,,,,154.1826782,,,,,,,,,3,,,,,0,11,0,,1,,1635714048,1,14.21000004,14.21000004,5.260000229,0.550000012,1022.599976,5.679999828,8.140000343,16,0,1635684224,1635722624,0.860000014,,,0,,0.059999999,16093,2,263.1000061,,,,0,0.593130767,0,,,,,,,,,,,,
6204099577,"Nov 2, 2021, 9:41:19 PM",Evening Walk ,Walk,,9973,1.26,,,FALSE,Shooters ,,activities/6204099577.gpx,,,9973,1379,1266.319946,4.978342533,0.918288589,0,0,290.3999939,292.2999878,2.702702045,0,,,,,,,,,158.7922516,,,,,,,,,3,,,,,0,11,0,,1,,1635886848,2,8.5,6.940000057,3.440000057,0.709999979,1028.5,2.650000095,3.630000114,88,0,1635857152,1635895296,0.930000007,,,0,,0.790000021,16093,1,280,,,,0,0.126974821,0,,,,,,,,,,,,
6208479387,"Nov 3, 2021, 8:26:46 PM",Evening Walk ,Walk,,11602,1.16,,,FALSE,Shooters ,,activities/6208479387.gpx,,,11602,1326,1164.23999,3.008341551,0.878009021,0,0,290.3999939,292.2999878,2.09863615,0,,,,,,,,,145.9917603,,,,,,,,,3,,,,,0,11,0,,1,,1635969536,2,10.55000019,10.55000019,1.409999967,0.529999971,1026.699951,0.889999986,2.099999905,83,0,1635943680,1635981568,0.970000029,,,0,,0.589999974,16093,2,309.8999939,,,,0,0.100348212,0,,,,,,,,,,,,
6211563086,"Nov 4, 2021, 5:21:39 PM",Lunch Walk ,Walk,,1516,1,,,FALSE,Palluccas ,,activities/6211563086.gpx,,,1516,1169,1005.650024,4.582006931,0.860265195,0,0,290.5,292.2999878,2.554277897,0,,,,,,,,,126.1051178,,,,,,,,,3,,,,,0,9,0,,1,,1636045184,2,9.18999958,7.809999943,2.319999933,0.620000005,1028.099976,2.589999914,3.049999952,191,0,1636030080,1636067968,0.01,,,0,,0.50999999,16093,3,310.7999878,,,,0,0.663357556,0,,,,,,,,,,,,
6216137944,"Nov 5, 2021, 6:25:47 PM",Lunch Walk ,Walk,,2136,1.22,,,FALSE,Raider Express ,,activities/6216137944.gpx,,,2136,1455,1222.609985,2.269999981,0.840281785,0,0,290.3999939,292.2999878,2.325581789,0,,,,,,,,,153.3111572,,,,,,,,,3,,,,,0,12,0,,1,,1636135168,1,12.22000027,12.22000027,6.110000134,0.660000026,1025.199951,4.25,5.659999847,201,0,1636116608,1636154240,0.050000001,,,0,,0.25999999,16093,4,281.7999878,,,,0,0.572382927,0,,,,,,,,,,,,
6221857464,"Nov 6, 2021, 8:32:13 PM",Afternoon Walk ,Walk,,10443,1.24,,,FALSE,Shooters ,,activities/6221857464.gpx,,,10443,1477,1239.709961,5.835711002,0.83934325,0,0.100000001,290.3999939,292.2999878,2.259887457,-0.008066403,,,,,,,,,155.4554443,,,,,,,,,3,,,,,0,12,0,,1,,1636228864,1,15.59000015,15.59000015,7.260000229,0.579999983,1021.599976,4.650000095,5.909999847,207,0,1636203008,1636240640,0.090000004,,,0,,0.01,16093,2,279.7999878,,,,0,0.118712053,0,,,,,,,,,,,,
6227104634,"Nov 7, 2021, 9:32:08 PM",Afternoon Walk ,Walk,,2314,1.49,,,FALSE,Raider Express ,,activities/6227104634.gpx,,,2314,1777,1498.160034,1.916003466,0.843083858,2.143181801,2.143181801,290.3999939,292.6000061,3.792709589,0,,,,,,,,,187.864212,,,,,,,,,3,,,,,0,14,0,,1,,1636318848,1,19.22999954,19.22999954,9.520000458,0.529999971,1017.299988,7.679999828,11.97999954,186,0,1636289536,1636326912,0.119999997,,,0,,0.01,16093,1,263.6000061,,,,0,0.647433043,0,,,,,,,,,,,,
6230704105,"Nov 8, 2021, 6:53:17 PM",Lunch Walk,Walk,,4064,1.17,,,FALSE,Shooters ,,activities/6230704105.gpx,,,4064,1355,1176.900024,3.871997118,0.86856091,0,0,290.3999939,292.2999878,3.194888115,0,,,,,,,,,147.5792847,,,,,,,,,3,,,,,0,11,0,,1,,1636394368,1,18.71999931,18.71999931,11.30000019,0.620000005,1019.099976,7.400000095,12.18999958,196,0,1636375936,1636413312,0.159999996,,,0,,0.090000004,16093,4,247,,,,0,0.289591551,0,,,,,,,,,,,,
6233621237,"Nov 9, 2021, 12:51:02 PM",Morning Walk ,Walk,,1962,1.22,,,FALSE,Raider Express ,,activities/6233621237.gpx,,,1962,1362,1226.5,3.041666746,0.900513947,0,0,290.3999939,292.2999878,2.509409904,0,,,,,,,,,153.7989655,,,,,,,,,3,,,,,0,11,0,,1,,1636459264,2,11.88000011,11.88000011,10.31999969,0.899999976,1019.5,2.400000095,6.880000114,208,0,1636462464,1636499584,0.200000003,,,0,,0.75,16093,0,251.3999939,,,,0,0.625127435,0,,,,,,,,,,,,
6235095335,"Nov 9, 2021, 6:20:29 PM",Lunch Walk ,Walk,,2123,1.24,,,FALSE,Raider Express ,,activities/6235095335.gpx,,,2123,1500,1242.48999,2.696666718,0.828326643,0,0,290.3999939,292.2999878,1.766783357,0,,,,,,,,,155.8040466,,,,,,,,,3,,,,,0,12,0,,1,,1636480768,2,17.78000069,17.78000069,13.35000038,0.75,1018.799988,4.28000021,6.400000095,213,0,1636462464,1636499584,0.200000003,,,0,,0.589999974,16093,3,262.1000061,,,,0,0.585251987,0,,,,,,,,,,,,
6244230638,"Nov 11, 2021, 5:57:21 PM",Lunch Walk ,Walk,,1277,1,,,FALSE,Palluccas ,,activities/6244230638.gpx,,,1277,1137,999.8599854,3.056671143,0.879384339,0,0,290.3999939,292.2999878,2.688171148,0,,,,,,,,,125.3790665,,,,,,,,,3,,,,,0,9,0,,1,,1636649984,1,11.65999985,11.65999985,3.130000114,0.560000002,1018.299988,5.070000172,10.23999977,292,0,1636635392,1636672256,0.270000011,,,0,,0.02,16093,3,322.7000122,,,,0,0.782975733,0,,,,,,,,,,,,
6249460994,"Nov 12, 2021, 11:33:05 PM",Evening Walk ,Walk,,4855,1.8,,,FALSE,Shooters ,,activities/6249460994.gpx,,,4855,1767,1803.869995,11.72982407,1.020865917,2.002777815,2.002777815,290.3999939,292.6000061,2.375301838,0,,,,,,,,,226.1992035,,,,,,,,,3,,,,,0,14,0,,1,,1636758016,2,5.260000229,1.429999948,-3.089999914,0.550000012,1021.5,5.510000229,10.57999992,309,0,1636721792,1636758784,0.300000012,,,0,,0.75999999,16093,0,333.7999878,,,,0,0.371548921,0,,,,,,,,,,,,
6253612468,"Nov 13, 2021, 7:09:44 PM",Afternoon Walk ,Walk,,5428,1.14,,,FALSE,Shooters ,,activities/6253612468.gpx,,,5428,1311,1143.699951,5.116003513,0.872387469,0,0,290.3999939,292.2999878,2.79720211,0,,,,,,,,,143.4161072,,,,,,,,,3,,,,,0,10,0,,1,,1636829952,1,7.329999924,4.820000172,-3.170000076,0.469999999,1021.400024,3.809999943,4.949999809,247,0,1636808320,1636845056,0.340000004,,,0,,0.100000001,16093,3,300.8999939,,,,0,0.210703745,0,,,,,,,,,,,,
6258969461,"Nov 14, 2021, 9:02:26 PM",Afternoon Walk ,Walk,,2430,1.26,,,FALSE,Raider Express ,,activities/6258969461.gpx,,,2430,1430,1259.949951,2.193994045,0.881083906,0,0,290.3999939,292.2999878,1.73761797,0,,,,,,,,,157.9934692,,,,,,,,,3,,,,,0,11,0,,1,,1636923648,1,12.93999958,12.93999958,1.75,0.469999999,1020.5,3.859999895,6.960000038,310,0,1636894720,1636931456,0.370000005,,,0,,0.180000007,16093,1,310.1000061,,,,0,0.518497944,0,,,,,,,,,,,,
6262346358,"Nov 15, 2021, 5:42:03 PM",Lunch Walk ,Walk,,4233,1.24,,,FALSE,Shooters ,,activities/6262346358.gpx,,,4233,1404,1240.069946,3.650568485,0.8832407,0,0,290.3999939,292.2999878,1.845019102,0,,,,,,,,,155.5005798,,,,,,,,,3,,,,,0,11,0,,1,,1636995584,1,13.52000046,13.52000046,4.889999866,0.560000002,1018.099976,8.119999886,13.36999989,216,0,1636981248,1637017728,0.400000006,,,0,,0.150000006,16093,3,302.8999939,,,,0,0.292952985,0,,,,,,,,,,,,
6263296887,"Nov 15, 2021, 10:40:27 PM",Afternoon Walk ,Walk,,1395,1.18,,,FALSE,School loop,,activities/6263296887.gpx,,,1395,1377,1184.780029,2.909999847,0.860406697,0,0,290.3999939,292.2999878,2.89017415,0,,,,,,,,,148.5674133,,,,,,,,,3,,,,,0,11,0,,1,,1637013632,1,18.04999924,18.04999924,7.909999847,0.519999981,1014.799988,5.889999866,10.14999962,221,0,1636981248,1637017728,0.400000006,,,0,,0.059999999,16093,0,296.2000122,,,,0,0.849304676,0,,,,,,,,,,,,
6267795015,"Nov 16, 2021, 9:12:02 PM",Afternoon Walk ,Walk,,5377,1.2,,,FALSE,Shooters ,,activities/6267795015.gpx,,,5377,1442,1202.98999,4.167993069,0.834251046,0,0,290.3999939,292.2999878,2.352941275,0,,,,,,,,,150.8508759,,,,,,,,,3,,,,,0,12,0,,1,,1637096448,1,23.31999969,23.31999969,15.36999989,0.610000014,1006,8.359999657,14.32999992,186,0,1637067648,1637104128,0.430000007,,,0,,0.170000002,16093,1,290.5,,,,0,0.22372885,0,,,,,,,,,,,,
6275635145,"Nov 18, 2021, 5:34:14 PM",Lunch Walk ,Walk,,1294,1.02,,,FALSE,Palluccas ,,activities/6275635145.gpx,,,1294,1175,1023.799988,7.122009277,0.871319115,0,0,290.3999939,292.2999878,1.766784549,0,,,,,,,,,128.3810577,,,,,,,,,3,,,,,0,9,0,,1,,1637254784,1,8.25,6.03000021,-7.769999981,0.310000002,1034.599976,3.660000086,6.199999809,322,0,1637240576,1637276928,0.49000001,,,0,,0,16093,3,304.1000061,,,,0,0.791190088,0,,,,,,,,,,,,
6278721648,"Nov 19, 2021, 12:25:54 PM",Morning Walk ,Walk,,2732,1.31,,,FALSE,Raider Express ,,activities/6278721648.gpx,,,2732,1505,1311.609985,4.606657028,0.871501625,0,0,290.3999939,292.2999878,1.853567958,0,,,,,,,,,164.4714661,,,,,,,,,4,,,,,0,16,0,,1,,1637323264,1,-2.589999914,-5.639999866,-7.380000114,0.699999988,1031.800049,2.119999886,4.690000057,158,0,1637327104,1637363200,0.519999981,,,0,,0.02,16093,0,283,,,,0,0.480091512,0,,,,,,,,,,,,
6284888626,"Nov 20, 2021, 6:46:27 PM",Afternoon Walk ,Walk,,4701,1.18,,,FALSE,Sh,,activities/6284888626.gpx,,,4701,1381,1180.140015,7.782006741,0.854554653,0,0,290.3999939,292.2999878,1.901139855,0,,,,,,,,,147.9855804,,,,,,,,,3,,,,,0,11,0,,1,,1637431168,2,14.10000038,14.10000038,4.199999809,0.50999999,1019,5.190000057,8.25,200,0,1637413504,1637449600,0.550000012,,,0,,0.610000014,16093,3,279.7999878,,,,0,0.25104022,0,,,,,,,,,,,,
6285625095,"Nov 20, 2021, 11:40:51 PM",Evening Walk ,Walk,,3900,1.12,,,FALSE,Shooters ,,activities/6285625095.gpx,,,3900,1371,1126.469971,3.286010742,0.821641088,0,0.100000001,290.3999939,292.2999878,4.070559025,-0.008877289,,,,,,,,,141.2555237,,,,,,,,,3,,,,,0,11,0,,1,,1637449216,2,13.5,13.5,6.480000019,0.620000005,1017.299988,1.889999986,3.329999924,164,0,1637413504,1637449600,0.550000012,,,0,,0.720000029,16093,0,280.2000122,,,,0,0.288838446,0,,,,,,,,,,,,
6289830333,"Nov 21, 2021, 6:33:54 PM",Lunch Walk ,Walk,,2818,1.22,,,FALSE,Raider Express ,,activities/6289830333.gpx,,,2818,1437,1224.109985,2.065002441,0.851851046,0,0,290.3999939,292.2999878,2.873566628,0,,,,,,,,,153.4992523,,,,,,,,,3,,,,,0,11,0,,1,,1637517568,2,13.38000011,13.38000011,4.570000172,0.550000012,1022.5,6.019999981,9,4,0,1637500032,1637536000,0.579999983,,,0,,0.479999989,16093,3,296.7999878,,,,0,0.434389621,0,,,,,,,,,,,,
6293457452,"Nov 22, 2021, 6:13:43 PM",Lunch Walk ,Walk,,2572,1.23,,,FALSE,Raider Express ,,activities/6293457452.gpx,,,2572,1426,1229.530029,2.176001072,0.862223029,0,0,290.3999939,292.2999878,2.673798323,0,,,,,,,,,154.1789093,,,,,,,,,3,,,,,0,11,0,,1,,1637603968,1,8.409999847,7.289999962,-4.760000229,0.389999986,1027.300049,2.059999943,3.359999895,200,0,1637586432,1637622272,0.610000014,,,0,,0.230000004,16093,3,306.7999878,,,,0,0.478044331,0,,,,,,,,,,,,
6294485960,"Nov 22, 2021, 9:50:42 PM",Evening Walk ,Walk,,6709,1.12,,,FALSE,Shooters ,,activities/6294485960.gpx,,,6709,1341,1124.400024,2.10799551,0.838478744,0,0,290.3999939,292.2999878,1.824818969,0,,,,,,,,,140.9959717,,,,,,,,,3,,,,,0,11,0,,1,,1637614848,1,11.01000023,11.01000023,-3.50999999,0.360000014,1024.400024,2.50999999,3.970000029,198,0,1637586432,1637622272,0.610000014,,,0,,0.140000001,16093,1,299.7000122,,,,0,0.167595774,0,,,,,,,,,,,,
6296981767,"Nov 23, 2021, 2:37:41 PM",Morning Walk ,Walk,,2902,1.25,,,FALSE,Raider Express ,,activities/6296981767.gpx,,,2902,1456,1249.349976,2.182006836,0.858070016,0,0.100000001,290.3999939,292.2999878,2.059734106,-0.008004162,,,,,,,,,156.6642609,,,,,,,,,3,,,,,0,12,0,,1,,1637676032,1,2.75,-0.479999989,-1.059999943,0.75999999,1021.5,3.369999886,8.180000305,177,0,1637672960,1637708672,0.639999986,,,0,,0,16093,0,270.2999878,,,,0,0.430513442,0,,,,,,,,,,,,
6303488193,"Nov 24, 2021, 11:47:31 PM",Evening Walk ,Walk,,1408,1.19,,,FALSE,School loop,,activities/6303488193.gpx,,,1408,1370,1191.079956,1.906000137,0.869401455,0,0,290.3999939,292.2999878,2.73597908,0,,,,,,,,,149.3574066,,,,,,,,,3,,,,,0,11,0,,1,,1637794816,3,16.54999924,16.54999924,13,0.800000012,1012.099976,6.420000076,12.5,203,0,1637759360,1637795072,0.670000017,,,0,,0.99000001,16093,0,266.8999939,,,,0,0.84593749,0,,,,,,,,,,,,
6310493572,"Nov 26, 2021, 6:59:19 PM",Lunch Walk ,Walk,,4076,1.17,,,FALSE,Shooters ,,activities/6310493572.gpx,,,4076,1354,1170.219971,5.731994629,0.864268839,0,0,290.3999939,292.2999878,4.366805553,0,,,,,,,,,146.7416382,,,,,,,,,3,,,,,0,11,0,,1,,1637949568,1,8.31000042,4.46999979,-1.960000038,0.479999989,1022.200012,8.039999962,12.47000027,207,0,1637932288,1637967872,0.74000001,,,0,,0,16093,3,286.3999939,,,,0,0.287100077,0,,,,,,,,,,,,
6313634670,"Nov 27, 2021, 2:36:14 PM",Morning Walk ,Walk,,3310,1.28,,,FALSE,Raider Express ,,activities/6313634670.gpx,,,3310,1457,1281.679932,5.171661377,0.879670501,0,0,290.3999939,292.2999878,1.853569269,0,,,,,,,,,160.718338,,,,,,,,,3,,,,,0,12,0,,1,,1638021632,1,4.21999979,-0.119999997,-1.320000052,0.670000017,1015.099976,6.059999943,11.22999954,208,0,1638018816,1638054144,0.769999981,,,0,,0.050000001,16093,0,293.8999939,,,,0,0.387214482,0,,,,,,,,,,,,
6315038285,"Nov 27, 2021, 8:41:47 PM",Afternoon Walk ,Walk,,8358,1.16,,,FALSE,Shooters ,,activities/6315038285.gpx,,,8358,1421,1159.410034,3.001334667,0.815911353,0,0,290.3999939,292.2999878,2.544533968,0,,,,,,,,,145.3861084,,,,,,,,,3,,,,,0,11,0,,1,,1638043136,1,15.93000031,15.93000031,1.99000001,0.389999986,1014.400024,4.050000191,5.809999943,311,0,1638018816,1638054144,0.769999981,,,0,,0.140000001,16093,2,299.6000061,,,,0,0.13871859,0,,,,,,,,,,,,
6319194810,"Nov 28, 2021, 7:16:13 PM",Lunch Walk ,Walk,,2706,1.29,,,FALSE,Raider Express ,,activities/6319194810.gpx,,,2706,1532,1290.560059,2.676246643,0.842402101,0,0,290.3999939,292.2999878,2.604166508,0,,,,,,,,,161.8318787,,,,,,,,,3,,,,,0,12,0,,1,,1638125952,1,10.68000031,10.68000031,-0.289999992,0.469999999,1024.099976,1.330000043,2.380000114,0,0,1638105216,1638140544,0.800000012,,,0,,0.02,16093,2,302.7999878,,,,0,0.476925373,0,,,,,,,,,,,,
6321802015,"Nov 29, 2021, 2:48:10 PM",Morning Walk ,Walk,,2689,1.21,,,FALSE,Raider Express ,,activities/6321802015.gpx,,,2689,1469,1218.180054,2.543994188,0.829258025,0,0,290.3999939,292.2999878,2.028397322,0,,,,,,,,,152.755661,,,,,,,,,3,,,,,0,12,0,,1,,1638194432,1,4.159999847,0.189999998,1.419999957,0.819999993,1019,5.210000038,11.06999969,205,0,1638191744,1638226944,0.839999974,,,0,,0.01,16093,0,282.2999878,,,,0,0.453023463,0,,,,,,,,,,,,
6325610530,"Nov 30, 2021, 1:12:05 PM",Morning Walk,Walk,,1945,1.22,,,FALSE,Raider Express ,,activities/6325610530.gpx,,,1945,1387,1221.609985,2.638000488,0.880757034,0,0,290.3999939,292.2999878,2.143622398,0,,,,,,,,,153.1857758,,,,,,,,,3,,,,,0,11,0,,1,,1638277248,1,3.470000029,3.470000029,1.659999967,0.879999995,1018.900024,0.899999976,2.50999999,109,0,1638278144,1638313344,0.879999995,,,0,,0.150000006,16093,0,276.7999878,,,,0,0.62807709,0,,,,,,,,,,,,
6327173584,"Nov 30, 2021, 7:11:44 PM",Lunch Walk ,Walk,,3752,1.31,,,FALSE,Shooters ,,activities/6327173584.gpx,,,3752,1409,1314.319946,5.914001465,0.932803392,2.039999962,2.039999962,290.3999939,292.5,7.270642281,0,,,,,,,,,164.8112793,,,,,,,,,3,,,,,0,11,0,,1,,1638298752,2,15.10000038,15.10000038,5.829999924,0.540000021,1019.400024,3.930000067,6.230000019,56,0,1638278144,1638313344,0.879999995,,,0,,0.639999986,16093,2,275.6000061,,,,0,0.350298494,0,,,,,,,,,,,,
6331906107,"Dec 1, 2021, 8:33:39 PM",Afternoon Walk ,Walk,,8894,1.15,,,FALSE,Shooters ,,activities/6331906107.gpx,,,8894,1360,1155.619995,3.73500371,0.849720597,0,0,290.3999939,292.2999878,2.688171148,0,,,,,,,,,144.9108429,,,,,,,,,3,,,,,0,11,0,,1,,1638388736,1,17.51000023,17.51000023,5.880000114,0.460000008,1016,3.299999952,4.659999847,243,0,1638364672,1638399744,0.910000026,,,0,,0.039999999,16093,2,294.6000061,,,,0,0.129932538,0,,,,,,,,,,,,
6334928576,"Dec 2, 2021, 5:51:18 PM",Lunch Walk ,Walk,,1165,0.97,,,FALSE,Palluccas ,,activities/6334928576.gpx,,,1165,1143,978.5999756,2.954003811,0.856167972,0,0,290.3999939,292.2999878,3.003042698,0,,,,,,,,,122.7131348,,,,,,,,,3,,,,,0,9,0,,1,,1638464384,1,16.06999969,16.06999969,5.199999809,0.479999989,1017.900024,4.630000114,8.029999733,232,0,1638451072,1638486144,0.949999988,,,0,,0,16093,2,281.2999878,,,,0,0.839999974,0,,,,,,,,,,,,
6336366942,"Dec 2, 2021, 10:28:08 PM",Evening Walk ,Walk,,9998,1.13,,,FALSE,Shooters ,,activities/6336366942.gpx,,,9998,1417,1133.040039,3.757995605,0.799604833,0,0,290.3999939,292.2999878,2.597401142,0,,,,,,,,,142.0793915,,,,,,,,,3,,,,,0,11,0,,1,,1638482432,1,21.19000053,21.19000053,7.079999924,0.400000006,1015.099976,4.489999771,6.860000134,212,0,1638451072,1638486144,0.949999988,,,0,,0.02,16093,0,278.5,,,,0,0.113326669,0,,,,,,,,,,,,
6338181473,"Dec 3, 2021, 2:08:13 PM",Morning Walk ,Walk,,1944,1.26,,,FALSE,Raider Express ,,activities/6338181473.gpx,,,1944,1516,1260.97998,3.446343422,0.83178097,0,0,290.3999939,292.2999878,1.867412448,0,,,,,,,,,158.1226349,,,,,,,,,3,,,,,0,12,0,,1,,1638540032,1,10.42000008,10.42000008,9.210000038,0.920000017,1014.299988,3.25999999,9.659999847,207,0,1638537472,1638572544,0.99000001,,,0,,0.039999999,16093,0,274.3999939,,,,0,0.648652256,0,,,,,,,,,,,,
6338946607,"Dec 3, 2021, 6:16:17 PM",Lunch Walk ,Walk,,659,0.51,,,FALSE,AVCH to Chatters,,activities/6338946607.gpx,,,659,621,511.6000061,1.732000113,0.823832512,4.354238987,0.054239132,273.3999939,277.8999939,5.434793472,0.840500355,,,,,,,,,64.15291595,,,,,,,,,3,,,,,0,5,0,,1,,1638554368,2,19.44000053,19.44000053,14.71000004,0.74000001,1013.900024,4.53000021,6.059999943,232,0,1638537472,1638572544,0.99000001,,,0,,0.439999998,16093,2,274.2000122,,,,0,0.776327789,0,,,,,,,,,,,,
6339274553,"Dec 3, 2021, 8:12:16 PM",Afternoon Walk ,Walk,,844,0.63,,,FALSE,Raider Express to home,,activities/6339274553.gpx,,,844,813,633.5800171,3.559999943,0.77931124,0,1.700000048,290.3999939,292.2999878,1.356853008,-0.268316537,,,,,,,,,79.4487915,,,,,,,,,3,,,,,0,6,0,,1,,1638561536,1,21.32999992,21.32999992,14.64999962,0.660000026,1012.599976,3.109999895,4.380000114,235,0,1638537472,1638572544,0.99000001,,,0,,0.159999996,16093,2,272.7000122,,,,0,0.750687242,0,,,,,,,,,,,,
6343751450,"Dec 4, 2021, 7:25:39 PM",Afternoon Walk ,Walk,,6038,1.2,,,FALSE,Shooters ,,activities/6343751450.gpx,,,6038,1395,1208.390015,4.897997856,0.866229415,0,0,290.3999939,292.2999878,2.766253471,0,,,,,,,,,151.5280304,,,,,,,,,3,,,,,0,11,0,,1,,1638644352,1,14.40999985,14.40999985,3.619999886,0.479999989,1020.200012,6.230000019,8.359999657,72,0,1638624000,1638658944,0.029999999,,,0,,0.300000012,16093,2,268.1000061,,,,0,0.200130835,0,,,,,,,,,,,,
6346650088,"Dec 5, 2021, 1:15:18 PM",Morning Walk ,Walk,,2232,1.44,,,FALSE,Raider Express ,,activities/6346650088.gpx,,,2232,1648,1444.859985,3.568000078,0.876735449,0,0,290.3999939,292.2999878,2.123139143,0,,,,,,,,,181.1805573,,,,,,,,,3,,,,,0,13,0,,1,,1638709248,3,13.52000046,13.52000046,12.81000042,0.949999988,1009.900024,4.739999771,10.97000027,186,0,1638710400,1638745344,0.07,,,0,,0.959999979,16093,0,270.1000061,,,,0,0.647338688,0,,,,,,,,,,,,
6351170469,"Dec 6, 2021, 2:12:27 PM",Morning Walk ,Walk,,10681,1.2,,,FALSE,Shooters ,,activities/6351170469.gpx,,,10681,1417,1200.25,4.914998531,0.847036004,0,0.100000001,290.3999939,292.2999878,1.850136518,-0.008331598,,,,,,,,,150.5072937,,,,,,,,,3,,,,,0,11,0,,1,,1638799232,1,-0.200000003,-5.679999828,-7.900000095,0.560000002,1027,5.949999809,10.75,349,0,1638796800,1638831744,0.109999999,,,0,,0.079999998,16093,0,312.2000122,,,,0,0.112372436,0,,,,,,,,,,,,
6354809116,"Dec 7, 2021, 2:31:14 PM",Morning Walk ,Walk,,3436,1.5,,,FALSE,Raider Express and Shooters ,,activities/6354809116.gpx,,,3436,1673,1503.47998,3.559997559,0.898673058,0,0,290.3999939,292.2999878,1.848428845,0,,,,,,,,,188.531311,,,,,,,,,3,,,,,0,13,0,,1,,1638885632,3,-0.01,-4.150000095,-6.010000229,0.639999986,1021.799988,3.789999962,11.09000015,147,0,1638883328,1638918144,0.150000006,,,0,,0.949999988,16093,0,296.7999878,,,,0,0.437566936,0,,,,,,,,,,,,
6359298327,"Dec 8, 2021, 2:39:01 PM",Morning Walk ,Walk,,7203,1.53,,,FALSE,Shooters ,,activities/6359298327.gpx,,,7203,1437,1538.459961,15.46749878,1.070605397,0,0,290.3999939,292.6000061,2.350173473,0,,,,,,,,,192.9176788,,,,,,,,,4,,,,,0,15,0,,1,,1638972032,1,-2.109999895,-4.829999924,-4.130000114,0.860000014,1018.299988,1.940000057,4.489999771,199,0,1638969728,1639004544,0.180000007,,,0,,0.109999999,16093,0,325.1000061,,,,0,0.213586003,0,,,,,,,,,,,,
6363177108,"Dec 9, 2021, 2:34:50 PM",Morning Walk ,Walk,,7316,1.2,,,FALSE,Shooters ,,activities/6363177108.gpx,,,7316,1386,1201.030029,3.804003954,0.866544008,0,0,290.3999939,292.2999878,2.398080349,0,,,,,,,,,150.6051178,,,,,,,,,4,,,,,0,15,0,,1,,1639058432,1,10.46000004,10.46000004,8.890000343,0.899999976,1003.799988,8.550000191,16.18000031,207,0,1639056128,1639090944,0.219999999,,,0,,0.310000002,16093,0,288.8999939,,,,0,0.164164841,0,,,,,,,,,,,,
6363738008,"Dec 9, 2021, 6:43:35 PM",Lunch Walk ,Walk,,1303,1.02,,,FALSE,Palluccas ,,activities/6363738008.gpx,,,1303,1156,1019.48999,3.952002048,0.881911755,0,0,290.3999939,292.2999878,2.197800636,0,,,,,,,,,127.8405991,,,,,,,,,3,,,,,0,9,0,,1,,1639072768,1,16.63999939,16.63999939,7.059999943,0.529999971,1005.099976,6.079999924,8.140000343,237,0,1639056128,1639090944,0.219999999,,,0,,0.159999996,16093,2,284.8999939,,,,0,0.782417476,0,,,,,,,,,,,,
6368170585,"Dec 10, 2021, 11:09:41 PM",Evening Walk ,Walk,,3949,1.11,,,FALSE,Shooters ,,activities/6368170585.gpx,,,3949,1366,1116.939941,3.788000584,0.817672014,0,0,290.3999939,292.2999878,1.841620564,0,,,,,,,,,140.0605011,,,,,,,,,3,,,,,0,11,0,,1,,1639177216,2,20.23999977,20.23999977,14.68000031,0.699999988,996,8.760000229,13.94999981,205,0,1639142656,1639177344,0.25,,,0,,0.769999981,16093,0,284.2999878,,,,0,0.282841206,0,,,,,,,,,,,,
6371155216,"Dec 11, 2021, 2:12:12 PM",Morning Walk ,Walk,,8597,1.24,,,FALSE,Shooters ,,activities/6371155216.gpx,,,8597,1489,1242.619995,4.661999702,0.834533215,0,0,290.3999939,292.2999878,2.751029968,0,,,,,,,,,155.8203583,,,,,,,,,4,,,,,0,16,0,,1,,1639231232,1,-0.090000004,-4.730000019,-4.420000076,0.730000019,1019.900024,4.5,11.56000042,309,0,1639229056,1639263744,0.280000001,,,0,,0.059999999,16093,0,321.7999878,,,,0,0.144541115,0,,,,,,,,,,,,
6375345575,"Dec 12, 2021, 2:39:47 PM",Morning Walk ,Walk,,2521,1.24,,,FALSE,Raider Express ,,activities/6375345575.gpx,,,2521,1434,1239.22998,3.004004002,0.864177108,0,0,290.3999939,292.2999878,1.872660518,0,,,,,,,,,155.3952484,,,,,,,,,3,,,,,0,11,0,,1,,1639317632,1,0.07,-4.539999962,-3.00999999,0.800000012,1023.599976,4.5,10.76000023,185,0,1639315584,1639350144,0.319999993,,,0,,0,16093,0,282.1000061,,,,0,0.491562873,0,,,,,,,,,,,,
6379221155,"Dec 13, 2021, 2:11:56 PM",Morning Walk ,Walk,,8763,1.33,,,FALSE,Raider Express and Shooters ,,activities/6379221155.gpx,,,8763,1565,1335.73999,4.702002048,0.853507996,0,0,290.3999939,292.2999878,2.44200182,0,,,,,,,,,167.4972839,,,,,,,,,4,,,,,0,17,0,,1,,1639404032,1,3.130000114,-0.670000017,0.709999979,0.839999974,1021.5,4.389999866,12.02999973,196,0,1639401984,1639436544,0.349999994,,,0,,0.01,16093,0,279.3999939,,,,0,0.152429536,0,,,,,,,,,,,,
6383038109,"Dec 14, 2021, 2:15:45 PM",Morning Walk ,Walk,,4088,1.38,,,FALSE,Raider Express and Shooters ,,activities/6383038109.gpx,,,4088,1753,1385.390015,3.913989305,0.790296614,0,0,290.3999939,292.2999878,1.808316112,0,,,,,,,,,173.7232361,,,,,,,,,4,,,,,0,19,0,,1,,1639490432,3,12.86999989,12.86999989,11.06999969,0.889999986,1020.799988,5.75,12.68999958,180,0,1639488384,1639522944,0.379999995,,,0,,0.920000017,16093,0,280.6000061,,,,0,0.338891894,0,,,,,,,,,,,,
6387432021,"Dec 15, 2021, 2:19:21 PM",Morning Walk ,Walk,,7821,1.17,,,FALSE,Shooters ,,activities/6387432021.gpx,,,7821,1481,1176.459961,2.264001369,0.794368625,0,0,290.3999939,292.2999878,2.570694447,0,,,,,,,,,147.5241089,,,,,,,,,4,,,,,0,16,0,,1,,1639576832,8,19.98999977,20.46999931,18.84000015,0.930000007,1012.400024,9.569999695,17.73999977,194,0,1639574912,1639609344,0.409999996,,,0,,0.779999971,16093,0,271.3999939,,,,0,0.150423214,0,,,,,,,,,,,,
6392716807,"Dec 16, 2021, 10:35:11 PM",Afternoon Walk ,Walk,,1456,0.99,,,FALSE,Palluccas ,,activities/6392716807.gpx,,,1456,1060,995.8699951,4.409996986,0.939499974,0,0,290.3999939,292.2999878,2.583978653,0,,,,,,,,,124.8787384,,,,,,,,,3,,,,,0,8,0,,1,,1639692032,1,11.05000019,11.05000019,-0.349999994,0.449999988,1020,2.630000114,3.680000067,14,0,1639661312,1639695872,0.439999998,,,0,,0.01,16093,0,278.1000061,,,,0,0.68397665,0,,,,,,,,,,,,
6395095220,"Dec 17, 2021, 2:15:48 PM",Morning Walk ,Walk,,7428,1.18,,,FALSE,Shooters ,,activities/6395095220.gpx,,,7428,1428,1181.550049,2.890000105,0.827416003,0,0,290.3999939,292.2999878,2.389487743,0,,,,,,,,,148.162384,,,,,,,,,4,,,,,0,15,0,,1,,1639749632,3,7.320000172,5.389999866,5.909999847,0.910000026,1016.299988,2.859999895,7.429999828,95,0,1639747712,1639782272,0.469999999,,,0,,0.980000019,16093,0,279.2000122,,,,0,0.15906705,0,,,,,,,,,,,,
6399327167,"Dec 18, 2021, 2:09:27 PM",Morning Walk ,Walk,,8873,1.15,,,FALSE,Shooters ,,activities/6399327167.gpx,,,8873,1416,1150.75,2.919993162,0.812676549,0,0,287.1000061,292.3999939,20.15117836,0,,,,,,,,,144.3001709,,,,,,,,,4,,,,,0,15,0,,1,,1639836032,2,0.689999998,-3.890000105,-1.210000038,0.870000005,1024.5,4.699999809,11.97000027,347,0,1639834240,1639868672,0.5,,,0,,0.419999987,16093,0,277.3999939,,,,0,0.129691198,0,,,,,,,,,,,,
6400580008,"Dec 18, 2021, 11:23:08 PM",Evening Walk ,Walk,,4048,1.14,,,FALSE,Shooters ,,activities/6400580008.gpx,,,4048,1343,1143.530029,3.40800786,0.851474345,0,0,290.3999939,292.2999878,2.5,0,,,,,,,,,143.3948059,,,,,,,,,3,,,,,0,11,0,,1,,1639868416,2,1.289999962,-3.089999914,-3.369999886,0.709999979,1027.300049,4.630000114,7.599999905,349,0,1639834240,1639868672,0.5,,,0,,0.74000001,16093,0,284.7999878,,,,0,0.282492608,0,,,,,,,,,,,,
6407271229,"Dec 20, 2021, 2:18:44 PM",Morning Walk ,Walk,,7262,1.18,,,FALSE,Shooters ,,activities/6407271229.gpx,,,7262,1399,1179.390015,3.144999266,0.843023598,0,0,290.3999939,292.2999878,1.94174695,0,,,,,,,,,147.8915253,,,,,,,,,4,,,,,0,15,0,,1,,1640008832,1,-2.25,-6.570000172,-3.839999914,0.889999986,1023.200012,3.400000095,7.510000229,188,0,1640007040,1640041472,0.560000002,,,0,,0.090000004,16093,0,283.2999878,,,,0,0.16240567,0,,,,,,,,,,,,
6410949313,"Dec 21, 2021, 2:17:19 PM",Morning Walk ,Walk,,2649,1.73,,,FALSE,Raider Express and Shooters ,,activities/6410949313.gpx,,,2649,1610,1738.660034,3.977996826,1.07991302,0,0,290.3999939,292.2999878,2.509409904,0,,,,,,,,,218.0220947,,,,,,,,,4,,,,,0,17,0,,1,,1640095232,2,-2.559999943,-5.920000076,-4.019999981,0.899999976,1019.5,2.390000105,3.789999962,220,0,1640093440,1640128000,0.589999974,,,0,,0.5,12215,0,262.3999939,,,,0,0.656345785,0,,,,,,,,,,,,
6415481998,"Dec 22, 2021, 2:31:58 PM",Morning Walk ,Walk,,8390,1.56,,,FALSE,Raider Express and Shooters ,,activities/6415481998.gpx,,,8390,1775,1565.73999,6.148999214,0.882107019,0,0.100000001,290.3999939,292.2999878,3.081668854,-0.006386756,,,,,,,,,196.338501,,,,,,,,,4,,,,,0,19,0,,1,,1640181632,1,-1.830000043,-5.199999809,-5.070000172,0.790000021,1019.799988,2.50999999,4.769999981,131,0,1640179968,1640214400,0.620000005,,,0,,0,16093,0,282.7999878,,,,0,0.186619788,0,,,,,,,,,,,,
6418984285,"Dec 23, 2021, 2:41:35 PM",Morning Walk ,Walk,,4113,1.53,,,FALSE,Raider Express and Shooters ,,activities/6418984285.gpx,,,4113,1805,1538.839966,4.601664066,0.852542937,0,0,290.3999939,292.2999878,3.095993996,0,,,,,,,,,192.965332,,,,,,,,,4,,,,,0,20,0,,1,,1640268032,2,5.400000095,1.539999962,3.099999905,0.850000024,1013.700012,5.670000076,12.73999977,205,0,1640266368,1640300800,0.649999976,,,0,,0.349999994,16093,0,264.3999939,,,,0,0.374140531,0,,,,,,,,,,,,
6420454853,"Dec 23, 2021, 10:20:39 PM",Evening Walk ,Walk,,5598,1.22,,,FALSE,Shooters ,,activities/6420454853.gpx,,,5598,1408,1220.77002,5.92133379,0.867024183,0,0,290.3999939,292.2999878,2.072540283,0,,,,,,,,,153.0804443,,,,,,,,,3,,,,,0,11,0,,1,,1640296832,2,13.07999992,13.07999992,9.010000229,0.75999999,1009.5,5.03000021,9.68999958,192,0,1640266368,1640300800,0.649999976,,,0,,0.529999971,16093,0,266.5,,,,0,0.218072534,0,,,,,,,,,,,,
6423855194,"Dec 24, 2021, 4:27:23 PM",Afternoon Walk ,Walk,,19320,1.47,,,FALSE,Shooters ,,activities/6423855194.gpx,,,19320,1832,1475.5,4.79399395,0.805403948,0,0,290.3999939,292.2999878,3.267976522,0,,,,,,,,,185.0227203,,,,,,,,,4,,,,,0,20,0,,1,,1640361600,1,16.69000053,16.69000053,11.88000011,0.730000019,1000.299988,10.89000034,17.17000008,202,0,1640352768,1640387200,0.680000007,,,0,,0.289999992,16093,1,260.6000061,,,,0,0.076371633,0,,,,,,,,,,,,
6425386679,"Dec 25, 2021, 11:50:37 AM",Morning Walk ,Walk,,771,0.65,,,FALSE,Shooters ,,activities/6425386679.gpx,,,771,771,651.4899902,2.098010302,0.844993532,0,-1.600000024,290.3999939,292.2999878,2.188184023,0.245590881,,,,,,,,,81.69464874,,,,,,,,,3,,,,,0,6,0,,1,,1640429952,1,13.68000031,13.68000031,5.940000057,0.600000024,1002,4.46999979,9.979999542,288,0,1640439168,1640473728,0.720000029,,,0,,0,16093,0,275.8999939,,,,0,0.844993532,0,,,,,,,,,,,,
6426973603,"Dec 25, 2021, 9:49:34 PM",Afternoon Walk ,Walk,,1014,0.65,,,FALSE,From Shooters ,,activities/6426973603.gpx,,,1014,996,654.8200073,5.050833702,0.657449782,0,1.600000024,290.3999939,292.2999878,2.86943984,-0.244341955,,,,,,,,,82.11222076,,,,,,,,,3,,,,,0,8,0,,1,,1640466048,2,17.15999985,17.15999985,6.940000057,0.50999999,1009.900024,1.200000048,2.210000038,291,0,1640439168,1640473728,0.720000029,,,0,,0.319999993,16093,1,277.7000122,,,,0,0.645779073,0,,,,,,,,,,,,
6430538512,"Dec 26, 2021, 4:01:48 PM",Morning Walk ,Walk,,5976,1.29,,,FALSE,Raider Express and Shooters ,,activities/6430538512.gpx,,,5976,1529,1298.180054,7.754994869,0.849038601,0,0,290.3999939,292.5,3.095974445,0,,,,,,,,,162.7873993,,,,,,,,,3,,,,,0,12,0,,1,,1640534400,2,11.14000034,11.14000034,6.860000134,0.75,1011.799988,4.230000019,9.75,141,0,1640525568,1640560128,0.75,,,0,,0.660000026,16093,1,261.2999878,,,,0,0.217232272,0,,,,,,,,,,,,
6434195565,"Dec 27, 2021, 1:06:29 PM",Morning Walk ,Walk,,12026,1.53,,,FALSE,Raider Express and Shooters ,,activities/6434195565.gpx,,,12026,1654,1531.52002,8.826001167,0.925949216,0,0,290.3999939,292.2999878,1.889019489,0,,,,,,,,,192.0474396,,,,,,,,,4,,,,,0,18,0,,1,,1640610048,1,8.630000114,6.360000134,1.75,0.620000005,1008.900024,3.920000076,9.699999809,320,0,1640611968,1640646528,0.790000021,,,0,,0.07,16093,0,263.7999878,,,,0,0.127350748,0,,,,,,,,,,,,
6435648933,"Dec 27, 2021, 9:23:00 PM",Evening Walk ,Walk,,8037,1.16,,,FALSE,Shooters ,,activities/6435648933.gpx,,,8037,1396,1168.060059,4.45666647,0.836719215,0,0,290.3999939,292.2999878,1.814881325,0,,,,,,,,,146.4707947,,,,,,,,,3,,,,,0,11,0,,1,,1640638848,1,12.21000004,12.21000004,-2.779999971,0.349999994,1012.200012,4.21999979,5.059999943,26,0,1640611968,1640646528,0.790000021,,,0,,0.270000011,16093,1,266.2000122,,,,0,0.145335332,0,,,,,,,,,,,,
6442304274,"Dec 29, 2021, 1:12:07 PM",Morning Walk ,Walk,,2748,1.41,,,FALSE,Raider Express ,,activities/6442304274.gpx,,,2748,1668,1417.609985,3.057995558,0.84988606,0,0,290.3999939,292.2999878,1.913876176,0,,,,,,,,,177.763504,,,,,,,,,3,,,,,0,13,0,,1,,1640782848,3,0.219999999,-4.730000019,-1.600000024,0.879999995,1009.799988,5.159999847,8.520000458,44,0,1640784896,1640819456,0.860000014,,,0,,0.949999988,16093,0,326.2999878,,,,0,0.515869737,0,,,,,,,,,,,,
6444716651,"Dec 29, 2021, 10:42:17 PM",Evening Walk ,Walk,,7850,1.18,,,FALSE,Shooters ,,activities/6444716651.gpx,,,7850,1360,1185.390015,4.15000391,0.871610284,0,0,290.3999939,292.2999878,3.236245871,0,,,,,,,,,148.6439056,,,,,,,,,3,,,,,0,11,0,,1,,1640815232,2,5.550000191,3.289999962,2.569999933,0.810000002,1008.700012,2.839999914,3.880000114,357,0,1640784896,1640819456,0.860000014,,,0,,0.829999983,16093,0,319.2999878,,,,0,0.151005104,0,,,,,,,,,,,,
6447312820,"Dec 30, 2021, 2:24:34 PM",Morning Walk ,Walk,,5656,1.21,,,FALSE,Raider Express and Shooters ,,activities/6447312820.gpx,,,5656,1473,1210.969971,3.621820688,0.822111309,0,0,290.3999939,292.2999878,1.91143775,0,,,,,,,,,151.8515472,,,,,,,,,4,,,,,0,16,0,,1,,1640872832,2,0.50999999,0.50999999,-0.790000021,0.910000026,1013.400024,1.230000019,1.929999948,356,0,1640871296,1640905856,0.899999976,,,0,,0.839999974,12862,0,283.3999939,,,,0,0.214103594,0,,,,,,,,,,,,
6452219251,"Dec 31, 2021, 1:57:40 PM",Morning Walk ,Walk,,7996,1.38,,,FALSE,Raider Express and Shooters ,,activities/6452219251.gpx,,,7996,1541,1385.73999,7.550000191,0.899247229,0,0.100000001,290.3999939,292.2999878,2.383790493,-0.007216361,,,,,,,,,173.7671204,,,,,,,,,4,,,,,0,17,0,,1,,1640955648,2,9.170000076,6.21999979,3.440000057,0.670000017,1003.5,5.900000095,10.77000046,206,0,1640957696,1640992256,0.939999998,,,0,,0.579999983,16093,0,287.3999939,,,,0,0.173304155,0,,,,,,,,,,,,
6466597535,"Jan 3, 2022, 2:12:10 PM",Morning Walk ,Walk,,3990,1.22,,,FALSE,Raider Express and Shooters ,,activities/6466597535.gpx,,,3990,1451,1221.680054,5.472001076,0.841957331,0,0,290.3999939,292.2999878,2.004007339,0,,,,,,,,,153.1945496,,,,,,,,,4,,,,,0,16,0,,1,,1641218432,1,-8.300000191,-13.17000008,-10.81999969,0.819999993,1030.199951,2.74000001,5.849999905,196,0,1641216896,1641251584,0.050000001,,,0,,0.01,16093,0,297.8999939,,,,0,0.306185484,0,,,,,,,,,,,,
6468843732,"Jan 3, 2022, 10:32:20 PM",Evening Walk ,Walk,,4084,1.22,,,FALSE,Shooters ,,activities/6468843732.gpx,,,4084,1330,1228.780029,9.599998474,0.923894763,0,0,290.3999939,292.2999878,2.967359066,0,,,,,,,,,154.0848694,,,,,,,,,3,,,,,0,11,0,,1,,1641247232,1,4.119999886,0.709999979,-4.139999866,0.550000012,1026.400024,4.119999886,6.46999979,187,0,1641216896,1641251584,0.050000001,,,0,,0,16093,0,295.8999939,,,,0,0.300876588,0,,,,,,,,,,,,
6477146432,"Jan 5, 2022, 2:28:39 PM",Morning Walk ,Walk,,7829,1.27,,,FALSE,Shooters ,,activities/6477146432.gpx,,,7829,1639,1276.869995,1.788000464,0.779054284,0,0.100000001,290.3999939,292.2999878,2.475260973,-0.007831651,,,,,,,,,160.1151886,,,,,,,,,4,,,,,0,18,0,,1,,1641391232,1,-5.820000172,-11.93999958,-10.93999958,0.670000017,1021.599976,4.630000114,9.960000038,334,0,1641389696,1641424512,0.129999995,,,0,,0.07,16093,0,338.8999939,,,,0,0.163094908,0,,,,,,,,,,,,
6486872873,"Jan 7, 2022, 2:28:34 PM",Morning Walk ,Walk,,6670,1.18,,,FALSE,Shooters ,,activities/6486872873.gpx,,,6670,1433,1188.540039,2.938000441,0.829406857,0,0,290.3999939,292.2999878,2.304147482,0,,,,,,,,,149.0389099,,,,,,,,,4,,,,,0,15,0,,1,,1641564032,2,-12.47000027,-17.37000084,-15.34000015,0.790000021,1027.699951,2.230000019,4.610000134,99,0,1641562496,1641597440,0.200000003,,,0,,0.50999999,16093,0,290.7999878,,,,0,0.178191915,0,,,,,,,,,,,,
6488503676,"Jan 7, 2022, 10:00:38 PM",Evening Walk ,Walk,,7892,1.19,,,FALSE,Shooters ,,activities/6488503676.gpx,,,7892,1429,1195.939941,3.335998535,0.83690691,0,0.100000001,290.3999939,292.2999878,1.618122935,-0.008361624,,,,,,,,,149.9668274,,,,,,,,,3,,,,,0,11,0,,1,,1641592832,2,-0.389999986,-4.510000229,-7.079999924,0.610000014,1021.700012,3.660000086,7.389999866,161,0,1641562496,1641597440,0.200000003,,,0,,0.689999998,16093,0,278.2000122,,,,0,0.151538253,0,,,,,,,,,,,,
6491652851,"Jan 8, 2022, 2:12:54 PM",Morning Walk ,Walk,,5036,1.21,,,FALSE,Raider Express and Shooters ,,activities/6491652851.gpx,,,5036,1409,1215.719971,2.756663084,0.862824678,0,0.100000001,290.3999939,292.2999878,1.790510535,-0.008225579,,,,,,,,,152.4471741,,,,,,,,,4,,,,,0,15,0,,1,,1641650432,3,2.299999952,-3.349999905,0.119999997,0.860000014,1013.5,8.020000458,15.23999977,179,0,1641648896,1641683968,0.230000004,,,0,,0.99000001,16093,0,277,,,,0,0.241405874,0,,,,,,,,,,,,
6493511283,"Jan 8, 2022, 9:11:40 PM",Afternoon Walk ,Walk,,7811,1.23,,,FALSE,Shooters ,,activities/6493511283.gpx,,,7811,1388,1230.599976,4.319602013,0.886599422,0,0,290.3999939,292.2999878,1.672240973,0,,,,,,,,,154.3130798,,,,,,,,,3,,,,,0,11,0,,1,,1641675648,3,7.579999924,3.809999943,6.289999962,0.920000017,1010,7.079999924,14.76000023,185,0,1641648896,1641683968,0.230000004,,,0,,1,14374,1,278.6000061,,,,0,0.157547042,0,,,,,,,,,,,,
6502053072,"Jan 10, 2022, 1:51:42 PM",Morning Walk ,Walk,,9471,1.2,,,FALSE,Raider Express and Shooters ,,activities/6502053072.gpx,,,9471,1409,1205,3.841664553,0.855216444,0,0,290.3999939,292.2999878,1.727116585,0,,,,,,,,,151.1029358,,,,,,,,,4,,,,,0,15,0,,1,,1641819648,1,-6.099999905,-10.31999969,-9.93999958,0.74000001,1038,2.559999943,4.769999981,222,0,1641821696,1641856896,0.289999992,,,0,,0,16093,0,306.7999878,,,,0,0.127230495,0,,,,,,,,,,,,
6503952266,"Jan 10, 2022, 9:36:55 PM",Afternoon Walk ,Walk,,5815,1.15,,,FALSE,Shooters ,,activities/6503952266.gpx,,,5815,1373,1154.609985,5.70399189,0.840939522,0,0,290.3999939,292.2999878,2.320186853,0,,,,,,,,,144.7841949,,,,,,,,,3,,,,,0,11,0,,1,,1641848448,1,8,5.78000021,-5.019999981,0.389999986,1035.5,3.549999952,5.320000172,249,0,1641821696,1641856896,0.289999992,,,0,,0,16093,1,298.2000122,,,,0,0.198557183,0,,,,,,,,,,,,
6506925476,"Jan 11, 2022, 2:12:17 PM",Morning Walk ,Walk,,5508,1.34,,,FALSE,Raider Express and Shooters ,,activities/6506925476.gpx,,,5508,1075,1339.280029,10.48601055,1.245841861,0,0,290.3999939,292.2999878,2.25733614,0,,,,,,,,,167.9411926,,,,,,,,,4,,,,,0,11,0,,1,,1641909632,1,-0.769999981,-5.610000134,-5.360000134,0.709999979,1032.5,4.550000191,9.229999542,197,0,1641908096,1641943296,0.319999993,,,0,,0,16093,0,288.7999878,,,,0,0.243151784,0,,,,,,,,,,,,
6509296403,"Jan 11, 2022, 9:56:47 PM",Afternoon Walk ,Walk,,5598,1.15,,,FALSE,Shooters ,,activities/6509296403.gpx,,,5598,1243,1154.810059,3.981994629,0.929050744,0,0,290.3999939,292.2999878,2.684562206,0,,,,,,,,,144.8092804,,,,,,,,,3,,,,,0,10,0,,1,,1641934848,1,12.78999996,12.78999996,-3.210000038,0.330000013,1025.800049,8.659999847,13.17000008,208,0,1641908096,1641943296,0.319999993,,,0,,0,16093,1,280.7999878,,,,0,0.206289753,0,,,,,,,,,,,,
6512440684,"Jan 12, 2022, 2:23:30 PM",Morning Work Walk ,Walk,,6960,2.27,,,FALSE,Shooters ,,activities/6512440684.gpx,,,6960,2878,2276.310059,9.605241776,0.790934682,0,0,290.3999939,292.3999939,3.236281633,0,,,,,,,,,285.4415894,,,,,,,,,4,,,,,0,31,0,,1,,1641996032,1,-0.370000005,-4.71999979,-2.910000086,0.829999983,1022.5,3.960000038,8.399999619,214,0,1641994496,1642029824,0.349999994,,,0,,0.02,16093,0,304.2999878,,,,0,0.32705605,0,,,,,,,,,,,,
6518035220,"Jan 13, 2022, 5:32:25 PM",Lunch Walk ,Walk,,1142,1.1,,,FALSE,Palluccas ,,activities/6518035220.gpx,,,1142,1142,1107.880005,10.29000282,0.970122576,0,0,290.3999939,292.2999878,2.171552896,0,,,,,,,,,138.924408,,,,,,,,,3,,,,,0,9,0,,1,,1642093184,1,10.72999954,10.72999954,1.74000001,0.540000021,1018.799988,4.940000057,11.77000046,324,0,1642080896,1642116224,0.379999995,,,0,,0.01,16093,2,306.8999939,,,,0,0.970122576,0,,,,,,,,,,,,
6522565163,"Jan 14, 2022, 1:52:16 PM",Morning Walk ,Walk,,8328,1.22,,,FALSE,Raider Express and Shooters ,,activities/6522565163.gpx,,,8328,1449,1227.670044,4.623999119,0.847253323,0,0.100000001,290.3999939,292.2999878,1.755926371,-0.008145511,,,,,,,,,153.9456787,,,,,,,,,4,,,,,0,16,0,,1,,1642165248,2,2.470000029,0.829999983,0.579999983,0.870000005,1016,1.659999967,5.320000172,132,0,1642167296,1642202752,0.409999996,,,0,,0.639999986,16093,0,284.3999939,,,,0,0.147414744,0,,,,,,,,,,,,
6528303014,"Jan 15, 2022, 3:47:23 PM",Morning Walk ,Walk,,3119,1.09,,,FALSE,Raider Express ,,activities/6528303014.gpx,,,3119,1427,1095.469971,1.742001295,0.767673433,0,0,290.3999939,292.2999878,1.881466627,0,,,,,,,,,137.3682404,,,,,,,,,3,,,,,0,11,0,,1,,1642258816,6,-2.579999924,-7.559999943,-3.089999914,0.959999979,1017.200012,4.150000095,10.43999958,347,0.203999996,1642253568,1642289152,0.439999998,,,1,6,0.980000019,3220,0,354.8999939,,,,0,0.35122475,0,,,,,,,,,,,,
6545746000,"Jan 18, 2022, 9:33:34 PM",Afternoon Walk ,Walk,,4449,1.13,,,FALSE,Shooters ,,activities/6545746000.gpx,,,4449,1327,1134.069946,2.68599844,0.854611874,0,0,290.3999939,292.2999878,3.246751308,0,,,,,,,,,142.2085419,,,,,,,,,3,,,,,0,11,0,,1,,1642539648,2,13.22999954,13.22999954,5.650000095,0.600000024,1008.299988,5.929999828,10,197,0,1642512768,1642548480,0.540000021,,,0,,0.75999999,16093,1,314.5,,,,0,0.254904449,0,,,,,,,,,,,,
6549151490,"Jan 19, 2022, 2:11:52 PM",Morning Walk ,Walk,,8787,1.24,,,FALSE,Raider Express and Shooters ,,activities/6549151490.gpx,,,8787,1425,1242.699951,3.756331444,0.872070134,0,0,290.3999939,292.2999878,3.246753931,0,,,,,,,,,155.8303833,,,,,,,,,4,,,,,0,15,0,,1,,1642600832,3,1.710000038,-4.460000038,-0.389999986,0.860000014,1019.700012,9,15.17000008,24,0,1642599168,1642635008,0.569999993,,,0,,1,16093,0,329.6000061,,,,0,0.14142482,0,,,,,,,,,,,,
6554087328,"Jan 20, 2022, 2:12:53 PM",Morning Walk ,Walk,,7595,1.35,,,FALSE,Raider Express and Shooters ,,activities/6554087328.gpx,,,7595,1423,1356.800049,5.5,0.953478575,0,0,290.3999939,292.2999878,1.853569269,0,,,,,,,,,170.1381378,,,,,,,,,4,,,,,0,15,0,,1,,1642687232,1,-12.77000046,-21.65999985,-18.03000069,0.649999976,1039.599976,6,9.470000267,17,0,1642685440,1642721408,0.600000024,,,0,,0.170000002,16093,0,339.7000122,,,,0,0.178643852,0,,,,,,,,,,,,
6554893651,"Jan 20, 2022, 6:36:53 PM",Lunch Walk ,Walk,,1268,1.06,,,FALSE,Palluccas ,,activities/6554893651.gpx,,,1268,1182,1068.920044,4.400006294,0.904331684,0,0,290.3999939,292.2999878,3.021150351,0,,,,,,,,,134.0389709,,,,,,,,,3,,,,,0,9,0,,1,,1642701568,1,-7.980000019,-15.10999966,-19.20000076,0.400000006,1039.300049,5.289999962,7.170000076,18,0,1642685440,1642721408,0.600000024,,,0,,0.150000006,16093,2,354.2000122,,,,0,0.842996895,0,,,,,,,,,,,,
6556309162,"Jan 20, 2022, 11:32:29 PM",Evening Walk ,Walk,,668,0.55,,,FALSE,To Shooters ,,activities/6556309162.gpx,,,668,643,556.8400269,1.788000464,0.866003156,0,-1.799999952,290.3999939,292.2999878,2.034587622,0.323252618,,,,,,,,,69.82585907,,,,,,,,,3,,,,,0,5,0,,1,,1642719616,1,-6.25,-11.85999966,-18.97999954,0.360000014,1036.800049,3.880000114,5.659999847,16,0,1642685440,1642721408,0.600000024,,,0,,0.100000001,16093,0,376.5,,,,0,0.833592832,0,,,,,,,,,,,,
6556347565,"Jan 21, 2022, 1:01:41 AM",Evening Walk ,Walk,,778,0.59,,,FALSE,Home from Shooters ,,activities/6556347565.gpx,,,778,738,598.75,1.994000196,0.811314344,0,1.799999952,290.3999939,292.2999878,1.414425731,-0.300626308,,,,,,,,,75.08123016,,,,,,,,,3,,,,,0,6,0,,1,,1642726784,1,-8.420000076,-13.64999962,-17.84000015,0.469999999,1036.900024,3.039999962,6.230000019,31,0,1642685440,1642721408,0.600000024,,,0,,0.039999999,16093,0,384.8999939,,,,0,0.769601524,0,,,,,,,,,,,,
6558931536,"Jan 21, 2022, 2:11:01 PM",Morning Walk ,Walk,,8010,1.22,,,FALSE,Raider Express and Shooters ,,activities/6558931536.gpx,,,8010,1375,1222.660034,5.925994873,0.889207304,0,0,290.3999939,292.2999878,2.020203352,0,,,,,,,,,153.3174438,,,,,,,,,4,,,,,0,15,0,,1,,1642773632,1,-14.5,-19.67000008,-17.03000069,0.810000002,1035.400024,2.180000067,3.930000067,86,0,1642771840,1642807936,0.629999995,,,0,,0.039999999,16093,0,363.1000061,,,,0,0.152641699,0,,,,,,,,,,,,
6564130359,"Jan 22, 2022, 2:10:04 PM",Morning Walk ,Walk,,6296,1.64,,,FALSE,Raider Express and Shooters ,,activities/6564130359.gpx,,,6296,1795,1639.930054,7.717993259,0.913610041,0,0,290.3999939,292.2999878,2.014098644,0,,,,,,,,,205.6416779,,,,,,,,,4,,,,,0,19,0,,1,,1642860032,2,-5.289999962,-9.960000038,-11.07999992,0.639999986,1031.699951,3.109999895,6.400000095,232,0,1642858240,1642894336,0.660000026,,,0,,0.409999996,16093,0,332.3999939,,,,0,0.260471731,0,,,,,,,,,,,,
6569758051,"Jan 23, 2022, 1:42:16 PM",Morning Walk ,Walk,,5527,1.64,,,FALSE,Raider Express ,,activities/6569758051.gpx,,,5527,1611,1642.780029,10.96600342,1.019726872,2.019999981,2.019999981,290.3999939,292.6000061,3.89609766,0,,,,,,,,,205.9990692,,,,,,,,,3,,,,,0,13,0,,1,,1642942848,1,-1.110000014,-5.289999962,-6.28000021,0.680000007,1020.200012,3.529999971,7.650000095,214,0,1642944640,1642980864,0.699999988,,,0,,0.200000003,16093,0,330.8999939,,,,0,0.297228158,0,,,,,,,,,,,,
6572124317,"Jan 23, 2022, 9:33:23 PM",Afternoon Walk ,Walk,,737,0.59,,,FALSE,To Shooters ,,activities/6572124317.gpx,,,737,720,594.1799927,2.195996046,0.82524997,0,-1.799999952,290.3999939,292.2999878,2.805050135,0.302938521,,,,,,,,,74.50816345,,,,,,,,,3,,,,,0,6,0,,1,,1642971648,1,9.590000153,7.650000095,0.270000011,0.519999981,1018.299988,3.690000057,5.599999905,321,0,1642944640,1642980864,0.699999988,,,0,,0.02,16093,1,324.1000061,,,,0,0.806214392,0,,,,,,,,,,,,
6574775012,"Jan 24, 2022, 2:14:48 PM",Morning Walk ,Walk,,8226,1.19,,,FALSE,Raider Express and Shooters ,,activities/6574775012.gpx,,,8226,1472,1198.780029,2.257995605,0.814388633,0,0,290.3999939,292.2999878,1.867412448,0,,,,,,,,,150.3229675,,,,,,,,,4,,,,,0,16,0,,1,,1643032832,1,3.230000019,-1.350000024,-0.430000007,0.769999981,1008.700012,6,11.31999969,222,0,1643030912,1643067264,0.730000019,,,0,,0.239999995,16093,0,325.5,,,,0,0.145730615,0,,,,,,,,,,,,
6579828519,"Jan 25, 2022, 1:41:13 PM",Morning Walk ,Walk,,9103,1.3,,,FALSE,Raider Express and Shooters ,,activities/6579828519.gpx,,,9103,1495,1304.069946,5.086669922,0.872287571,0,0,290.3999939,292.2999878,2.07684207,0,,,,,,,,,163.5259705,,,,,,,,,4,,,,,0,16,0,,1,,1643115648,1,-7.78000021,-15.07999992,-11.52999973,0.74000001,1025.400024,5.610000134,9.789999962,22,0,1643117312,1643153792,0.769999981,,,0,,0.100000001,16093,0,318.3999939,,,,0,0.143257156,0,,,,,,,,,,,,
6582134660,"Jan 25, 2022, 9:42:37 PM",Afternoon Walk ,Walk,,7482,1.12,,,FALSE,Shooters ,,activities/6582134660.gpx,,,7482,1333,1127.900024,3.017499924,0.84613657,0,0.100000001,290.3999939,292.2999878,2.030455589,-0.008866034,,,,,,,,,141.4348602,,,,,,,,,3,,,,,0,11,0,,1,,1643144448,2,-1.75999999,-7.360000134,-17.64999962,0.289999992,1029.099976,5.400000095,6.820000172,24,0,1643117312,1643153792,0.769999981,,,0,,0.49000001,16093,1,328.1000061,,,,0,0.150748461,0,,,,,,,,,,,,
6585159949,"Jan 26, 2022, 1:53:55 PM",Morning Walk ,Walk,,7965,1.24,,,FALSE,Raider Express and Shooters ,,activities/6585159949.gpx,,,7965,1475,1239.949951,3.601989746,0.840644062,0,0,290.3999939,292.2999878,2.012071848,0,,,,,,,,,155.4855347,,,,,,,,,4,,,,,0,16,0,,1,,1643202048,1,-9.510000229,-14.67000008,-15.19999981,0.629999995,1033.800049,2.789999962,4.769999981,63,0,1643203712,1643240192,0.810000002,,,0,,0.029999999,16093,0,388.7999878,,,,0,0.155674815,0,,,,,,,,,,,,
6590116124,"Jan 27, 2022, 3:40:32 PM",Morning Walk ,Walk,,1733,1.48,,,FALSE,Raider Express and Shooters ,,activities/6590116124.gpx,,,1733,1432,1481.410034,14.8419981,1.034504175,0,1.799999952,290.3999939,292.6000061,4.580150604,-0.121505857,,,,,,,,,185.7638092,,,,,,,,,4,,,,,0,15,0,,1,,1643295616,2,-0.189999998,-4.230000019,-3.630000114,0.779999971,1026.5,3.609999895,7.670000076,233,0,1643289984,1643326720,0.839999974,,,0,,0.699999988,16093,0,325.2999878,,,,0,0.854824007,0,,,,,,,,,,,,
6595154953,"Jan 28, 2022, 1:42:03 PM",Morning Walk ,Walk,,10938,1.48,,,FALSE,Raider Express and Shooters ,,activities/6595154953.gpx,,,10938,1598,1483.660034,6.032497406,0.928448081,0,0,290.3999939,292.2999878,3.067484379,0,,,,,,,,,186.0459595,,,,,,,,,4,,,,,0,17,0,,1,,1643374848,2,-1.99000001,-6.429999828,-5.170000076,0.790000021,1031.900024,3.609999895,8.699999809,341,0,1643376384,1643413248,0.879999995,,,0,,0.529999971,16093,0,410.3999939,,,,0,0.135642722,0,,,,,,,,,,,,
6596785580,"Jan 28, 2022, 9:43:44 PM",Evening Walk ,Walk,,7142,0.9,,,FALSE,Shooters ,,activities/6596785580.gpx,,,7142,925,907.5800171,5.53400898,0.981167614,2.108333349,0.308333337,290.3999939,292.6000061,3.333333254,0.198329628,,,,,,,,,113.8074722,,,,,,,,,3,,,,,0,7,0,,1,,1643403648,1,2,-2.400000095,-13.81000042,0.300000012,1031.5,4.960000038,8.109999657,336,0,1643376384,1643413248,0.879999995,,,0,,0.219999999,16093,1,401.8999939,,,,0,0.127076447,0,,,,,,,,,,,,
6599872039,"Jan 29, 2022, 2:25:33 PM",Morning Walk ,Walk,,3401,1.39,,,FALSE,Raider Express and Shooters ,,activities/6599872039.gpx,,,3401,1421,1397.780029,11.43833351,0.983659387,0,0.100000001,290.3999939,292.2999878,2.034589291,-0.007154202,,,,,,,,,175.2769012,,,,,,,,,3,,,,,0,11,0,,1,,1643464832,1,-3.420000076,-9.479999542,-8.270000458,0.689999998,1023.700012,5.449999809,10.09000015,205,0,1643462784,1643499648,0.920000017,,,0,,0.01,16093,0,347.3999939,,,,0,0.410990894,0,,,,,,,,,,,,
6602032227,"Jan 29, 2022, 10:45:56 PM",Evening Walk ,Walk,,5875,1.14,,,FALSE,Shooters ,,activities/6602032227.gpx,,,5875,1368,1143.300049,2.31400013,0.835745633,0,0,290.3999939,292.2999878,2.865331173,0,,,,,,,,,143.3659668,,,,,,,,,3,,,,,0,11,0,,1,,1643493632,1,13.02999973,13.02999973,-3.640000105,0.310000002,1015.700012,5.440000057,9.390000343,250,0,1643462784,1643499648,0.920000017,,,0,,0,16093,1,350.6000061,,,,0,0.194604263,0,,,,,,,,,,,,
6606347513,"Jan 30, 2022, 2:43:42 PM",Morning Walk ,Walk,,8820,1.16,,,FALSE,Raider Express and Shooters ,,activities/6606347513.gpx,,,8820,1380,1168.450073,2.756792068,0.846702933,0,0,290.3999939,292.2999878,4.354136944,0,,,,,,,,,146.5196991,,,,,,,,,4,,,,,0,15,0,,1,,1643551232,1,-2.150000095,-5.139999866,-5.110000134,0.800000012,1020.099976,2.140000105,6.949999809,359,0,1643549056,1643586176,0.959999979,,,0,,0.029999999,16093,0,333.7000122,,,,0,0.132477328,0,,,,,,,,,,,,
6610336249,"Jan 31, 2022, 2:22:33 PM",Morning Walk ,Walk,,7483,1.16,,,FALSE,Raider Express and Shooters ,,activities/6610336249.gpx,,,7483,1401,1165.969971,2.561999559,0.832241237,0,0,290.3999939,292.2999878,2.923991203,0,,,,,,,,,146.2086945,,,,,,,,,4,,,,,0,15,0,,1,,1643637632,1,0.150000006,-3.019999981,-2.880000114,0.800000012,1015.900024,2.680000067,6.03000021,170,0,1643635456,1643672576,1,,,0,,0.119999997,16093,0,309.7000122,,,,0,0.15581584,0,,,,,,,,,,,,
6615267783,"Feb 1, 2022, 2:00:05 PM",Morning Walk ,Walk,,7205,1.24,,,FALSE,Raider Express and Shooters ,,activities/6615267783.gpx,,,7205,1450,1242.619995,7.52999258,0.856979311,0,0,290.3999939,292.2999878,2.097754478,0,,,,,,,,,155.8203583,,,,,,,,,4,,,,,0,16,0,,1,,1643724032,2,11.02999973,11.02999973,10.14000034,0.939999998,1012.400024,4.849999905,11.61999989,192,0,1643721728,1643759104,0.029999999,,,0,,0.850000024,16093,0,321.2999878,,,,0,0.172466338,0,,,,,,,,,,,,
6620337053,"Feb 2, 2022, 2:04:50 PM",Morning Walk ,Walk,,3219,1.26,,,FALSE,Raider Express ,,activities/6620337053.gpx,,,3219,1504,1267.51001,4.808007717,0.842759311,0,0,290.3999939,292.2999878,2.857142925,0,,,,,,,,,158.9414825,,,,,,,,,3,,,,,0,12,0,,1,,1643810432,6,-6.21999979,-14.86999989,-7.480000019,0.910000026,1021.5,9.020000458,15.81000042,22,0.7773,1643808128,1643845504,0.07,,,1,6,1,2578,0,311.2999878,,,,0,0.393758923,0,,,,,,,,,,,,
6622153446,"Feb 2, 2022, 6:20:45 PM",AFTERNOON Walk ,Walk,,8530,1.45,,,FALSE,Shooters ,,activities/6622153446.gpx,,,8530,1662,1451.47998,15.11599159,0.873333335,2,2,290.3999939,292.3999939,2.673803806,0,,,,,,,,,182.0106812,,,,,,,,,4,,,,,0,18,0,,1,,1643824768,3,-6.940000057,-15.40999985,-8.380000114,0.889999986,1023.599976,8.119999886,14.05000019,26,0,1643808128,1643845504,0.07,,,0,,1,4524,2,307.2999878,,,,0,0.170161784,0,,,,,,,,,,,,
6635930872,"Feb 5, 2022, 2:34:56 PM",Morning Walk ,Walk,,6535,1.22,,,FALSE,Raider Express and Shooters ,,activities/6635930872.gpx,,,6535,1491,1224.23999,2.593994141,0.821086526,0,0,290.3999939,292.2999878,3.05810523,0,,,,,,,,,153.515564,,,,,,,,,4,,,,,0,16,0,,1,,1644069632,1,-10.13000011,-15.71000004,-12.18000031,0.850000024,1033.099976,3.039999962,6.539999962,188,0,1644067200,1644104960,0.170000002,,,0,,0.090000004,16093,0,313.8999939,,,,0,0.187335879,0,,,,,,,,,,,,
6637736466,"Feb 5, 2022, 10:26:51 PM",Evening Walk ,Walk,,7710,1.14,,,FALSE,Shooters ,,activities/6637736466.gpx,,,7710,1397,1139.109985,2.346666574,0.815397263,0,0,290.3999939,292.2999878,2.928263426,0,,,,,,,,,142.8405457,,,,,,,,,3,,,,,0,11,0,,1,,1644098432,1,2.809999943,-1.679999948,-4.300000191,0.600000024,1026.5,5.559999943,10.73999977,189,0,1644067200,1644104960,0.170000002,,,0,,0.01,16093,1,311.2999878,,,,0,0.147744492,0,,,,,,,,,,,,
6645767225,"Feb 7, 2022, 1:54:48 PM",Morning Walk ,Walk,,9467,1.32,,,FALSE,Raider Express and Shooters ,,activities/6645767225.gpx,,,9467,1667,1323.829956,2.786600351,0.794139147,0,0,290.3999939,292.2999878,3.05811429,0,,,,,,,,,166.0037994,,,,,,,,,4,,,,,0,18,0,,1,,1644238848,1,-6.880000114,-6.880000114,-7.5,0.949999988,1029.699951,0.879999995,1.50999999,334,0,1644239872,1644277888,0.239999995,,,0,,0.059999999,16093,0,330.5,,,,0,0.139836267,0,,,,,,,,,,,,
6647729707,"Feb 7, 2022, 9:53:36 PM",Afternoon Walk ,Walk,,6123,1.46,,,FALSE,Shooters ,,activities/6647729707.gpx,,,6123,1569,1466.280029,19.23800087,0.934531569,0,0,290.3999939,292.2999878,3.05811429,0,,,,,,,,,183.8665619,,,,,,,,,3,,,,,0,13,0,,1,,1644267648,1,8.039999962,4.789999962,-0.889999986,0.529999971,1025.800049,5.869999886,8.489999771,221,0,1644239872,1644277888,0.239999995,,,0,,0.079999998,16093,2,337.7999878,,,,0,0.239470854,0,,,,,,,,,,,,
6650888269,"Feb 8, 2022, 2:03:43 PM",Morning Walk ,Walk,,7828,1.33,,,FALSE,Raider Express and Shooters ,,activities/6650888269.gpx,,,7828,1594,1336.410034,5.496002197,0.838400245,0,0,290.3999939,292.2999878,3.00300312,0,,,,,,,,,167.5812988,,,,,,,,,4,,,,,0,17,0,,1,,1644328832,1,0.25999999,-4.130000114,-2.289999962,0.829999983,1019.599976,4.239999771,8.31000042,203,0,1644326272,1644364288,0.270000011,,,0,,0.059999999,16093,0,289.7000122,,,,0,0.170721769,0,,,,,,,,,,,,
6651947414,"Feb 8, 2022, 5:55:18 PM",Lunch Walk ,Walk,,4493,1.32,,,FALSE,Shooters and Raider Express ,,activities/6651947414.gpx,,,4493,1597,1325.689941,4.38999033,0.830112696,0,0,290.3999939,292.2999878,2.079003096,0,,,,,,,,,166.2370453,,,,,,,,,3,,,,,0,13,0,,1,,1644339584,1,6.960000038,3.339999914,0.600000024,0.639999986,1019,6.119999886,10.15999985,206,0,1644326272,1644364288,0.270000011,,,0,,0.059999999,16093,3,302.2000122,,,,0,0.295056731,0,,,,,,,,,,,,
6656437176,"Feb 9, 2022, 2:19:29 PM",Morning Walk ,Walk,,6324,1.23,,,FALSE,Shooters ,,activities/6656437176.gpx,,,6324,1470,1229.880005,5.364999771,0.836653054,0,0,290.3999939,292.2999878,2.014096975,0,,,,,,,,,154.2227936,,,,,,,,,4,,,,,0,16,0,,1,,1644415232,1,0.610000014,-2.430000067,-2.900000095,0.769999981,1018.400024,2.630000114,6.269999981,262,0,1644412544,1644450816,0.300000012,,,0,,0.07,16093,0,361.5,,,,0,0.194478184,0,,,,,,,,,,,,
6661693603,"Feb 10, 2022, 2:26:09 PM",".
Morning Walk ",Walk,,6507,1.25,,,FALSE,Shooters ,,activities/6661693603.gpx,,,6507,1482,1257.969971,3.222500086,0.848832667,0,0,290.3999939,292.2999878,2.047083616,0,,,,,,,,,157.7451935,,,,,,,,,4,,,,,0,16,0,,1,,1644501632,2,1.379999995,-0.07,-2.420000076,0.75999999,1022.599976,1.429999948,3.720000029,0,0,1644498944,1644537216,0.330000013,,,0,,0.460000008,16093,0,393,,,,0,0.193325639,0,,,,,,,,,,,,
6662476925,"Feb 10, 2022, 6:15:39 PM",Lunch Walk ,Walk,,1444,1.09,,,FALSE,Palluccas ,,activities/6662476925.gpx,,,1444,1278,1092.410034,4.557995796,0.854780912,0,0,290.3999939,292.2999878,2.00400877,0,,,,,,,,,136.9845276,,,,,,,,,3,,,,,0,10,0,,1,,1644515968,1,8.930000305,8.930000305,-0.860000014,0.5,1021.299988,1.059999943,3.49000001,221,0,1644498944,1644537216,0.330000013,,,0,,0.079999998,16093,3,393.5,,,,0,0.756516635,0,,,,,,,,,,,,
6664009354,"Feb 10, 2022, 9:30:20 PM",Evening Walk ,Walk,,12017,1.14,,,FALSE,Shooters ,,activities/6664009354.gpx,,,12017,1391,1146.069946,2.461999416,0.823917985,0,0,290.3999939,292.2999878,2.170377016,0,,,,,,,,,143.7133026,,,,,,,,,3,,,,,0,11,0,,1,,1644526848,1,11.96000004,11.96000004,0.74000001,0.460000008,1017.299988,4.329999924,7.349999905,242,0,1644498944,1644537216,0.330000013,,,0,,0.07,16093,2,379.6000061,,,,0,0.095370717,0,,,,,,,,,,,,
6666689291,"Feb 11, 2022, 1:56:29 PM",Morning Walk ,Walk,,7479,1.24,,,FALSE,Raider Express and Shooters ,,activities/6666689291.gpx,,,7479,1543,1244.430054,3.446008205,0.806500375,0,0,290.3999939,292.2999878,2.129925489,0,,,,,,,,,156.0473328,,,,,,,,,4,,,,,0,17,0,,1,,1644584448,5,7.210000038,3.609999895,1.789999962,0.680000007,1007.200012,6.25,11.06000042,234,0.70569998,1644585216,1644623744,0.360000014,,,1,5,0.939999998,16093,0,351.8999939,,,,0,0.166389897,0,,,,,,,,,,,,
6672323380,"Feb 12, 2022, 2:01:28 PM",Morning Walk ,Walk,,7575,1.22,,,FALSE,Raider Express and Shooters ,,activities/6672323380.gpx,,,7575,1448,1224.23999,2.037497997,0.845469594,0,0.100000001,290.3999939,292.2999878,1.589830637,-0.008168333,,,,,,,,,153.515564,,,,,,,,,4,,,,,0,16,0,,1,,1644674432,1,-7.320000172,-14.51000023,-13.75,0.600000024,1034,5.630000114,9.729999542,349,0,1644671488,1644710144,0.389999986,,,0,,0.310000002,16093,0,376.6000061,,,,0,0.161615834,0,,,,,,,,,,,,
6682431617,"Feb 14, 2022, 1:59:57 PM",Morning Walk ,Walk,,8827,1.26,,,FALSE,Raider Express and Shooters ,,activities/6682431617.gpx,,,8827,1499,1259.619995,8.182995796,0.840306878,0,0,290.3999939,292.2999878,2.024291277,0,,,,,,,,,157.9520874,,,,,,,,,4,,,,,0,16,0,,1,,1644843648,1,-0.930000007,-4.309999943,-6,0.680000007,1023,2.680000067,4.739999771,250,0,1644844160,1644883072,0.449999988,,,0,,0,16093,0,318.8999939,,,,0,0.142700806,0,,,,,,,,,,,,
6684356800,"Feb 14, 2022, 9:42:40 PM",Afternoon Walk,Walk,,9016,1.21,,,FALSE,Shooters ,,activities/6684356800.gpx,,,9016,1453,1218.930054,9.757496834,0.838905752,0,0,290.3999939,292.2999878,2.028398991,0,,,,,,,,,152.8497009,,,,,,,,,3,,,,,0,12,0,,1,,1644872448,1,13.05000019,13.05000019,-3.039999962,0.330000013,1023.400024,2.430000067,4.389999866,59,0,1644844160,1644883200,0.449999988,,,0,,0,16093,2,318,,,,0,0.135196328,0,,,,,,,,,,,,
6686968929,"Feb 15, 2022, 1:52:52 PM",Morning Walk ,Walk,,4993,1.73,,,FALSE,Raider Express and Shooters ,,activities/6686968929.gpx,,,4993,1584,1733.420044,6.338000298,1.094330788,0,-1.5,290.5,292.3999939,5.99696207,0.086534135,,,,,,,,,217.3650208,,,,,,,,,4,,,,,0,17,0,,1,,1644930048,1,4.480000019,0.860000014,-0.920000017,0.680000007,1020.200012,4.650000095,10.77999973,168,0,1644930560,1644969600,0.479999989,,,0,,0.02,16093,0,299.2999878,,,,0,0.347170055,0,,,,,,,,,,,,
6692301566,"Feb 16, 2022, 2:02:54 PM",Morning Walk,Walk,,6688,1.24,,,FALSE,Shooters ,,activities/6692301566.gpx,,,6688,1475,1239.51001,4.95600605,0.84034574,0,0,290.3999939,292.2999878,2.570694208,0,,,,,,,,,155.4303741,,,,,,,,,4,,,,,0,16,0,,1,,1645020032,8,14.32999992,14.32999992,10.19999981,0.75999999,1009.400024,11.40999985,20.80999947,197,0,1645016832,1645056000,0.50999999,,,0,,0.970000029,16093,0,281.8999939,,,,0,0.185333431,0,,,,,,,,,,,,
6694492934,"Feb 16, 2022, 10:34:21 PM",Afternoon Walk ,Walk,,6619,1.14,,,FALSE,Shooters ,,activities/6694492934.gpx,,,6619,1362,1148.209961,2.345332861,0.8430323,0,0,290.3999939,292.2999878,2.656040192,0,,,,,,,,,143.9816589,,,,,,,,,3,,,,,0,11,0,,1,,1645048832,3,17.37999916,17.37999916,12.44999981,0.730000019,1005.900024,8.699999809,15.34000015,189,0,1645016832,1645056000,0.50999999,,,0,,0.959999979,16093,1,284.6000061,,,,0,0.173471823,0,,,,,,,,,,,,
6697060870,"Feb 17, 2022, 1:59:36 PM",Morning Walk ,Walk,,4879,1.22,,,FALSE,Raider Express and Shooters ,,activities/6697060870.gpx,,,4879,1484,1220.719971,4.050000191,0.822587609,0,0,290.3999939,292.2999878,2.652519464,0,,,,,,,,,153.0741577,,,,,,,,,4,,,,,0,16,0,,1,,1645102848,6,-1.419999957,-8.829999924,-3.829999924,0.839999974,1012.900024,9.760000229,15.17000008,12,4.952899933,1645103232,1645142528,0.550000012,,,1,6,1,1745,0,309.2999878,,,,0,0.250198811,0,,,,,,,,,,,,
6702861726,"Feb 18, 2022, 7:05:30 PM",Lunch Walk ,Walk,,4233,1.22,,,FALSE,Shooters ,,activities/6702861726.gpx,,,4233,1494,1219,5.512005806,0.815930367,0,0,290.3999939,292.2999878,2.038736582,0,,,,,,,,,152.85849,,,,,,,,,3,,,,,0,12,0,,1,,1645210752,1,2.099999905,-2.839999914,-7.159999847,0.5,1026.400024,6.119999886,9.590000153,217,0,1645189504,1645228928,0.579999983,,,0,,0.01,16093,5,289,,,,0,0.28797543,0,,,,,,,,,,,,
6707102364,"Feb 19, 2022, 2:10:57 PM",Morning Walk ,Walk,,7871,1.21,,,FALSE,Raider Express and Shooters ,,activities/6707102364.gpx,,,7871,1512,1215.599976,1.712005615,0.803968251,0,0,290.3999939,292.2999878,1.754385948,0,,,,,,,,,152.4321289,,,,,,,,,4,,,,,0,16,0,,1,,1645279232,1,-3.589999914,-9.449999809,-7.929999828,0.720000029,1032.599976,5.070000172,9.06000042,33,0,1645275904,1645315456,0.610000014,,,0,,0,16093,0,326.1000061,,,,0,0.154440343,0,,,,,,,,,,,,
6708733577,"Feb 19, 2022, 9:15:27 PM",Afternoon Walk ,Walk,,8542,1.16,,,FALSE,Shooters ,,activities/6708733577.gpx,,,8542,1365,1164.27002,3.774283171,0.852945089,0,0,290.3999939,292.2999878,2.032519579,0,,,,,,,,,145.9955292,,,,,,,,,3,,,,,0,11,0,,1,,1645304448,1,7.369999886,5.730000019,-3.569999933,0.460000008,1029.099976,2.480000019,3.569999933,108,0,1645275904,1645315456,0.610000014,,,0,,0,16093,2,320,,,,0,0.136299461,0,,,,,,,,,,,,
6712493550,"Feb 20, 2022, 3:48:40 PM",Morning Walk ,Walk,,2292,1.32,,,FALSE,Raider Express ,,activities/6712493550.gpx,,,2292,1440,1326.680054,4.894006252,0.921305597,0,0,290.3999939,292.2999878,2.890173435,0,,,,,,,,,166.3612061,,,,,,,,,3,,,,,0,12,0,,1,,1645369216,8,8.010000229,3.660000086,1.830000043,0.649999976,1016.299988,9.670000076,18.17000008,197,0,1645362176,1645401856,0.649999976,,,0,,0,16093,1,304.6000061,,,,0,0.578830719,0,,,,,,,,,,,,
6716638043,"Feb 21, 2022, 2:12:25 PM",Morning Walk ,Walk,,8433,1.23,,,FALSE,Raider Express and Shooters ,,activities/6716638043.gpx,,,8433,1500,1229.119995,5.416003227,0.819413304,0,0,290.3999939,292.2999878,1.934236646,0,,,,,,,,,154.1275024,,,,,,,,,4,,,,,0,16,0,,1,,1645452032,2,10.56000042,10.56000042,8.720000267,0.879999995,1008.700012,8.529999733,15.90999985,191,0,1645448576,1645488384,0.680000007,,,0,,0.870000005,16093,0,295.6000061,,,,0,0.145751208,0,,,,,,,,,,,,
6718376825,"Feb 21, 2022, 9:06:51 PM",Afternoon Walk ,Walk,,4102,1.13,,,FALSE,Shooters ,,activities/6718376825.gpx,,,4102,1355,1135.280029,3.118575335,0.837845027,0,0,290.3999939,292.2999878,3.021148443,0,,,,,,,,,142.3602753,,,,,,,,,3,,,,,0,11,0,,1,,1645477248,2,21.18000031,21.19000053,15.56000042,0.699999988,1003.599976,9.420000076,14.63000011,198,0,1645448576,1645488384,0.680000007,,,0,,0.670000017,16093,2,284.8999939,,,,0,0.276762575,0,,,,,,,,,,,,
6721664225,"Feb 22, 2022, 2:03:53 PM",Morning Walk ,Walk,,7443,1.43,,,FALSE,Raider Express and Shooters ,,activities/6721664225.gpx,,,7443,930,1430.170044,11.56000996,1.53781724,2.008219242,2.008219242,290.3999939,292.5,4.702235699,0,,,,,,,,,179.338501,,,,,,,,,4,,,,,0,10,0,,1,,1645538432,3,-4.210000038,-11.18999958,-7.070000172,0.810000002,1015.400024,6.710000038,9.5,314,0,1645534848,1645574784,0.720000029,,,0,,0.949999988,12777,0,302.8999939,,,,0,0.192149684,0,,,,,,,,,,,,
6724134122,"Feb 23, 2022, 12:15:07 AM",Evening Walk ,Walk,,3905,1.17,,,FALSE,Shooters ,,activities/6724134122.gpx,,,3905,1236,1171.550049,5.62800312,0.947856009,0,0,290.3999939,292.2999878,1.97044456,0,,,,,,,,,146.9084167,,,,,,,,,3,,,,,0,10,0,,1,,1645574400,2,-3.74000001,-10.14999962,-11.53999996,0.550000012,1025.900024,5.920000076,8.760000229,334,0,1645534848,1645574784,0.720000029,,,0,,0.639999986,16093,0,304.5,,,,0,0.300012827,0,,,,,,,,,,,,
6731834646,"Feb 24, 2022, 1:47:40 PM",Morning Walk ,Walk,,750,0.62,,,FALSE,Raider Express and Shooters ,,activities/6731834646.gpx,,,750,727,625.4299927,2.095000029,0.860288858,0,-1.700000048,290.3999939,292.2999878,3.003001451,0.271813005,,,,,,,,,78.42681122,,,,,,,,,4,,,,,0,8,0,,1,,1645707648,3,-7.909999847,-13.59000015,-10.34000015,0.829999983,1025.699951,3.569999933,7.639999866,52,0,1645707520,1645747712,0.790000021,,,0,,1,12613,0,300.2999878,,,,0,0.833906651,0,,,,,,,,,,,,
6736509993,"Feb 25, 2022, 1:47:39 PM",Morning Walk ,Walk,,9656,1.29,,,FALSE,Raider Express and Shooters ,,activities/6736509993.gpx,,,9656,1551,1289.02002,9.255004883,0.831089616,0,0,290.3999939,292.2999878,2.670226336,0,,,,,,,,,161.6387634,,,,,,,,,4,,,,,0,17,0,,1,,1645794048,1,-14.13000011,-19.12000084,-16.45000076,0.829999983,1036.300049,2.119999886,4.71999979,338,0,1645793792,1645834240,0.829999983,,,0,,0.090000004,16093,0,323.5,,,,0,0.133494198,0,,,,,,,,,,,,
6737891214,"Feb 25, 2022, 9:56:07 PM",Afternoon Walk ,Walk,,4423,1.19,,,FALSE,Shooters ,,activities/6737891214.gpx,,,4423,1494,1198.619995,4.433325291,0.802289128,0,0.100000001,290.3999939,292.2999878,3.021150351,-0.008342927,,,,,,,,,150.3029022,,,,,,,,,3,,,,,0,12,0,,1,,1645822848,2,-2.779999971,-7.440000057,-11.17000008,0.519999981,1036.800049,3.680000067,4.53000021,9,0,1645793792,1645834240,0.829999983,,,0,,0.319999993,16093,2,325.6000061,,,,0,0.270997047,0,,,,,,,,,,,,
6741715010,"Feb 26, 2022, 1:56:27 PM",Morning Walk ,Walk,,8847,1.22,,,FALSE,Raider Express and Shooters ,,activities/6741715010.gpx,,,8847,1437,1223.430054,4.053333282,0.851377904,0,0,290.3999939,292.2999878,1.910219431,0,,,,,,,,,153.4140015,,,,,,,,,4,,,,,0,15,0,,1,,1645880448,2,-9.25,-13.14999962,-11.92000008,0.810000002,1035,1.950000048,3.579999924,54,0,1645880064,1645920640,0.870000005,,,0,,0.330000013,16093,0,311.8999939,,,,0,0.138287559,0,,,,,,,,,,,,
6747322157,"Feb 27, 2022, 3:15:02 PM",Morning Walk ,Walk,,2920,1.48,,,FALSE,Raider Express ,,activities/6747322157.gpx,,,2920,1627,1482.459961,12.96400166,0.911161602,0,0,290.3999939,292.2999878,2.038736582,0,,,,,,,,,185.8954773,,,,,,,,,3,,,,,0,13,0,,1,,1645974016,1,-1.309999943,-1.309999943,-6.78000021,0.660000026,1031.300049,0.930000007,1.879999995,252,0,1645966464,1646007168,0.899999976,,,0,,0.050000001,16093,1,332.1000061,,,,0,0.507691741,0,,,,,,,,,,,,
6751974495,"Feb 28, 2022, 2:05:52 PM",Morning Walk ,Walk,,8729,2.26,,,FALSE,Raider Express and Shooters ,,activities/6751974495.gpx,,,8729,2712,2262.889893,5.439990044,0.834398925,0,0,290.3999939,292.3999939,4.018761635,0,,,,,,,,,283.7587585,,,,,,,,,4,,,,,0,30,0,,1,,1646056832,1,0.99000001,-3.230000019,-4.860000134,0.649999976,1025.099976,4.25,8.090000153,206,0,1646052736,1646093568,0.939999998,,,0,,0.07,16093,0,311.1000061,,,,0,0.259238154,0,,,,,,,,,,,,
6753436575,"Feb 28, 2022, 6:50:15 PM",Afternoon Walk ,Walk,,6072,2.28,,,FALSE,BWW and Walmart ,,activities/6753436575.gpx,,,6072,2153,2284.169922,20.93166542,1.060924292,2.883333445,2.783333302,287.7000122,290.7999878,11.74934196,0.004377958,,,,,,,,,286.4271851,,,,,,,,,3,,,,,0,17,0,,1,,1646071168,1,12.69999981,12.69999981,-1.059999943,0.389999986,1023.400024,5.460000038,8.260000229,212,0,1646052736,1646093568,0.939999998,,,0,,0.300000012,16093,5,308.3999939,,,,0,0.376180828,0,,,,,,,,,,,,
6757039921,"Mar 1, 2022, 1:57:50 PM",Morning Walk ,Walk,,10157,1.32,,,FALSE,Shooters ,,activities/6757039921.gpx,,,10157,1569,1324.030029,3.655558348,0.843868732,0,0,290.3999939,292.2999878,1.823706865,0,,,,,,,,,166.0289001,,,,,,,,,4,,,,,0,17,0,,1,,1646139648,1,2.799999952,-0.930000007,-1.539999962,0.730000019,1019.700012,4.130000114,8.329999924,218,0,1646139008,1646180096,0.980000019,,,0,,0.02,16093,0,316.2999878,,,,0,0.130356401,0,,,,,,,,,,,,
6758565234,"Mar 1, 2022, 7:33:14 PM",Afternoon Walk ,Walk,,7060,1.15,,,FALSE,Shooters and City Hall,,activities/6758565234.gpx,,,7060,1427,1150.550049,3.151662111,0.806271911,0,0,290.3999939,292.2999878,2.143622398,0,,,,,,,,,144.2750854,,,,,,,,,3,,,,,0,11,0,,1,,1646161152,1,19.45000076,19.45000076,2.710000038,0.330000013,1019.200012,6.050000191,7.889999866,222,0,1646139008,1646180096,0.980000019,,,0,,0,16093,5,311.3999939,,,,0,0.162967429,0,,,,,,,,,,,,
6761967491,"Mar 2, 2022, 2:04:08 PM",Morning Walk ,Walk,,7045,1.27,,,FALSE,Raider Express and Shooters ,,activities/6761967491.gpx,,,7045,1461,1274.469971,7.588570595,0.872327149,2.073999882,2.073999882,290.3999939,292.4760132,3.289473772,0,,,,,,,,,159.8142242,,,,,,,,,4,,,,,0,16,0,,1,,1646229632,1,6.989999771,4.409999847,1.210000038,0.670000017,1020.5,3.799999952,7.590000153,209,0,1646225408,1646266496,0.01,,,0,,0.079999998,16093,0,290.7000122,,,,0,0.18090418,0,,,,,,,,,,,,
6764324074,"Mar 2, 2022, 11:43:00 PM",Evening Walk ,Walk,,3720,1.08,,,FALSE,Shooters ,,activities/6764324074.gpx,,,3720,1261,1084.050049,3.956283092,0.859674871,0,0.100000001,290.3999939,292.2999878,2.038736582,-0.009224666,,,,,,,,,135.9362183,,,,,,,,,3,,,,,0,10,0,,1,,1646262016,1,23.29999924,23.29999924,3.650000095,0.280000001,1016.5,5.090000153,8.159999847,214,0,1646225408,1646266496,0.01,,,0,,0.059999999,16093,0,288,,,,0,0.29141131,0,,,,,,,,,,,,
6767219993,"Mar 3, 2022, 2:09:44 PM",Morning Walk ,Walk,,6232,1.37,,,FALSE,Shooters ,,activities/6767219993.gpx,,,6232,1595,1374.369995,3.873999119,0.861673951,0,0,290.3999939,292.2999878,3.685524702,0,,,,,,,,,172.3413544,,,,,,,,,4,,,,,0,17,0,,1,,1646316032,1,6.039999962,6.039999962,1.220000029,0.709999979,1021.700012,1.330000043,2.180000067,25,0,1646311680,1646352896,0.050000001,,,0,,0.01,16093,0,283.5,,,,0,0.22053434,0,,,,,,,,,,,,
6771938343,"Mar 4, 2022, 1:39:03 PM",Morning Walk ,Walk,,8218,1.21,,,FALSE,Raider Express and Shooters ,,activities/6771938343.gpx,,,8218,1524,1218.300049,3.622003078,0.799409509,0,0,290.3999939,292.2999878,2.583979368,0,,,,,,,,,152.7707062,,,,,,,,,4,,,,,0,16,0,,1,,1646398848,2,7.75,5.880000114,2.519999981,0.699999988,1019.900024,2.880000114,6.809999943,147,0,1646398080,1646439424,0.079999998,,,0,,0.649999976,16093,0,287.2000122,,,,0,0.148247749,0,,,,,,,,,,,,
6777329909,"Mar 5, 2022, 1:58:28 PM",Morning Walk ,Walk,,7847,1.64,,,FALSE,Shooters ,,activities/6777329909.gpx,,,7847,1656,1646.25,17.84200478,0.994112313,0,0.100000001,290.3999939,292.2999878,5.229280472,-0.006074411,,,,,,,,,206.4341888,,,,,,,,,3,,,,,0,13,0,,1,,1646485248,2,15.77000046,15.77000046,13.43999958,0.860000014,1009.299988,7.920000076,14.47000027,188,0,1646484352,1646525824,0.119999997,,,0,,0.50999999,16093,0,282.8999939,,,,0,0.209793553,0,,,,,,,,,,,,
6787767212,"Mar 7, 2022, 2:11:31 PM",Morning Walk ,Walk,,7490,1.23,,,FALSE,Raider Express and Shooters ,,activities/6787767212.gpx,,,7490,1481,1236.48999,5.940002441,0.834902108,0,0,290.3999939,292.2999878,2.958575726,0,,,,,,,,,155.0516663,,,,,,,,,4,,,,,0,16,0,,1,,1646661632,2,-2.039999962,-8.159999847,-4.300000191,0.850000024,1025.400024,6.230000019,9.489999771,327,0,1646657024,1646698752,0.180000007,,,0,,0.870000005,16093,0,321.2000122,,,,0,0.16508545,0,,,,,,,,,,,,
6789413723,"Mar 7, 2022, 9:40:50 PM",Afternoon Walk ,Walk,,5051,1.2,,,FALSE,Shooters ,,activities/6789413723.gpx,,,5051,1334,1205.540039,6.464001656,0.903703153,0,0,290.3999939,292.2999878,1.885015368,0,,,,,,,,,151.1706543,,,,,,,,,3,,,,,0,11,0,,1,,1646686848,3,2.279999971,-1.5,-2.900000095,0.689999998,1025.400024,4.019999981,5.909999847,327,0,1646657024,1646698752,0.180000007,,,0,,0.889999986,16093,2,322.2000122,,,,0,0.238673538,0,,,,,,,,,,,,
6792544198,"Mar 8, 2022, 1:55:33 PM",Morning Walk ,Walk,,7520,1.34,,,FALSE,Raider Express and Shooters ,,activities/6792544198.gpx,,,7520,1522,1339.98999,6.658328533,0.880413949,0,0,290.3999939,292.3819885,3.174603462,0,,,,,,,,,168.0302277,,,,,,,,,4,,,,,0,16,0,,1,,1646744448,2,-2.970000029,-2.970000029,-4.840000153,0.870000005,1025.5,0.839999974,1.580000043,126,0,1646743296,1646785280,0.209999993,,,0,,0.680000007,16093,0,336.7000122,,,,0,0.178190157,0,,,,,,,,,,,,
6794861025,"Mar 8, 2022, 10:43:00 PM",Afternoon Walk ,Walk,,5347,1.13,,,FALSE,Shooters ,,activities/6794861025.gpx,,,5347,1353,1134.73999,3.433001757,0.83868438,0,0.100000001,290.3999939,292.2999878,2.04081893,-0.008812591,,,,,,,,,142.2925568,,,,,,,,,3,,,,,0,11,0,,1,,1646776832,3,4.170000076,4.170000076,-4.159999847,0.550000012,1019.299988,0.610000014,0.910000026,76,0,1646743296,1646785280,0.209999993,,,0,,0.889999986,16093,1,342,,,,0,0.212219939,0,,,,,,,,,,,,
6797908752,"Mar 9, 2022, 3:16:46 PM",Morning Walk ,Walk,,3656,1.23,,,FALSE,Shooters ,,activities/6797908752.gpx,,,3656,1444,1229.420044,2.278330564,0.851398945,0,0,290.3999939,292.2999878,3.012047529,0,,,,,,,,,154.1651154,,,,,,,,,4,,,,,0,16,0,,1,,1646838016,1,3.220000029,0.460000008,-1.950000048,0.689999998,1021.200012,2.890000105,4.829999924,347,0,1646829568,1646871680,0.239999995,,,0,,0.07,16093,1,381.5,,,,0,0.336274624,0,,,,,,,,,,,,
6799301757,"Mar 9, 2022, 7:16:34 PM",Lunch Walk ,Walk,,4637,1.14,,,FALSE,Shooters ,,activities/6799301757.gpx,,,4637,1370,1147.070068,2.983333349,0.837277412,0,0,290.3999939,292.2999878,2.012071848,0,,,,,,,,,143.8387146,,,,,,,,,3,,,,,0,11,0,,1,,1646852352,2,8.130000114,6.5,-0.379999995,0.550000012,1019.400024,2.650000095,2.660000086,355,0,1646829568,1646871680,0.239999995,,,0,,0.689999998,16093,3,369.2999878,,,,0,0.247373313,0,,,,,,,,,,,,
6803034772,"Mar 10, 2022, 2:05:22 PM",Morning Walk ,Walk,,8127,1.19,,,FALSE,Raider Express and Shooters ,,activities/6803034772.gpx,,,8127,1469,1196.540039,2.383333445,0.814526916,0,0.100000001,290.3999939,292.2999878,2.049181461,-0.00835743,,,,,,,,,150.0420837,,,,,,,,,4,,,,,0,16,0,,1,,1646920832,6,0.090000004,-5.420000076,-2.930000067,0.800000012,1019.900024,6.179999828,9.729999542,46,0.215100005,1646915840,1646958208,0.270000011,,,0.980000019,6,0.949999988,16093,0,373.6000061,,,,0,0.147230223,0,,,,,,,,,,,,
6807863734,"Mar 11, 2022, 2:05:43 PM",Morning Walk ,Walk,,7446,0.91,,,FALSE,From Shooters ,,activities/6807863734.gpx,,,7446,788,909.7000122,17.31799889,1.154441595,0,-0.100000001,290.2999878,292.2999878,2.832862139,0.010992635,,,,,,,,,114.0733109,,,,,,,,,4,,,,,0,8,0,,1,,1647007232,6,-4.920000076,-9.789999962,-7.369999886,0.829999983,1025.099976,3.380000114,8.409999847,1,0.121799998,1647002240,1647044608,0.300000012,,,1,6,1,16093,0,372.2999878,,,,0,0.122172982,0,,,,,,,,,,,,
6822959996,"Mar 14, 2022, 1:07:56 PM",Morning Walk ,Walk,,7994,1.22,,,FALSE,Raider Express and Shooters ,,activities/6822959996.gpx,,,7994,1412,1222.430054,5.453999996,0.865743637,0,0.5,290.3999939,292.2999878,2.666666746,-0.040902134,,,,,,,,,153.2886047,,,,,,,,,4,,,,,0,15,0,,1,,1647262848,1,6.900000095,2.910000086,1.570000052,0.689999998,1015.099976,7.150000095,13.18999958,177,0,1647261184,1647303936,0.389999986,,,0,,0.059999999,16093,0,357,,,,0,0.152918443,0,,,,,,,,,,,,
6825331887,"Mar 14, 2022, 10:56:25 PM",Afternoon Walk ,Walk,,3371,1.1,,,FALSE,Shooters ,,activities/6825331887.gpx,,,3371,1291,1100.359985,3.484999895,0.852331519,0,0,290.3999939,292.2999878,1.917545438,0,,,,,,,,,137.9814301,,,,,,,,,3,,,,,0,10,0,,1,,1647295232,3,13.47999954,13.47999954,10.65999985,0.829999983,1015.299988,3.130000114,7.28000021,175,0,1647261184,1647303936,0.389999986,,,0,,1,16093,1,366.3999939,,,,0,0.326419443,0,,,,,,,,,,,,
6828068939,"Mar 15, 2022, 1:08:15 PM",Morning Walk ,Walk,,7440,1.26,,,FALSE,Raider Express and Shooters ,,activities/6828068939.gpx,,,7440,1440,1261.819946,6.471997261,0.876263857,0,0,290.3999939,292.2999878,2.415459394,0,,,,,,,,,158.2279663,,,,,,,,,4,,,,,0,16,0,,1,,1647349248,2,8.069999695,6.389999866,6.889999866,0.920000017,1021.200012,2.710000038,5.210000038,358,0,1647347456,1647390464,0.419999987,,,0,,0.730000019,16093,0,345.7000122,,,,0,0.169599459,0,,,,,,,,,,,,
6829194299,"Mar 15, 2022, 6:05:52 PM",Lunch Walk ,Walk,,2261,1.23,,,FALSE,Raider Express ,,activities/6829194299.gpx,,,2261,1423,1233.339966,5.665991306,0.866718173,0,0,290.3999939,292.2999878,3.134793758,0,,,,,,,,,154.656662,,,,,,,,,3,,,,,0,11,0,,1,,1647367168,2,15.78999996,15.78999996,11.23999977,0.74000001,1021.799988,3.329999924,4.010000229,49,0,1647347456,1647390464,0.419999987,,,0,,0.600000024,16093,4,333.2000122,,,,0,0.545484304,0,,,,,,,,,,,,
6830365142,"Mar 15, 2022, 9:24:27 PM",Afternoon Walk ,Walk,,4599,0.57,,,FALSE,To Shooters ,,activities/6830365142.gpx,,,4599,681,572.2399902,1.63499999,0.840293646,0,-1.700000048,290.3999939,292.2999878,1.557632804,0.297078162,,,,,,,,,71.75696564,,,,,,,,,3,,,,,0,5,0,,1,,1647378048,2,18.51000023,18.51000023,9.529999733,0.560000002,1019.700012,1.090000033,1.830000043,68,0,1647347456,1647390464,0.419999987,,,0,,0.730000019,16093,3,323.8999939,,,,0,0.12442705,0,,,,,,,,,,,,
6833115674,"Mar 16, 2022, 1:00:51 PM",Morning Walk ,Walk,,4109,1.2,,,FALSE,Raider Express and Shooters ,,activities/6833115674.gpx,,,4109,1555,1200.22998,3.795996189,0.771852076,0,0,290.3999939,292.2999878,3.115258217,0,,,,,,,,,150.5047913,,,,,,,,,4,,,,,0,17,0,,1,,1647435648,2,6.369999886,4.289999962,5.389999866,0.930000007,1015.599976,2.789999962,5.71999979,176,0,1647433728,1647476864,0.460000008,,,0,,0.319999993,12163,0,313.7999878,,,,0,0.292097837,0,,,,,,,,,,,,
6834350858,"Mar 16, 2022, 5:57:23 PM",Lunch Walk ,Walk,,1420,0.99,,,FALSE,Palluccas ,,activities/6834350858.gpx,,,1420,1136,998.8699951,5.824254036,0.879286945,0,-0.100000001,290.2999878,292.2999878,2.032519579,0.010011313,,,,,,,,,125.254921,,,,,,,,,3,,,,,0,9,0,,1,,1647449984,1,17.95000076,17.95000076,10.68000031,0.620000005,1015.299988,6.739999771,10.21000004,198,0,1647433728,1647476864,0.460000008,,,0,,0.129999995,16093,5,316.2000122,,,,0,0.70342958,0,,,,,,,,,,,,
6838422079,"Mar 17, 2022, 12:56:26 PM",Morning Walk no,Walk,,7773,1.22,,,FALSE,Raider Express and Shooters ,,activities/6838422079.gpx,,,7773,1475,1224.050049,2.471997023,0.829864442,0,0.100000001,290.3999939,292.2999878,1.901141286,-0.008169601,,,,,,,,,153.491745,,,,,,,,,4,,,,,0,16,0,,1,,1647518464,2,9.579999924,7.389999866,7.289999962,0.860000014,1008,4.199999809,10.64999962,157,0,1647520128,1647563392,0.49000001,,,0,,0.469999999,16093,0,332.1000061,,,,0,0.157474592,0,,,,,,,,,,,,
6839091637,"Mar 17, 2022, 5:09:29 PM",Lunch Walk ,Walk,,1318,1.01,,,FALSE,Palluccas ,,activities/6839091637.gpx,,,1318,1136,1014.179993,5.478003025,0.892764091,0,0,290.3999939,292.2999878,1.986097336,0,,,,,,,,,127.1747437,,,,,,,,,3,,,,,0,9,0,,1,,1647536384,1,21.38999939,21.38999939,10.26000023,0.49000001,1008.099976,6.940000057,11.63000011,182,0,1647520128,1647563392,0.49000001,,,0,,0.289999992,16093,4,334.2000122,,,,0,0.769484043,0,,,,,,,,,,,,
6840602823,"Mar 17, 2022, 9:06:38 PM",Afternoon Walk ,Walk,,7018,1.13,,,FALSE,Shooters ,,activities/6840602823.gpx,,,7018,1351,1133.359985,2.395996094,0.8389045,0,0,290.3999939,292.2999878,2.120890617,0,,,,,,,,,142.1195221,,,,,,,,,3,,,,,0,11,0,,1,,1647550848,2,24.94000053,24.94000053,8.569999695,0.349999994,1005.099976,5.71999979,7.670000076,177,0,1647520128,1647563392,0.49000001,,,0,,0.600000024,16093,3,339.2999878,,,,0,0.161493301,0,,,,,,,,,,,,
6843289321,"Mar 18, 2022, 1:06:42 PM",Morning Walk ,Walk,,7054,1.18,,,FALSE,Raider Express and Shooters ,,activities/6843289321.gpx,,,7054,1432,1183.589966,2.309002638,0.826529324,0,0,290.3999939,292.2999878,2.114166021,0,,,,,,,,,148.4181824,,,,,,,,,4,,,,,0,15,0,,1,,1647608448,5,9.069999695,6.639999866,7.849999905,0.920000017,1003.299988,4.510000229,7.829999924,342,0.158899993,1647606400,1647649792,0.529999971,,,1,5,0.99000001,16093,0,361,,,,0,0.167789906,0,,,,,,,,,,,,
6849181990,"Mar 19, 2022, 1:06:57 PM",Morning Walk ,Walk,,7951,2.17,,,FALSE,Raider Express and Shooters ,,activities/6849181990.gpx,,,7951,2458,2174.75,7.70600605,0.884764016,0,0,290.3999939,292.3999939,3.913858891,0,,,,,,,,,272.7062988,,,,,,,,,4,,,,,0,27,0,,1,,1647694848,1,1.529999971,-0.670000017,-0.860000014,0.839999974,1019.099976,2,4.46999979,266,0,1647692672,1647736320,0.560000002,,,0,,0.100000001,16093,0,355,,,,0,0.273519069,0,,,,,,,,,,,,
6859323783,"Mar 21, 2022, 12:42:18 PM",Morning Walk ,Walk,,9910,1.17,,,FALSE,Raider Express and Shooters ,,activities/6859323783.gpx,,,9910,1435,1171.640015,2.037994385,0.816473901,0,0,290.3999939,292.2999878,2.888170242,0,,,,,,,,,146.9197083,,,,,,,,,4,,,,,0,15,0,,1,,1647864064,2,8.5,6.03000021,3.190000057,0.689999998,1015.599976,4.28000021,10.14999962,151,0,1647865344,1647909120,0.629999995,,,0,,0.709999979,16093,0,319.3999939,,,,0,0.118228056,0,,,,,,,,,,,,
6864475722,"Mar 22, 2022, 1:13:03 PM",Morning Walk ,Walk,,6245,1.2,,,FALSE,Raider Express and Shooters ,,activities/6864475722.gpx,,,6245,1465,1204.339966,3.599092245,0.822075069,0,0,290.3999939,292.2999878,2.303265333,0,,,,,,,,,151.0201721,,,,,,,,,4,,,,,0,16,0,,1,,1647954048,2,12.35000038,12.35000038,12.31000042,1,1001.299988,5.369999886,11.35999966,173,0,1647951616,1647995520,0.670000017,,,0,,0.860000014,16093,0,337.7999878,,,,0,0.192848668,0,,,,,,,,,,,,
6867039931,"Mar 22, 2022, 9:47:54 PM",Afternoon Walk ,Walk,,3878,1.11,,,FALSE,Shooters ,,activities/6867039931.gpx,,,3878,1394,1118.699951,4.033333302,0.802510738,0,0.100000001,290.3999939,292.2999878,2.036659956,-0.008938948,,,,,,,,,140.281189,,,,,,,,,3,,,,,0,11,0,,1,,1647982848,2,16.59000015,16.59000015,11.51000023,0.720000029,1000.200012,7.239999771,9.680000305,204,0,1647951616,1647995648,0.670000017,,,0,,0.779999971,16093,2,369.2999878,,,,0,0.288473427,0,,,,,,,,,,,,
6874708792,"Mar 24, 2022, 11:51:48 AM",Morning Walk ,Walk,,2294,1.31,,,FALSE,Raider Express ,,activities/6874708792.gpx,,,2294,1431,1317.130005,6.940002441,0.92042625,0,0,290.3999939,292.2999878,2.02224493,0,,,,,,,,,165.1636505,,,,,,,,,3,,,,,0,11,0,,1,,1648119552,3,2.809999943,-1.25,2.49000001,0.980000019,1011.599976,4.710000038,9.079999924,286,0,1648124160,1648168448,0.74000001,,,0,,0.949999988,14663,0,388.2000122,,,,0,0.57416302,0,,,,,,,,,,,,
6885071098,"Mar 26, 2022, 12:16:05 PM",Morning Walk ,Walk,,2823,1.35,,,FALSE,Raider Express ,,activities/6885071098.gpx,,,2823,1459,1353.459961,7.497998238,0.92766273,0,0,290.3999939,292.2999878,2.049181461,0,,,,,,,,,169.7193146,,,,,,,,,3,,,,,0,12,0,,1,,1648295936,2,0.360000014,-2.599999905,-2.50999999,0.810000002,1021.099976,2.5,5.690000057,320,0,1648296832,1648341376,0.819999993,,,0,,0.529999971,16093,0,342.2000122,,,,0,0.479440302,0,,,,,,,,,,,,
6887946503,"Mar 26, 2022, 7:56:29 PM",Afternoon Walk ,Walk,,8883,1.18,,,FALSE,Shooters ,,activities/6887946503.gpx,,,8883,1341,1182.290039,4.952499866,0.881648064,0,0,290.3999939,292.2999878,3.2051332,0,,,,,,,,,148.2551727,,,,,,,,,3,,,,,0,11,0,,1,,1648321152,2,14.10999966,14.10999966,-1.399999976,0.340000004,1020.5,2.690000057,4.329999924,9,0,1648296832,1648341376,0.819999993,,,0,,0.389999986,16093,5,340.3999939,,,,0,0.133095801,0,,,,,,,,,,,,
6891328692,"Mar 27, 2022, 1:06:37 PM",Morning Walk ,Walk,,2439,1.27,,,FALSE,Raider Express ,,activities/6891328692.gpx,,,2439,1491,1271.209961,3.403991699,0.852588832,0,0.100000001,290.3999939,292.2999878,2.072540283,-0.007866521,,,,,,,,,159.4054413,,,,,,,,,3,,,,,0,12,0,,1,,1648386048,3,1.99000001,-2.680000067,-2.480000019,0.720000029,1021.700012,5.46999979,11.35000038,61,0,1648383104,1648427904,0.850000024,,,0,,0.930000007,16093,0,326.2999878,,,,0,0.521201313,0,,,,,,,,,,,,
6896282851,"Mar 28, 2022, 12:52:39 PM",Morning Walk ,Walk,,3293,1.19,,,FALSE,Raider Express and Shooters ,,activities/6896282851.gpx,,,3293,1405,1194.400024,5.309999943,0.850106776,0,0.100000001,290.3999939,292.2999878,2.049181461,-0.008372405,,,,,,,,,149.7737274,,,,,,,,,4,,,,,0,15,0,,1,,1648468736,1,2.50999999,-1.460000038,-3.220000029,0.660000026,1018,4.440000057,8.899999619,91,0,1648469504,1648514304,0.889999986,,,0,,0.180000007,16093,0,334.7999878,,,,0,0.362708777,0,,,,,,,,,,,,
6897892522,"Mar 28, 2022, 6:03:14 PM",Lunch Walk ,Walk,,2455,1.21,,,FALSE,Raider Express ,,activities/6897892522.gpx,,,2455,1481,1214.27002,4.030004978,0.819898725,0,0,290.3999939,292.2999878,3.311257839,0,,,,,,,,,152.2653656,,,,,,,,,3,,,,,0,12,0,,1,,1648490368,2,15.39999962,15.39999962,2.660000086,0.419999987,1015.799988,6.940000057,9.369999886,121,0,1648469504,1648514304,0.889999986,,,0,,0.49000001,16093,5,335.7999878,,,,0,0.494610995,0,,,,,,,,,,,,
6899020104,"Mar 28, 2022, 8:52:20 PM",Afternoon Walk ,Walk,,11577,1.11,,,FALSE,Shooters ,,activities/6899020104.gpx,,,11577,1337,1112.810059,2.75,0.832318664,0,0,290.3999939,292.2999878,2.085503101,0,,,,,,,,,139.5426178,,,,,,,,,3,,,,,0,11,0,,1,,1648497664,1,19.05999947,19.05999947,4.25,0.379999995,1013.799988,6.25,8.449999809,140,0,1648469504,1648514304,0.889999986,,,0,,0.119999997,16093,5,333.6000061,,,,0,0.096122488,0,,,,,,,,,,,,
6901821892,"Mar 29, 2022, 1:04:53 PM",Morning Walk ,Walk,,8083,1.18,,,FALSE,Raider Express and Shooters ,,activities/6901821892.gpx,,,8083,1454,1183.76001,2.330993652,0.81414032,0,0,290.3999939,292.2999878,2.832862139,0,,,,,,,,,148.4395142,,,,,,,,,4,,,,,0,16,0,,1,,1648558848,2,11.22000027,11.22000027,6.320000172,0.720000029,1006.599976,6.820000172,12.52999973,150,0,1648555776,1648600832,0.920000017,,,0,,0.709999979,16093,0,321.7000122,,,,0,0.146450579,0,,,,,,,,,,,,
6906716172,"Mar 30, 2022, 1:20:05 PM",Morning Walk ,Walk,,3183,1.4,,,FALSE,Raider Express and Shooters ,,activities/6906716172.gpx,,,3183,1606,1404.98999,5.616497993,0.874838114,0,0,290.3999939,292.2999878,2.030457258,0,,,,,,,,,176.1809998,,,,,,,,,4,,,,,0,17,0,,1,,1648645248,3,12.72000027,12.72000027,11.21000004,0.910000026,995.0999756,5.610000134,8.909999847,296,0,1648642048,1648687232,0.959999979,,,0,,0.930000007,16093,0,328.7999878,,,,0,0.441404343,0,,,,,,,,,,,,
6915961658,"Apr 1, 2022, 1:06:04 PM",Morning Walk ,Walk,,8059,1.22,,,FALSE,Raider Express and Shooters ,,activities/6915961658.gpx,,,8059,1440,1221.119995,5.311999321,0.84799999,0,0,290.3999939,292.2999878,3.134793758,0,,,,,,,,,153.1243286,,,,,,,,,4,,,,,0,16,0,,1,,1648818048,1,-0.550000012,-0.550000012,-2.150000095,0.889999986,1017.900024,1,1.570000052,145,0,1648814720,1648860160,0.029999999,,,0,,0.239999995,15283,0,364.8999939,,,,0,0.151522517,0,,,,,,,,,,,,
6917412560,"Apr 1, 2022, 9:13:23 PM",Afternoon Walk ,Walk,,5543,1.21,,,FALSE,Shooters ,,activities/6917412560.gpx,,,5543,1382,1211.180054,4.745999813,0.876396537,0,0.100000001,290.3999939,292.2999878,3.115258217,-0.008256411,,,,,,,,,151.8778839,,,,,,,,,3,,,,,0,11,0,,1,,1648846848,1,17.03000069,17.03000069,3.50999999,0.409999996,1016.200012,3.769999981,4.699999809,141,0,1648814720,1648860160,0.029999999,,,0,,0.170000002,16093,3,368.7000122,,,,0,0.218506232,0,,,,,,,,,,,,
6920281710,"Apr 2, 2022, 1:09:36 PM",Morning Walk ,Walk,,3227,1.17,,,FALSE,Raider Express and Shooters ,,activities/6920281710.gpx,,,3227,1403,1169.869995,4.253333569,0.833834648,0,0,290.3999939,292.2999878,2.070394278,0,,,,,,,,,146.6977539,,,,,,,,,3,,,,,0,11,0,,1,,1648904448,2,8.359999657,5.889999866,7.329999924,0.930000007,1018,4.199999809,8.869999886,233,0,1648900992,1648946560,0.059999999,,,0,,0.689999998,16093,0,357.1000061,,,,0,0.362525553,0,,,,,,,,,,,,
6922327475,"Apr 2, 2022, 8:13:11 PM",Afternoon Walk ,Walk,,6172,1.27,,,FALSE,Raider Express and Shooters ,,activities/6922327475.gpx,,,6172,1427,1277.609985,4.671496391,0.895311832,0,0,290.3999939,292.2999878,2.018164396,0,,,,,,,,,160.2079773,,,,,,,,,3,,,,,0,11,0,,1,,1648929536,1,18.13999939,18.13999939,2.539999962,0.349999994,1018.099976,4.110000134,7.409999847,337,0,1648900992,1648946560,0.059999999,,,0,,0.02,16093,6,345.8999939,,,,0,0.207000971,0,,,,,,,,,,,,
6926325425,"Apr 3, 2022, 3:11:08 PM",Morning Walk ,Walk,,914,0.97,,,FALSE,Raider Express ,,activities/6926325425.gpx,,,914,896,969.9099731,4.55454874,1.082488775,0,-2,290.3999939,292.5,4.672865391,0.206204712,,,,,,,,,121.623436,,,,,,,,,3,,,,,0,7,0,,1,,1648998016,1,13.53999996,13.53999996,4.389999866,0.540000021,1016.799988,5.760000229,10.35000038,149,0,1648987264,1649033088,0.090000004,,,0,,0.239999995,16093,2,339.5,,,,0,1.061170697,0,,,,,,,,,,,,
6927795191,"Apr 3, 2022, 8:38:55 PM",Afternoon Walk ,Walk,,850,0.72,,,FALSE,From Shooters ,,activities/6927795191.gpx,,,850,811,719.0999756,8.323999405,0.886683106,0,1.600000024,290.3999939,292.2999878,1.533744931,-0.222500354,,,,,,,,,90.1727066,,,,,,,,,4,,,,,0,9,0,,1,,1649016064,2,21.67000008,21.67000008,6.519999981,0.370000005,1011.799988,7.619999886,10.60999966,171,0,1648987264,1649033088,0.090000004,,,0,,0.839999974,16093,4,344,,,,0,0.845999956,0,,,,,,,,,,,,
6930171060,"Apr 4, 2022, 11:40:32 AM",Morning Walk ,Walk,,7999,1.45,,,FALSE,Raider Express and Shooters ,,activities/6930171060.gpx,,,7999,1696,1450.630005,5.355999947,0.855324268,0,0,290.3999939,292.2999878,2.061855555,0,,,,,,,,,181.9040985,,,,,,,,,4,,,,,0,18,0,,1,,1649069952,3,10.68999958,10.68999958,10.68999958,1,1011.599976,1.440000057,4.880000114,62,0,1649073664,1649119488,0.119999997,,,0,,0.959999979,15004,0,353.5,,,,0,0.181351423,0,,,,,,,,,,,,
6932721457,"Apr 4, 2022, 10:20:38 PM",Afternoon Walk ,Walk,,7536,1.15,,,FALSE,Shooters ,,activities/6932721457.gpx,,,7536,1363,1154.119995,3.128002882,0.846749842,0,0,290.3999939,292.2999878,3.289473295,0,,,,,,,,,144.7227478,,,,,,,,,3,,,,,0,11,0,,1,,1649109632,2,17.29999924,17.29999924,7.269999981,0.519999981,1008.900024,3.059999943,4.190000057,81,0,1649073664,1649119488,0.119999997,,,0,,0.550000012,16093,2,347.7000122,,,,0,0.153147563,0,,,,,,,,,,,,
6940054681,"Apr 6, 2022, 1:02:07 PM",Morning Walk ,Walk,,2086,1.28,,,FALSE,Raider Express ,,activities/6940054681.gpx,,,2086,1420,1286.900024,3.589990139,0.906267643,0,0.100000001,290.3999939,292.2999878,2.300172567,-0.007770611,,,,,,,,,161.3729248,,,,,,,,,3,,,,,0,11,0,,1,,1649250048,2,7.710000038,5.840000153,5.070000172,0.829999983,1009.5,2.890000105,6.039999962,220,0,1649246208,1649292416,0.180000007,,,0,,0.5,16093,0,340.7999878,,,,0,0.616922379,0,,,,,,,,,,,,
6947413453,"Apr 7, 2022, 7:30:13 PM",Evening Walk ,Walk,,17480,1.15,,,FALSE,Shooters ,,activities/6947413453.gpx,,,17480,1305,1156.869995,5.428002834,0.886490405,0,0.100000001,290.3999939,292.2999878,4.511271954,-0.008644014,,,,,,,,,145.0675964,,,,,,,,,3,,,,,0,10,0,,1,,1649357952,2,12.11999989,12.11999989,-1.889999986,0.379999995,1014.400024,10.51000023,15.31999969,302,0,1649332608,1649378816,0.209999993,,,0,,0.850000024,16093,3,412.6000061,,,,0,0.066182494,0,,,,,,,,,,,,
6949460944,"Apr 8, 2022, 12:53:04 PM",Morning Walk ,Walk,,2385,1.29,,,FALSE,Raider Express ,,activities/6949460944.gpx,,,2385,1512,1296.25,3.565280437,0.857308209,0,-0.100000001,290.2999878,292.2999878,2.044990063,0.007714561,,,,,,,,,162.5453796,,,,,,,,,3,,,,,0,12,0,,1,,1649419264,2,3.220000029,-1.830000043,-0.209999993,0.779999971,1015.799988,7.150000095,13.85000038,331,0,1649418880,1649465344,0.239999995,,,0,,0.639999986,16093,0,412,,,,0,0.543501019,0,,,,,,,,,,,,
6953934690,"Apr 9, 2022, 11:52:11 AM",Morning Walk ,Walk,,2349,1.38,,,FALSE,Raider Express ,,activities/6953934690.gpx,,,2349,1442,1380.880005,11.99427986,0.957614422,0,0,290.3999939,292.2999878,2.018164396,0,,,,,,,,,173.1576843,,,,,,,,,3,,,,,0,12,0,,1,,1649501952,1,-2.029999971,-4.980000019,-4.349999905,0.839999974,1017.5,2.119999886,4.400000095,261,0,1649505152,1649551744,0.270000011,,,0,,0,16093,0,360.6000061,,,,0,0.587858677,0,,,,,,,,,,,,
6956626788,"Apr 9, 2022, 8:19:10 PM",Afternoon Walk ,Walk,,8952,1.35,,,FALSE,Shooters ,,activities/6956626788.gpx,,,8952,1514,1351.150024,5.43599844,0.892437279,0,0,290.3999939,292.2999878,3.205128431,0,,,,,,,,,169.429657,,,,,,,,,3,,,,,0,12,0,,1,,1649534464,1,18.27000046,18.27000046,-3.289999962,0.230000004,1012,5.050000191,6.360000134,171,0,1649505152,1649551744,0.270000011,,,0,,0.01,16093,6,331.2999878,,,,0,0.150932759,0,,,,,,,,,,,,
6960395059,"Apr 10, 2022, 1:51:55 PM",Morning Walk ,Walk,,3460,1.24,,,FALSE,Raider Express ,,activities/6960395059.gpx,,,3460,1454,1243.849976,2.049999952,0.855467677,0,0,290.3999939,292.2999878,3.289480925,0,,,,,,,,,155.9745941,,,,,,,,,3,,,,,0,12,0,,1,,1649595648,2,15.53999996,15.53999996,6.679999828,0.560000002,1000.799988,9.880000114,16.82999992,187,0,1649591552,1649638144,0.310000002,,,0,,0.519999981,16093,0,315.8999939,,,,0,0.359494209,0,,,,,,,,,,,,
6962325554,"Apr 10, 2022, 9:03:43 PM",Afternoon Walk ,Walk,,2258,1.31,,,FALSE,Raider Express ,,activities/6962325554.gpx,,,2258,1463,1313.75,5.633001804,0.897983611,0,0.100000001,290.3999939,292.2999878,4.360462189,-0.007611798,,,,,,,,,164.7398071,,,,,,,,,3,,,,,0,12,0,,1,,1649624448,8,25.28000069,25.28000069,14.61999989,0.519999981,998.9000244,11.47999954,15.71000004,212,0,1649591552,1649638144,0.310000002,,,0,,0.800000012,16093,3,318.6000061,,,,0,0.58182019,0,,,,,,,,,,,,
6965207628,"Apr 11, 2022, 12:51:14 PM",Morning Walk ,Walk,,734,0.61,,,FALSE,Raider Express and Shooters ,,activities/6965207628.gpx,,,734,734,617.4799805,2.666666746,0.8412534,0,-1.600000024,290.3999939,292.2999878,3.076923132,0.259117723,,,,,,,,,77.42990112,,,,,,,,,4,,,,,0,8,0,,1,,1649678336,5,11.97999954,11.97999954,9.859999657,0.870000005,1007.799988,2.680000067,8.149999619,50,11.02070045,1649677824,1649724672,0.340000004,,,1,5,0.930000007,16093,0,333.1000061,,,,0,0.8412534,0,,,,,,,,,,,,
6967179403,"Apr 11, 2022, 9:15:11 PM",Afternoon Walk ,Walk,,5395,1.18,,,FALSE,Shooters ,,activities/6967179403.gpx,,,5395,1499,1180.900024,3.554318428,0.787791848,0,0.100000001,290.3999939,292.2999878,2.038734913,-0.008468118,,,,,,,,,148.0808716,,,,,,,,,3,,,,,0,12,0,,1,,1649710848,2,17.10000038,17.10000038,11.42000008,0.689999998,1008.5,5.309999943,7.570000172,80,0,1649677824,1649724672,0.340000004,,,0,,0.649999976,16093,3,339.2000122,,,,0,0.218887866,0,,,,,,,,,,,,
6969791779,"Apr 12, 2022, 12:43:53 PM",Morning Walk ,Walk,,2186,1.28,,,FALSE,Raider Express ,,activities/6969791779.gpx,,,2186,1539,1283.160034,4.519995213,0.833762228,0,0,290.3999939,292.2999878,2.063273907,0,,,,,,,,,160.9039307,,,,,,,,,3,,,,,0,12,0,,1,,1649764864,3,16.62000084,16.90999985,16.38999939,0.99000001,1004.099976,5.650000095,12.69999981,154,0,1649764096,1649811072,0.370000005,,,0,,0.879999995,16093,0,330.2999878,,,,0,0.586989939,0,,,,,,,,,,,,
6972924606,"Apr 12, 2022, 10:51:14 PM",Evening Walk ,Walk,,5252,1.29,,,FALSE,Shooters and Raider Express ,,activities/6972924606.gpx,,,5252,1538,1297.650024,6.268005371,0.843725622,0,0.100000001,290.3999939,292.2999878,2.049181461,-0.007706238,,,,,,,,,162.720932,,,,,,,,,3,,,,,0,12,0,,1,,1649800832,8,25.43000031,25.81999969,19.30999947,0.689999998,999.0999756,11.94999981,17.81999969,178,0,1649764096,1649811072,0.370000005,,,0,,0.74000001,16093,2,331,,,,0,0.247077301,0,,,,,,,,,,,,
6975685950,"Apr 13, 2022, 12:54:27 PM",Morning Walk ,Walk,,8495,1.45,,,FALSE,Raider Express and Shooters ,,activities/6975685950.gpx,,,8495,1793,1452.030029,2.920007229,0.809832692,0,0,290.3999939,292.2999878,2.890172482,0,,,,,,,,,182.0796661,,,,,,,,,4,,,,,0,19,0,,1,,1649851136,3,11.88000011,11.88000011,9.210000038,0.839999974,1001.400024,6.599999905,10.35999966,339,0,1649850368,1649897600,0.400000006,,,0,,0.970000029,16093,0,324.5,,,,0,0.170927614,0,,,,,,,,,,,,
6981500854,"Apr 14, 2022, 4:51:47 PM",Lunch Walk ,Walk,,1209,0.99,,,FALSE,Palluccas ,,activities/6981500854.gpx,,,1209,1145,995.9799805,3.553997755,0.86985153,0,0,290.3999939,292.2999878,2.057612896,0,,,,,,,,,124.8925247,,,,,,,,,3,,,,,0,9,0,,1,,1649952000,1,11.34000015,11.34000015,-1.019999981,0.419999987,1021.900024,4.670000076,7.679999828,261,0,1649936768,1649984000,0.439999998,,,0,,0.01,16093,5,359.1000061,,,,0,0.823804796,0,,,,,,,,,,,,
6983014095,"Apr 14, 2022, 9:42:31 PM",Afternoon Walk ,Walk,,7426,1.37,,,FALSE,Shooters and Raider Express ,,activities/6983014095.gpx,,,7426,1458,1371.780029,6.529998779,0.940864205,0,0,290.3999939,292.2999878,2.087682247,0,,,,,,,,,172.0165863,,,,,,,,,3,,,,,0,12,0,,1,,1649970048,1,15.96000004,15.96000004,-2.269999981,0.289999992,1017.799988,6.429999828,9.68999958,218,0,1649936768,1649984000,0.439999998,,,0,,0.039999999,16093,4,360.5,,,,0,0.184726641,0,,,,,,,,,,,,
6986208241,"Apr 15, 2022, 12:58:20 PM",Morning Walk ,Walk,,8307,1.18,,,FALSE,Raider Express and Shooters ,,activities/6986208241.gpx,,,8307,1464,1185.579956,2.89099431,0.809822381,0,0,290.3999939,292.2999878,2.075765371,0,,,,,,,,,148.6677246,,,,,,,,,4,,,,,0,16,0,,1,,1650023936,3,10.14999962,10.14999962,2.700000048,0.600000024,1012.599976,3.599999905,7.340000153,138,0,1650023040,1650070528,0.469999999,,,0,,0.930000007,16093,0,341.2999878,,,,0,0.142720595,0,,,,,,,,,,,,
6988109668,"Apr 15, 2022, 9:06:58 PM",Afternoon Walk ,Walk,,7230,1.17,,,FALSE,Shooters ,,activities/6988109668.gpx,,,7230,1367,1176.469971,4.844290733,0.86062175,0,0,290.3999939,292.2999878,2.824876308,0,,,,,,,,,147.5253601,,,,,,,,,3,,,,,0,11,0,,1,,1650056448,2,22.20999908,22.20999908,10.89999962,0.49000001,1007.5,4.849999905,7.559999943,199,0,1650023040,1650070528,0.469999999,,,0,,0.680000007,16093,3,338.2999878,,,,0,0.162720606,0,,,,,,,,,,,,
6991496537,"Apr 16, 2022, 1:07:44 PM",Morning Walk ,Walk,,5647,1.16,,,FALSE,Raider Express and Shooters ,,activities/6991496537.gpx,,,5647,1533,1168.5,2.767993212,0.762230933,0,0,290.3999939,292.2999878,2.010047674,0,,,,,,,,,146.5259552,,,,,,,,,4,,,,,0,17,0,,1,,1650114048,2,5.269999981,0.670000017,-2.230000019,0.579999983,1020.099976,7.539999962,14.64999962,39,0,1650109440,1650156928,0.50999999,,,0,,0.610000014,16093,0,317,,,,0,0.206924036,0,,,,,,,,,,,,
6997999603,"Apr 17, 2022, 3:14:47 PM",Morning Walk ,Walk,,853,0.78,,,FALSE,Raider Express ,,activities/6997999603.gpx,,,853,834,785.1599731,3.834162474,0.941438794,0,-1.600000024,290.3999939,292.2999878,1.947420359,0.20378013,,,,,,,,,98.45641327,,,,,,,,,3,,,,,0,6,0,,1,,1650207616,3,6.650000095,2.99000001,4.119999886,0.839999974,1017,6,10.14999962,97,0,1650195712,1650243456,0.550000012,,,0,,1,16093,2,323.2999878,,,,0,0.920468926,0,,,,,,,,,,,,
7007179748,"Apr 19, 2022, 1:55:41 PM",Morning Walk ,Walk,,2407,1.33,,,FALSE,Raider Express and Shooters ,,activities/7007179748.gpx,,,2407,1627,1338.890015,7.220000267,0.822919488,0,0,290.3999939,292.2999878,3.05808568,0,,,,,,,,,167.8922882,,,,,,,,,4,,,,,0,18,0,,1,,1650373248,1,3.369999886,0.49000001,-3.210000038,0.620000005,1026.599976,3.069999933,6.050000191,113,0,1650368384,1650416384,0.620000005,,,0,,0.150000006,16093,0,319.6000061,,,,0,0.556248426,0,,,,,,,,,,,,
7009240041,"Apr 19, 2022, 7:22:25 PM",Afternoon Walk ,Walk,,5216,1.21,,,FALSE,CHC/SEK and Walmart ,,activities/7009240041.gpx,,,5216,1362,1209.72998,2.653333426,0.888201177,0,-1.700000048,288.2999878,290.8999939,7.537687778,0.140527233,,,,,,,,,151.6960602,,,,,,,,,3,,,,,0,11,0,,1,,1650394752,5,16.02000046,16.02000046,-1.019999981,0.310000002,1021,5.849999905,8.109999657,145,0.436300009,1650368384,1650416384,0.620000005,,,1,5,0.790000021,16093,5,315.5,,,,0,0.231926754,0,,,,,,,,,,,,
7022986204,"Apr 22, 2022, 1:39:59 PM",Morning Walk ,Walk,,3650,1.37,,,FALSE,Raider Express and Shooters ,,activities/7022986204.gpx,,,3650,1661,1374.359985,6.31899929,0.827429235,0,0.100000001,290.3999939,292.5,3.289497375,-0.007276114,,,,,,,,,172.3401031,,,,,,,,,4,,,,,0,18,0,,1,,1650632448,1,20.35000038,21.04000092,20.27000046,1,1018,7.78000021,14.35999966,176,0,1650627328,1650675712,0.730000019,,,0,,0.310000002,16093,1,306.2000122,,,,0,0.376536995,0,,,,,,,,,,,,
7030112159,"Apr 23, 2022, 7:52:01 PM",Afternoon Walk ,Walk,,5381,1.17,,,FALSE,Shooters ,,activities/7030112159.gpx,,,5381,1363,1175.26001,3.249999523,0.862259746,0,0.100000001,290.3999939,292.2999878,2.055499315,-0.008508756,,,,,,,,,147.373642,,,,,,,,,3,,,,,0,11,0,,1,,1650740352,8,23.47999954,23.70999908,17.61000061,0.699999988,1007,12.19999981,19.14999962,190,0,1650713600,1650762112,0.769999981,,,0,,0.879999995,16093,5,310.2999878,,,,0,0.218409225,0,,,,,,,,,,,,
7038682080,"Apr 25, 2022, 1:21:51 PM",Morning Walk ,Walk,,2249,1.42,,,FALSE,Raider Express and Shooters ,,activities/7038682080.gpx,,,2249,1670,1426.630005,5.952002048,0.854269445,0,0.100000001,290.3999939,292.2999878,2.061854601,-0.007009526,,,,,,,,,178.8945923,,,,,,,,,4,,,,,0,18,0,,1,,1650891648,2,6.460000038,3.380000114,0.610000014,0.660000026,1023.900024,4.519999981,10.72999954,350,0,1650886272,1650935040,0.839999974,,,0,,0.569999993,16093,1,313.6000061,,,,0,0.63433969,0,,,,,,,,,,,,
7040180265,"Apr 25, 2022, 6:07:20 PM",Lunch Walk ,Walk,,2625,1.6,,,FALSE,Raider Express ,,activities/7040180265.gpx,,,2625,1775,1601.329956,3.924543858,0.902157724,0,-0.100000001,290.3999939,292.2999878,3.215433359,0.006244809,,,,,,,,,200.8013763,,,,,,,,,3,,,,,0,14,0,,1,,1650909568,1,13.22999954,13.22999954,1.5,0.449999988,1026,4.710000038,6.920000076,343,0,1650886272,1650935040,0.839999974,,,0,,0.140000001,16093,9,310.2000122,,,,0,0.610030472,0,,,,,,,,,,,,
7041250648,"Apr 25, 2022, 9:51:31 PM",Afternoon Walk ,Walk,,884,0.71,,,FALSE,To Shooters ,,activities/7041250648.gpx,,,884,781,715.6500244,5.159997463,0.916325271,0,-1.600000024,290.5,292.2999878,2.018162727,0.223572969,,,,,,,,,89.74009705,,,,,,,,,3,,,,,0,6,0,,1,,1650920448,1,16.12999916,16.12999916,0.980000019,0.360000014,1024.300049,4.559999943,6.869999886,343,0,1650886272,1650935040,0.839999974,,,0,,0.07,16093,5,312.2000122,,,,0,0.809558868,0,,,,,,,,,,,,
7045616921,"Apr 26, 2022, 6:15:18 PM",Lunch Walk ,Walk,,3003,1.15,,,FALSE,Shooters ,,activities/7045616921.gpx,,,3003,1403,1149.060059,2.238000393,0.819002151,0,0.100000001,290.3999939,292.2999878,1.795331597,-0.008702765,,,,,,,,,144.0882568,,,,,,,,,3,,,,,0,11,0,,1,,1650995968,1,15.48999977,15.48999977,0.610000014,0.360000014,1030.5,1.529999971,2.829999924,71,0,1650972544,1651021440,0.879999995,,,0,,0,16093,9,320.2000122,,,,0,0.382637382,0,,,,,,,,,,,,
7049357265,"Apr 27, 2022, 1:21:47 PM",Morning Walk ,Walk,,2743,1.32,,,FALSE,Raider Express and Shooters ,,activities/7049357265.gpx,,,2743,1531,1319.47998,6.627990723,0.861841917,0,0,290.3999939,292.2999878,3.215449333,0,,,,,,,,,165.4583282,,,,,,,,,4,,,,,0,17,0,,1,,1651064448,1,9.289999962,6.610000134,3.650000095,0.680000007,1023.5,5.25,10.71000004,174,0,1651058944,1651107968,0.910000026,,,0,,0.01,16093,1,293.2999878,,,,0,0.481035352,0,,,,,,,,,,,,
7050899401,"Apr 27, 2022, 6:04:44 PM",Lunch Walk ,Walk,,2215,1.7,,,FALSE,School loop and Palluccas ,,activities/7050899401.gpx,,,2215,1817,1702.22998,5.496008396,0.936835408,0,0,290.3999939,292.5,4.411772728,0,,,,,,,,,213.4538879,,,,,,,,,3,,,,,0,15,0,,1,,1651082368,1,20.59000015,20.59000015,7.610000134,0.430000007,1020.200012,8.199999809,10.96000004,188,0,1651058944,1651107968,0.910000026,,,0,,0.01,16093,10,290.7999878,,,,0,0.768501103,0,,,,,,,,,,,,
7052074293,"Apr 27, 2022, 10:37:10 PM",Afternoon Walk ,Walk,,4661,1.2,,,FALSE,Shooters ,,activities/7052074293.gpx,,,4661,1500,1205.189941,2.602001905,0.803459942,0,0,290.3999939,292.2999878,3.10559082,0,,,,,,,,,151.1267548,,,,,,,,,3,,,,,0,12,0,,1,,1651096832,1,22.70000076,22.70000076,7.659999847,0.379999995,1016.400024,7.679999828,9.619999886,184,0,1651058944,1651107968,0.910000026,,,0,,0.189999998,16093,3,292.5,,,,0,0.258568972,0,,,,,,,,,,,,
7056987713,"Apr 28, 2022, 8:40:04 PM",Afternoon Walk ,Walk,,6662,1.14,,,FALSE,Shooters ,,activities/7056987713.gpx,,,6662,1427,1143.47998,2.938494921,0.801317453,0,0.100000001,290.3999939,292.2999878,3.194883108,-0.008745234,,,,,,,,,143.3885345,,,,,,,,,3,,,,,0,11,0,,1,,1651175936,2,19.80999947,19.80999947,15.15999985,0.75,1012.299988,6.940000057,9.850000381,161,0,1651145216,1651194368,0.939999998,,,0,,0.800000012,16093,5,314.2000122,,,,0,0.17164214,0,,,,,,,,,,,,
7064935941,"Apr 30, 2022, 1:20:30 PM",Morning Walk ,Walk,,2315,1.27,,,FALSE,Raider Express ,,activities/7064935941.gpx,,,2315,1400,1277.910034,4.806005955,0.912792861,0,0,290.3999939,292.2999878,2.580645084,0,,,,,,,,,160.2456055,,,,,,,,,3,,,,,0,11,0,,1,,1651323648,1,15.47000027,15.47000027,12.06000042,0.800000012,1005.900024,4.210000038,10.51000023,238,0,1651318016,1651367296,0.01,,,0,,0.119999997,16093,1,337,,,,0,0.55201298,0,,,,,,,,,,,,
7066985552,"Apr 30, 2022, 6:59:33 PM",Afternoon Walk ,Walk,,6742,1.18,,,FALSE,Shooters ,,activities/7066985552.gpx,,,6742,1316,1185.51001,6.940833092,0.900843501,0,0.100000001,290.3999939,292.2999878,2.614381075,-0.008435188,,,,,,,,,148.6589508,,,,,,,,,3,,,,,0,10,0,,1,,1651341568,1,19.14999962,19.14999962,11.27999973,0.600000024,1007.599976,9.149999619,12.68000031,262,0,1651318016,1651367296,0.01,,,0,,0.25999999,16093,7,342.3999939,,,,0,0.175839514,0,,,,,,,,,,,,
7071644312,"May 1, 2022, 3:15:39 PM",Morning Walk ,Walk,,914,4.62,,,FALSE,Raider Express ,,activities/7071644312.gpx,,,914,914,4620.379883,22.46601486,5.055119991,11.92000008,14.22000027,282.7000122,292.2000122,3.12496829,-0.049779456,,,,,,,,,579.3800659,,,,,,,,,3,,,,,0,7,0,,1,,1651417216,1,15.77000046,15.77000046,5.690000057,0.50999999,1017.599976,3.710000038,7.389999866,308,0,1651404288,1651453824,0.039999999,,,0,,0.079999998,16093,4,351,,,,0,5.055119991,0,,,,,,,,,,,,
7083831871,"May 3, 2022, 8:36:59 PM",Afternoon Walk ,Walk,,6489,1.32,,,FALSE,Raider Express and Shooters ,,activities/7083831871.gpx,,,6489,1547,1322.810059,3.55428648,0.855080843,0,0.100000001,290.3999939,292.2999878,1.996010184,-0.007559665,,,,,,,,,165.8759155,,,,,,,,,3,,,,,0,12,0,,1,,1651608064,2,13.65999985,13.65999985,9.25,0.75,1016.799988,4.340000153,5.860000134,333,0,1651576960,1651626624,0.100000001,,,0,,0.800000012,16093,5,329.5,,,,0,0.203854218,0,,,,,,,,,,,,
7094962660,"May 5, 2022, 6:43:52 PM",Afternoon Walk ,Walk,,708,0.66,,,FALSE,Shooters ,,activities/7094962660.gpx,,,708,708,668.3599854,2.327083349,0.944011271,0,-1.600000024,290.5,292.2999878,1.897533059,0.239391953,,,,,,,,,83.81008911,,,,,,,,,3,,,,,0,5,0,,1,,1651773568,3,17.59000015,17.79000092,16.13999939,0.910000026,1010.099976,1.899999976,5.21999979,119,0,1651749632,1651799552,0.159999996,,,0,,0.920000017,16093,5,329.6000061,,,,0,0.944011271,0,,,,,,,,,,,,
7102682635,"May 7, 2022, 1:05:27 PM",Morning Walk ,Walk,,853,0.68,,,FALSE,Raider Express and Shooters ,,activities/7102682635.gpx,,,853,799,688.8400269,2.109999895,0.862127721,0,-1.5,290.3999939,292.2999878,1.858736992,0.217757374,,,,,,,,,86.37821198,,,,,,,,,3,,,,,0,6,0,,1,,1651928448,1,12.23999977,12.23999977,11.39999962,0.949999988,1013,2.710000038,5.019999981,91,0,1651922304,1651972480,0.219999999,,,0,,0.119999997,16093,1,313.2999878,,,,0,0.807549834,0,,,,,,,,,,,,
7104385316,"May 7, 2022, 6:36:21 PM",Afternoon Walk ,Walk,,1829,1.67,,,FALSE,School loop ,,activities/7104385316.gpx,,,1829,1782,1670.109985,7.552001953,0.937210977,0,0.100000001,290.3999939,292.2999878,4.166659832,-0.00598763,,,,,,,,,209.4261475,,,,,,,,,3,,,,,0,14,0,,1,,1651946368,1,19.98999977,19.98999977,12.64999962,0.629999995,1011.799988,4.329999924,5.980000019,108,0,1651922304,1651972480,0.219999999,,,0,,0.079999998,16093,9,316.7000122,,,,0,0.913127363,0,,,,,,,,,,,,
7105006208,"May 7, 2022, 8:46:22 PM",Evening Walk ,Walk,,6720,1.24,,,FALSE,Shooters ,,activities/7105006208.gpx,,,6720,1274,1239.76001,9.55700016,0.973124027,0,0.100000001,290.3999939,292.2999878,2.072536945,-0.008066077,,,,,,,,,155.4617157,,,,,,,,,3,,,,,0,10,0,,1,,1651953664,1,22.44000053,22.44000053,13.64999962,0.579999983,1009.700012,4.900000095,6.75,118,0,1651922304,1651972480,0.219999999,,,0,,0.079999998,16093,8,316.2000122,,,,0,0.184488103,0,,,,,,,,,,,,
7110953584,"May 8, 2022, 10:12:09 PM",Afternoon Walk ,Walk,,1606,1.31,,,FALSE,Raider Express ,,activities/7110953584.gpx,,,1606,1518,1313.390015,3.575001955,0.865210831,0,0,290.5,292.2999878,3.021150351,0,,,,,,,,,164.6946716,,,,,,,,,2,,,,,0,7,0,,1,,1652047232,2,25.88999939,26.34000015,19.82999992,0.689999998,1000.099976,6.789999962,11.61999989,170,0,1652008576,1652059008,0.25,,,0,,0.720000029,16093,3,321.8999939,,,,0,0.817802012,0,,,,,,,,,,,,
7119293539,"May 10, 2022, 2:27:16 PM",Morning Walk ,Walk,,2107,1.54,,,FALSE,Raider Express and Shooters ,,activities/7119293539.gpx,,,2107,1683,1548.919922,4.709999561,0.92033267,0,-0.100000001,290.3999939,292.5,3.021150351,0.006456112,,,,,,,,,194.2293243,,,,,,,,,4,,,,,0,18,0,,1,,1652191232,2,25.46999931,26.47999954,24.15999985,0.920000017,1011.900024,8.229999542,15.72999954,196,0,1652181248,1652231936,0.319999993,,,0,,0.319999993,16093,2,304.7999878,,,,0,0.735130489,0,,,,,,,,,,,,
7121952636,"May 10, 2022, 9:36:39 PM",Afternoon Walk ,Walk,,5331,1.5,,,FALSE,Shooters ,,activities/7121952636.gpx,,,5331,1686,1504.030029,11.16999531,0.892069995,0,0.100000001,290.3999939,292.5,5.952406883,-0.006648804,,,,,,,,,188.6002808,,,,,,,,,3,,,,,0,14,0,,1,,1652216448,2,29.14999962,35.58000183,25.71999931,0.819999993,1013.5,8.149999619,11.21000004,198,0,1652181248,1652231936,0.319999993,,,0,,0.769999981,16093,4,306.7999878,,,,0,0.282129049,0,,,,,,,,,,,,
7131269190,"May 12, 2022, 4:43:13 PM",Lunch Walk ,Walk,,1346,1.07,,,FALSE,Palluccas ,,activities/7131269190.gpx,,,1346,1202,1070.390015,8.222000122,0.890507519,0,0.100000001,290.3999939,292.2999878,2.103050709,-0.009342389,,,,,,,,,134.2232971,,,,,,,,,3,,,,,0,10,0,,1,,1652371200,1,26.85000038,29.01000023,22.10000038,0.75,1015.299988,6.369999886,10.69999981,200,0,1652353920,1652404736,0.389999986,,,0,,0.119999997,16093,7,306.2999878,,,,0,0.79523778,0,,,,,,,,,,,,
7133106101,"May 12, 2022, 10:04:24 PM",Afternoon Walk ,Walk,,6419,1.12,,,FALSE,Shooters ,,activities/7133106101.gpx,,,6419,1410,1121.01001,2.693333387,0.795042574,0,0.100000001,290.3999939,292.2999878,3.257321119,-0.008920527,,,,,,,,,140.5708771,,,,,,,,,3,,,,,0,11,0,,1,,1652392832,1,31.56999969,33.36000061,19.54000092,0.49000001,1011.5,6.179999828,8.859999657,178,0,1652353920,1652404736,0.389999986,,,0,,0.079999998,16093,4,306,,,,0,0.174639359,0,,,,,,,,,,,,
7137085532,"May 13, 2022, 6:12:55 PM",Lunch Walk ,Walk,,4028,1.17,,,FALSE,Shooters ,,activities/7137085532.gpx,,,4028,1363,1173.839966,7,0.861217856,0,0,290.3999939,292.2999878,2.928256989,0,,,,,,,,,147.1955719,,,,,,,,,3,,,,,0,11,0,,1,,1652464768,2,25.28000069,25.71999931,19.62999916,0.709999979,1011.099976,4.119999886,6.380000114,103,0,1652440320,1652491264,0.419999987,,,0,,0.649999976,16093,6,315.5,,,,0,0.291420043,0,,,,,,,,,,,,
7138115459,"May 13, 2022, 11:02:35 PM",Evening Walk ,Walk,,9029,1.14,,,FALSE,Shooters ,,activities/7138115459.gpx,,,9029,1360,1141.359985,2.600000143,0.839235306,0,0,290.3999939,292.2999878,2.12766099,0,,,,,,,,,143.1226807,,,,,,,,,3,,,,,0,11,0,,1,,1652482816,2,28.48999977,30.38999939,20.35000038,0.610000014,1009.900024,2.200000048,2.400000095,60,0,1652440320,1652491264,0.419999987,,,0,,0.629999995,16093,1,326.3999939,,,,0,0.126410455,0,,,,,,,,,,,,
7143391081,"May 14, 2022, 6:48:30 PM",Afternoon Walk ,Walk,,11578,1.45,,,FALSE,Raider Express and Shooters ,,activities/7143391081.gpx,,,11578,1528,1454.660034,6.454996586,0.952002645,0,0.200000003,290.3999939,292.2999878,2.915445089,-0.013748917,,,,,,,,,182.4094543,,,,,,,,,3,,,,,0,12,0,,1,,1652551168,1,28.35000038,30.89999962,21.59000015,0.670000017,1012.400024,1.769999981,2.579999924,351,0,1652526720,1652577664,0.460000008,,,0,,0.159999996,16093,8,343.8999939,,,,0,0.125640005,0,,,,,,,,,,,,
7147472996,"May 15, 2022, 2:05:48 PM",Morning Walk ,Walk,,2694,1.39,,,FALSE,Raider Express ,,activities/7147472996.gpx,,,2694,1378,1389.150024,8.133001328,1.00809145,0,0,290.3999939,292.2999878,2.135040522,0,,,,,,,,,174.1947174,,,,,,,,,3,,,,,0,11,0,,1,,1652623232,2,22.34000015,22.82999992,19.54000092,0.839999974,1012.700012,2.390000105,4.849999905,191,0,1652613120,1652664064,0.5,,,0,,0.389999986,16093,2,338.5,,,,0,0.515645862,0,,,,,,,,,,,,
7152060969,"May 16, 2022, 1:20:26 PM",Morning Walk ,Walk,,2051,1.33,,,FALSE,Raider Express ,,activities/7152060969.gpx,,,2051,1458,1330.680054,5.676940918,0.912674963,0,0,290.3999939,292.2999878,2.663115025,0,,,,,,,,,166.862793,,,,,,,,,3,,,,,0,12,0,,1,,1652706048,1,14.89000034,14.89000034,13.18999958,0.899999976,1017.799988,1.309999943,2.710000038,37,0,1652699392,1652750592,0.540000021,,,0,,0.07,16093,1,329.7000122,,,,0,0.648795724,0,,,,,,,,,,,,
7154061698,"May 16, 2022, 7:17:05 PM",Afternoon Walk ,Walk,,3993,1.24,,,FALSE,Shooters ,,activities/7154061698.gpx,,,3993,1409,1246.390015,4.737005711,0.884591937,0,0.100000001,290.3999939,292.2999878,2.098634481,-0.008023171,,,,,,,,,156.2931061,,,,,,,,,3,,,,,0,11,0,,1,,1652727552,1,24.10000038,24.10000038,11.84000015,0.460000008,1016.700012,1.230000019,1.49000001,139,0,1652699392,1652750592,0.540000021,,,0,,0.059999999,16093,9,331.2999878,,,,0,0.312143743,0,,,,,,,,,,,,
7160067795,"May 17, 2022, 8:37:11 PM",Afternoon Walk ,Walk,,4484,1.33,,,FALSE,Raider Express and Shooters ,,activities/7160067795.gpx,,,4484,1540,1333.98999,3.803991795,0.866227269,0,0.100000001,290.3999939,292.2999878,2.032520294,-0.007496308,,,,,,,,,167.2778473,,,,,,,,,3,,,,,0,12,0,,1,,1652817664,2,27.05999947,29.07999992,21.46999931,0.720000029,1011.5,6.539999962,10.31000042,181,0,1652785792,1652836992,0.569999993,,,0,,0.600000024,16093,6,322.3999939,,,,0,0.297499985,0,,,,,,,,,,,,
7163405070,"May 18, 2022, 1:44:07 PM",Morning Walk ,Walk,,3203,1.62,,,FALSE,Raider Express ,,activities/7163405070.gpx,,,3203,1567,1625.320068,8.394006729,1.037217617,0,0,290.3999939,292.2999878,2.958575726,0,,,,,,,,,203.8096466,,,,,,,,,3,,,,,0,13,0,,1,,1652878848,2,19.53000069,20.11000061,19.29999924,0.99000001,1008.400024,2.890000105,6.789999962,182,0,1652872192,1652923520,0.610000014,,,0,,0.680000007,16093,1,320.2999878,,,,0,0.507436812,0,,,,,,,,,,,,
7165854793,"May 18, 2022, 8:31:24 PM",Afternoon Walk ,Walk,,6700,1.34,,,FALSE,Raider Express and Shooters ,,activities/7165854793.gpx,,,6700,1617,1344.380005,5.986428261,0.831403852,0,0,290.3999939,292.2999878,2.65957427,0,,,,,,,,,168.580719,,,,,,,,,3,,,,,0,13,0,,1,,1652903936,1,28.87999916,31.07999992,20.78000069,0.620000005,1008,2.74000001,4.650000095,332,0,1652872192,1652923520,0.610000014,,,0,,0.119999997,16093,7,323.2999878,,,,0,0.200653732,0,,,,,,,,,,,,
7168733703,"May 19, 2022, 1:32:12 PM",Morning Walk ,Walk,,2128,2.08,,,FALSE,Raider Express and Shooters ,,activities/7168733703.gpx,,,2128,1465,2088.550049,4.008008003,1.425631404,4.070909023,4.070909023,288.2000122,292.2999878,2.635047436,0,,,,,,,,,261.8971252,,,,,,,,,3,,,,,0,12,0,,1,,1652965248,5,20.01000023,20.43000031,18.37000084,0.899999976,1003.700012,3.869999886,8.149999619,147,0.0502,1652958464,1653009920,0.649999976,,,0.289999992,5,0.899999976,16093,1,328.7000122,,,,0,0.981461465,0,,,,,,,,,,,,
7169867557,"May 19, 2022, 5:24:11 PM",Lunch Walk ,Walk,,1436,1.05,,,FALSE,Palluccas ,,activities/7169867557.gpx,,,1436,1230,1054.48999,6.630000114,0.857308924,0,0.100000001,290.3999939,292.2999878,2.051282167,-0.009483257,,,,,,,,,132.2294769,,,,,,,,,3,,,,,0,10,0,,1,,1652979584,3,22.87000084,23.54000092,20.95999908,0.889999986,1002.200012,4.079999924,8.81000042,225,0,1652958464,1653009920,0.649999976,,,0,,0.939999998,14390,4,332.7999878,,,,0,0.734324515,0,,,,,,,,,,,,
7175870803,"May 20, 2022, 8:01:16 PM",Afternoon Walk ,Walk,,11363,2.36,,,FALSE,Raider Express and Shooters ,,activities/7175870803.gpx,,,11363,2024,2362.399902,21.0700016,1.167193651,0,0.100000001,290.2000122,292.3999939,3.728268385,-0.004232984,,,,,,,,,296.236969,,,,,,,,,3,,,,,0,16,0,,1,,1653076736,3,27.35000038,30.31999969,23.20000076,0.779999971,999.0999756,7.429999828,12.31999969,225,0,1653044864,1653096448,0.689999998,,,0,,0.899999976,14060,4,323.8999939,,,,0,0.207902834,0,,,,,,,,,,,,
7181338975,"May 21, 2022, 8:16:59 PM",Afternoon Walk ,Walk,,8318,1.17,,,FALSE,Raider Express and Shooters ,,activities/7181338975.gpx,,,8318,1365,1170.22998,4.794168949,0.857311368,0,0.100000001,290.3999939,292.2999878,1.992031693,-0.008545329,,,,,,,,,146.7428894,,,,,,,,,3,,,,,0,11,0,,1,,1653163264,3,13.81000042,13.81000042,10.72999954,0.819999993,1017.299988,5.989999771,8.25,15,0,1653131136,1653182848,0.720000029,,,0,,1,16093,4,331.2000122,,,,0,0.140686467,0,,,,,,,,,,,,
7185804788,"May 22, 2022, 2:57:51 PM",Morning Walk ,Walk,,689,0.63,,,FALSE,Raider Express ,,activities/7185804788.gpx,,,689,673,631.5599976,5.224999905,0.938424945,0,-1.5,290.5,292.2999878,2.158274412,0.23750712,,,,,,,,,79.19548798,,,,,,,,,3,,,,,0,5,0,,1,,1653228032,3,11.56000042,11.56000042,5.329999924,0.660000026,1028.5,4.659999847,8.390000343,25,0,1653217536,1653269248,0.75999999,,,0,,0.889999986,16093,2,336.6000061,,,,0,0.916632771,0,,,,,,,,,,,,
7191540296,"May 23, 2022, 6:18:05 PM",Afternoon Walk ,Walk,,3679,1.2,,,FALSE,Shooters ,,activities/7191540296.gpx,,,3679,1401,1205.280029,7.765004635,0.860299826,0,0,290.3999939,292.2999878,2.781641722,0,,,,,,,,,151.1380463,,,,,,,,,3,,,,,0,11,0,,1,,1653328768,2,16.71999931,16.71999931,9.93999958,0.639999986,1022,5.360000134,7.110000134,102,0,1653303936,1653355776,0.790000021,,,0,,0.810000002,16093,5,335.7000122,,,,0,0.327610761,0,,,,,,,,,,,,
7195349080,"May 24, 2022, 1:14:13 PM",Morning Walk ,Walk,,6567,1.25,,,FALSE,Raider Express and Shooters ,,activities/7195349080.gpx,,,6567,1502,1255.869995,3.345996141,0.836131811,0,0.100000001,290.3999939,292.2999878,2.861234426,-0.007962608,,,,,,,,,157.4818573,,,,,,,,,4,,,,,0,16,0,,1,,1653397248,3,14.06999969,14.06999969,12.89999962,0.930000007,1013.700012,4.909999847,9.229999542,89,0,1653390336,1653442176,0.829999983,,,0,,1,12915,1,333.5,,,,0,0.191239536,0,,,,,,,,,,,,
7197493920,"May 24, 2022, 8:11:58 PM",Afternoon Walk ,Walk,,6460,1.18,,,FALSE,Shooters ,,activities/7197493920.gpx,,,6460,1349,1179.219971,4.706253052,0.874143779,0,0,290.3999939,292.2999878,3.289464474,0,,,,,,,,,147.8702087,,,,,,,,,3,,,,,0,11,0,,1,,1653422336,5,18.27000046,18.54999924,16.95000076,0.920000017,1008.799988,6.889999866,11.82999992,114,2.338700056,1653390336,1653442176,0.829999983,,,1,5,1,14967,4,328.7000122,,,,0,0.182541788,0,,,,,,,,,,,,
7200717640,"May 25, 2022, 12:56:47 PM",Morning Walk ,Walk,,7845,1.29,,,FALSE,Raider Express and Shooters ,,activities/7200717640.gpx,,,7845,1592,1295.430054,5.34250021,0.813712358,0,0.100000001,290.3999939,292.2999878,3.300331354,-0.007719444,,,,,,,,,162.4425507,,,,,,,,,4,,,,,0,17,0,,1,,1653479936,5,16.44000053,16.60000038,15.52999973,0.939999998,1003.900024,1.710000038,3.140000105,75,0.120800003,1653476608,1653528704,0.860000014,,,1,5,1,10474,0,336.6000061,,,,0,0.165128112,0,,,,,,,,,,,,
7203027101,"May 25, 2022, 10:06:19 PM",Afternoon Walk ,Walk,,688,0.55,,,FALSE,Shooters ,,activities/7203027101.gpx,,,688,630,557.8400269,2.026000261,0.885460377,0,-1.700000048,290.3999939,292.2999878,2.055499315,0.304746866,,,,,,,,,69.9512558,,,,,,,,,3,,,,,0,5,0,,1,,1653516032,2,16.61000061,16.61000061,14.26000023,0.860000014,1004.200012,6.679999828,10.18999958,222,0,1653476608,1653528704,0.860000014,,,0,,0.839999974,16093,3,342.2000122,,,,0,0.810813963,0,,,,,,,,,,,,
7206102903,"May 26, 2022, 1:53:17 PM",Morning  Commute ,Ride,,2378,1.25,,,FALSE,Raider Express ,,activities/7206102903.gpx,,,2378,578,1255.199951,6.193032265,2.171626329,0,0,290.3999939,292.2999878,1.676445842,0,,,,,,,,68.9812851,44.45636749,,,,,,,,,3,,,,,0,4,0,,1,,1653570048,3,12.01000023,12.01000023,11.42000008,0.959999979,1005.400024,2.339999914,4.21999979,215,0,1653563008,1653615104,0.889999986,,,0,,0.939999998,11632,1,363.2999878,,,,0,0.527838528,0,,,,,,,,,,,,
7210887316,"May 27, 2022, 12:51:06 PM",Morning Commute ,Ride,,1935,1.09,,,FALSE,Raider Express and Shooters ,,activities/7210887316.gpx,,,1935,527,1089.670044,4.192001343,2.067685127,0,0.100000001,290.3999939,292.2999878,3.865974426,-0.00917709,,,,,,,,70.83385468,41.6223259,,,,,,,,,3,,,,,0,4,0,,1,,1653652736,1,8.829999924,7.349999905,8.770000458,1,1015.299988,2.630000114,5.03000021,281,0,1653649408,1653701504,0.930000007,,,0,,0.170000002,14085,0,321.2000122,,,,0,0.563136995,0,,,,,,,,,,,,
7212698158,"May 27, 2022, 5:58:06 PM",Afternoon Commute ,Ride,,7954,7.33,,,FALSE,"BWW, Starbucks and Walmart ",,activities/7212698158.gpx,,,7954,2384,7331.25,6.804003716,3.075188875,11.42863941,11.42863941,285.5,292.1000061,7.645214081,0,,,,,,,,49.04144287,130.3600006,,,,,,,,,4,,,,,0,26,0,,1,,1653670784,1,20.62999916,20.62999916,14.61999989,0.680000007,1016.299988,3.460000038,6.820000172,312,0,1653649408,1653701504,0.930000007,,,0,,0.050000001,16093,9,314.2999878,,,,0,0.92170608,0,,,,,,,,,,,,
7213247163,"May 27, 2022, 9:52:54 PM",Afternoon Commute ,Ride,,6261,1.15,,,FALSE,Shooters ,,activities/7213247163.gpx,,,6261,530,1151.150024,6.012220383,2.171981096,0,0,290.3999939,292.2999878,1.971413612,0,,,,,,,,74.91999054,44.27396774,,,,,,,,,3,,,,,0,4,0,,1,,1653685248,1,24.69000053,24.69000053,14.85999966,0.540000021,1014.200012,2.440000057,4.28000021,316,0,1653649408,1653701504,0.930000007,,,0,,0.029999999,16093,6,314.2999878,,,,0,0.183860406,0,,,,,,,,,,,,
7216754899,"May 28, 2022, 12:57:01 PM",Morning Commute ,Ride,,7288,1.43,,,FALSE,Raider Express and Shooters ,,activities/7216754899.gpx,,,7288,741,1430.099976,4.443334103,1.929959536,0,0,290.3999939,292.2999878,3.0581429,0,,,,,,,,78.48337555,64.8441391,,,,,,,,,3,,,,,0,6,0,,1,,1653739264,1,14.68000031,14.68000031,13.32999992,0.920000017,1012.099976,3.190000057,5.829999924,169,0,1653735680,1653788032,0.959999979,,,0,,0.02,16093,0,312.5,,,,0,0.196226671,0,,,,,,,,,,,,
7218493373,"May 28, 2022, 8:29:56 PM",Afternoon Commute ,Ride,,3827,1.21,,,FALSE,Raider Express and Shooters ,,activities/7218493373.gpx,,,3827,592,1216.630005,8.650000572,2.055118322,0,0,290.5,292.2999878,2.597419024,0,,,,,,,,70.59818268,46.60044861,,,,,,,,,3,,,,,0,4,0,,1,,1653767936,2,27.37000084,28.22999954,17.81999969,0.560000002,1006.5,7.900000095,12.53999996,179,0,1653735680,1653788032,0.959999979,,,0,,0.409999996,16093,7,317.1000061,,,,0,0.317906976,0,,,,,,,,,,,,
7222423290,"May 29, 2022, 3:07:12 PM",Morning Walk ,Walk,,1223,1.13,,,FALSE,Raider Express ,,activities/7222423290.gpx,,,1223,1099,1129.189941,6.873849869,1.02747035,0,-1.399999976,290.5,292.2999878,3.134793758,0.123982683,,,,,,,,,141.5966034,,,,,,,,,3,,,,,0,9,0,,1,,1653836416,8,24.48999977,24.87999916,19.12999916,0.720000029,1003.200012,9.460000038,19.13999939,182,0,1653822080,1653874432,0.99000001,,,0,,0.829999983,16093,3,312.1000061,,,,0,0.92329514,0,,,,,,,,,,,,
7232150166,"May 31, 2022, 12:46:53 PM",Morning Commute ,Ride,,6798,1.13,,,FALSE,Raider Express and Shooters ,,activities/7232150166.gpx,,,6798,625,1132.910034,3.677999973,1.812656045,0,0,290.3999939,292.2999878,2.985075951,0,,,,,,,,64.12825012,44.68937683,,,,,,,,,4,,,,,0,6,0,,1,,1653998336,1,23.06999969,23.56999969,19.75,0.819999993,1008.5,7.099999905,15.77000046,186,0,1653994880,1654047360,0.050000001,,,0,,0.209999993,16093,0,302.2999878,,,,0,0.166653439,0,,,,,,,,,,,,
7234215277,"May 31, 2022, 7:36:45 PM",Afternoon Commute ,Ride,,5003,1.93,,,FALSE,Shooters ,,activities/7234215277.gpx,,,5003,900,1933.550049,7.322500229,2.148388863,0,0.100000001,290.3999939,292.2999878,2.511509657,-0.005171834,,,,,,,,91.97666931,92.29859161,,,,,,,,,3,,,,,0,7,0,,1,,1654023552,2,26.23999977,28.52000046,24,0.879999995,1010.900024,5.480000019,9.079999924,212,0,1653994880,1654047360,0.050000001,,,0,,0.850000024,15694,5,301.6000061,,,,0,0.386478126,0,,,,,,,,,,,,
7237542347,"Jun 1, 2022, 1:10:10 PM",Morning Commute ,Ride,,3602,1.11,,,FALSE,Raider Express and Shooters ,,activities/7237542347.gpx,,,3602,579,1112.390015,3.732006788,1.921226263,0,0,290.3999939,292.2999878,3.455724478,0,,,,,,,,70.37070465,45.43027115,,,,,,,,,4,,,,,0,6,0,,1,,1654088448,3,19.13999939,19.62000084,18.53000069,0.959999979,1015.599976,3.230000019,6.900000095,95,0,1654081280,1654133760,0.079999998,,,0,,1,14559,1,302.3999939,,,,0,0.308825642,0,,,,,,,,,,,,
7243963622,"Jun 2, 2022, 4:46:00 PM",Lunch Commute ,Ride,,752,1.12,,,FALSE,Palluccas ,,activities/7243963622.gpx,,,752,629,1121.22998,6.942004204,1.782559633,0,0,290.3999939,292.2999878,3.194887161,0,,,,,,,,95.18860626,66.75910187,,,,,,,,,3,,,,,0,5,0,,1,,1654185600,2,20.51000023,20.51000023,14.39999962,0.680000007,1018.299988,3.25999999,4.53000021,28,0,1654167680,1654220160,0.109999999,,,0,,0.660000026,16093,5,322,,,,0,1.490997314,0,,,,,,,,,,,,
7248575018,"Jun 3, 2022, 12:51:22 PM",Morning Commute ,Ride,,7246,1.14,,,FALSE,Raider Express and Shooters ,,activities/7248575018.gpx,,,7246,566,1140.040039,4.526000023,2.014204979,0,0.100000001,290.3999939,292.2999878,2.508363008,-0.008771622,,,,,,,,59.07435989,37.28123856,,,,,,,,,4,,,,,0,6,0,,1,,1654257664,1,13.18999958,13.18999958,12.28999996,0.939999998,1017.299988,0.699999988,1.549999952,94,0,1654253952,1654306560,0.140000001,,,0,,0.280000001,16093,0,320.7000122,,,,0,0.157333702,0,,,,,,,,,,,,
7250374975,"Jun 3, 2022, 10:13:58 PM",Afternoon Commute ,Ride,,2149,1.11,,,FALSE,Shooters ,,activities/7250374975.gpx,,,2149,583,1115.699951,4.388000488,1.913722038,0,0,290.3999939,292.2999878,2.806360483,0,,,,,,,,65.32935333,42.46701813,,,,,,,,,3,,,,,0,4,0,,1,,1654293632,2,25.19000053,25.19000053,13.48999977,0.479999989,1014.799988,3.220000029,4.699999809,106,0,1654253952,1654306560,0.140000001,,,0,,0.449999988,16093,3,319,,,,0,0.519171715,0,,,,,,,,,,,,
7259938427,"Jun 5, 2022, 3:14:41 PM",Morning Walk ,Walk,,798,0.83,,,FALSE,Raider Express ,,activities/7259938427.gpx,,,798,757,834.6900024,4.264996529,1.102628827,0,-1.899999976,290.3999939,292.3999939,2.853087902,0.227629423,,,,,,,,,104.667305,,,,,,,,,3,,,,,0,6,0,,1,,1654441216,3,20.30999947,20.69000053,18.22999954,0.879999995,1007.799988,4.289999962,9.050000191,162,0,1654426752,1654479488,0.200000003,,,0,,0.910000026,16093,3,331.7000122,,,,0,1.045977473,0,,,,,,,,,,,,
7280379480,"Jun 9, 2022, 1:21:45 PM",Morning Commute ,Walk,,1209,1.23,,,FALSE,Raider Express ,,activities/7280379480.gpx,,,1209,527,1237.650024,4.994006157,2.348482132,0,0,290.3999939,292.2999878,1.774624586,0,,,,,,,,,155.1971283,,,,,,,,,3,,,,,0,4,0,,1,,1654779648,1,16.90999985,16.95000076,14.85999966,0.879999995,1018.5,0.779999971,1.50999999,116,0,1654772352,1654825216,0.330000013,,,0,,0.140000001,16093,1,316.2000122,,,,0,1.023697257,0,,,,,,,,,,,,
7281221638,"Jun 9, 2022, 4:38:55 PM",Lunch Commute ,Walk,,849,1.07,,,FALSE,Palluccas ,,activities/7281221638.gpx,,,849,536,1073.449951,6.105004787,2.002705097,0,0,290.3999939,292.2999878,1.808318019,0,,,,,,,,,134.6069946,,,,,,,,,3,,,,,0,4,0,,1,,1654790400,1,24,24.10000038,16.51000023,0.629999995,1018.200012,1.220000029,1.970000029,126,0,1654772352,1654825216,0.330000013,,,0,,0.079999998,16093,7,315.8999939,,,,0,1.264369845,0,,,,,,,,,,,,
7282474572,"Jun 9, 2022, 6:30:44 PM",Afternoon Commute,Ride,,8646,7.13,,,FALSE,Starbucks and Walmart,,activities/7282474572.gpx,,,8646,2547,7137.299805,5.679999828,2.802237988,6.177898407,6.077898502,285.5,292.1000061,5.607476711,0.00140109,,,,,,,,42.98949432,122.0860748,,,,,,,,,4,,,,,0,28,0,,1,,1654797568,1,25.40999985,25.45999908,15.89000034,0.560000002,1017.299988,1.230000019,2.019999981,139,0,1654772352,1654825216,0.330000013,,,0,,0.230000004,16093,9,316.2000122,,,,0,0.825503111,0,,,,,,,,,,,,
7286838604,"Jun 10, 2022, 5:51:46 PM",Lunch Commute ,Ride,,1386,1.58,,,FALSE,Raider Express ,,activities/7286838604.gpx,,,1386,618,1586.790039,7.106005669,2.567621469,2.006451607,2.006451607,290.3999939,292.6000061,3.091204166,0,,,,,,,,54.18367767,37.33634949,,,,,,,,,3,,,,,0,5,0,,1,,1654880384,2,24.27000046,25.03000069,22.02000046,0.870000005,1010.900024,4.389999866,6.21999979,215,0,1654858752,1654911616,0.370000005,,,0,,0.819999993,16093,5,326.3999939,,,,0,1.144870162,0,,,,,,,,,,,,
7319646358,"Jun 16, 2022, 5:16:26 PM",Lunch Commute ,Ride,,798,0.99,,,FALSE,Palluccas ,,activities/7319646358.gpx,,,798,627,998.2800293,4.206000328,1.592153192,0,0,290.3999939,292.2999878,1.846721768,0,,,,,,,,59.21863174,41.40004349,,,,,,,,,3,,,,,0,5,0,,1,,1655398784,1,31.51000023,36.95999908,23.75,0.629999995,1017.099976,5.460000038,8.210000038,217,0,1655377152,1655430144,0.600000024,,,0,,0.270000011,16093,8,298.7000122,,,,0,1.250977516,0,,,,,,,,,,,,
7321040399,"Jun 16, 2022, 9:48:39 PM",Afternoon Commute ,Ride,,2630,1.21,,,FALSE,Shooters ,,activities/7321040399.gpx,,,2630,672,1213.199951,5.34800005,1.805357099,0,0.100000001,290.3999939,292.2999878,1.981177807,-0.008242664,,,,,,,,79.51157379,59.57643127,,,,,,,,,3,,,,,0,5,0,,1,,1655413248,2,33.40000153,40.33000183,24.40999985,0.589999974,1015.400024,5.170000076,7.699999809,209,0,1655377152,1655430144,0.600000024,,,0,,0.519999981,16093,5,294.2999878,,,,0,0.461292744,0,,,,,,,,,,,,
7323789364,"Jun 17, 2022, 1:28:54 PM",Morning Commute ,Ride,,354,0.74,,,FALSE,Raider Express ,,activities/7323789364.gpx,,,354,341,745.2800293,11.29200459,2.185571909,0,-0.800000012,290.3999939,292.2999878,2,0.107342206,,,,,,,,77.47619629,29.45761299,,,,,,,,,3,,,,,0,2,0,,1,,1655470848,2,23.92000008,24.71999931,22.19000053,0.899999976,1017.900024,2.079999924,5.179999828,143,0,1655463552,1655516544,0.639999986,,,0,,0.589999974,16093,1,292.7999878,,,,0,2.105310917,0,,,,,,,,,,,,
7336534121,"Jun 19, 2022, 8:02:08 PM",Afternoon Commute ,Ride,,1235,1.23,,,FALSE,Raider Express ,,activities/7336534121.gpx,,,1235,582,1230.030029,5.416666508,2.113453627,0,0,290.3999939,292.2999878,2.79981637,0,,,,,,,,54.92972565,35.64554596,,,,,,,,,3,,,,,0,4,0,,1,,1655668736,1,31.94000053,37.81000137,23.97999954,0.629999995,1018.400024,3.5,4.179999828,166,0.048999999,1655636352,1655689472,0.709999979,,,0.01,5,0.140000001,16093,9,299.7999878,,,,0,0.995975733,0,,,,,,,,,,,,
7347549554,"Jun 21, 2022, 8:35:24 PM",Afternoon Commute ,Ride,,7548,2.07,,,FALSE,Shooters and Raider Express ,,activities/7347549554.gpx,,,7548,1015,2074.179932,17.96199989,2.043527126,2.016666651,2.116666555,290.3999939,292.5,3.067475557,-0.004821183,,,,,,,,69.92133331,79.1317215,,,,,,,,,4,,,,,0,11,0,,1,,1655841536,1,34.00999832,40.81000137,24.15999985,0.569999993,1019.599976,4.099999905,5.210000038,207,0,1655809152,1655862272,0.779999971,,,0,,0.039999999,16093,9,301.2000122,,,,0,0.274798602,0,,,,,,,,,,,,
7350586898,"Jun 22, 2022, 1:53:57 PM",Morning Commute ,Ride,,1365,1.19,,,FALSE,Raider Express ,,activities/7350586898.gpx,,,1365,590,1195.630005,3.882006884,2.026491642,0,0,290.3999939,292.2999878,4.189941883,0,,,,,,,,70.04808044,46.08113098,,,,,,,,,3,,,,,0,4,0,,1,,1655902848,1,23.77000046,24.37000084,20.75,0.829999983,1020.200012,1.75,3.779999971,62,0,1655895552,1655948672,0.810000002,,,0,,0.289999992,16093,1,297.7000122,,,,0,0.875919402,0,,,,,,,,,,,,
7353274715,"Jun 22, 2022, 9:45:36 PM",Afternoon Commute ,Ride,,7088,1.16,,,FALSE,Shooters ,,activities/7353274715.gpx,,,7088,516,1159.079956,3.466003418,2.246279001,0,0,290.3999939,292.2999878,2.997004747,0,,,,,,,,61.88465118,35.60471725,,,,,,,,,3,,,,,0,4,0,,1,,1655931648,2,31.11000061,35.63999939,23.01000023,0.620000005,1018.200012,1.799999952,2.440000057,27,0,1655895552,1655948672,0.810000002,,,0,,0.5,16093,5,297.7999878,,,,0,0.163527086,0,,,,,,,,,,,,
7355882028,"Jun 23, 2022, 1:25:26 PM",Morning Commute ,Ride,,1258,1.26,,,FALSE,Raider Express ,,activities/7355882028.gpx,,,1258,556,1259.339966,6.035998344,2.264999866,0,0,290.3999939,292.2999878,2.224692822,0,,,,,,,,57.52404022,35.66145325,,,,,,,,,3,,,,,0,4,0,,1,,1655989248,2,23.34000015,23.89999962,20.27000046,0.829999983,1017,2.640000105,6.179999828,109,0,1655981952,1656035072,0.850000024,,,0,,0.540000021,16093,1,294.6000061,,,,0,1.001065135,0,,,,,,,,,,,,
7357067906,"Jun 23, 2022, 5:37:42 PM",Lunch Commute ,Ride,,887,1.07,,,FALSE,Palluccas ,,activities/7357067906.gpx,,,887,723,1077.599976,4.797997952,1.490456343,0,0,290.3999939,292.2999878,2.004008055,0,,,,,,,,73.42609406,59.19207382,,,,,,,,,3,,,,,0,6,0,,1,,1656003584,2,28.87000084,32.02999878,22.27000046,0.680000007,1015.599976,2.369999886,3.49000001,137,0,1655981952,1656035072,0.850000024,,,0,,0.600000024,16093,7,294.6000061,,,,0,1.214881539,0,,,,,,,,,,,,
7358502532,"Jun 23, 2022, 10:53:43 PM",Afternoon Commute ,Ride,,3422,1.11,,,FALSE,Shooters ,,activities/7358502532.gpx,,,3422,604,1110.98999,3.651989698,1.839387417,0,0,290.3999939,292.2999878,3.030314207,0,,,,,,,,65.07985687,43.82867813,,,,,,,,,3,,,,,0,5,0,,1,,1656021632,2,30.25,34.56000137,23.09000015,0.660000026,1013.400024,4.139999866,5.019999981,75,0,1655981952,1656035072,0.850000024,,,0,,0.340000004,16093,4,291,,,,0,0.324661016,0,,,,,,,,,,,,
7366191067,"Jun 25, 2022, 1:32:50 PM",Morning Commute ,Ride,,2148,1.28,,,FALSE,"Raider Express 
",,activities/7366191067.gpx,,,2148,596,1285.22998,4.833996773,2.156426191,0,0,290.3999939,292.2999878,2.935424805,0,,,,,,,,59.2205658,39.35443497,,,,,,,,,3,,,,,0,4,0,,1,,1656162048,1,26.75,29.18000031,22.95999908,0.800000012,1012.900024,5.389999866,12.52000046,190,0,1656154880,1656207872,0.910000026,,,0,,0.02,16093,1,299.6000061,,,,0,0.598338008,0,,,,,,,,,,,,
7384798189,"Jun 28, 2022, 8:40:13 PM",Afternoon Commute ,Ride,,10168,1.16,,,FALSE,Shooters ,,activities/7384798189.gpx,,,10168,570,1168.199951,3.82800293,2.049473524,0,0,290.3999939,292.2999878,2.695417166,0,,,,,,,,67.7828598,43.07939911,,,,,,,,,3,,,,,0,4,0,,1,,1656446464,1,28.42000008,28.42000008,13.75,0.409999996,1022.299988,0.779999971,1.080000043,149,0,1656414080,1656467072,1,,,0,,0.07,16093,8,313.2000122,,,,0,0.114889845,0,,,,,,,,,,,,
7388973314,"Jun 29, 2022, 5:28:48 PM",Lunch Commute ,Ride,,3410,1.09,,,FALSE,Shooters ,,activities/7388973314.gpx,,,3410,502,1092.670044,3.691992283,2.176633596,0,0.100000001,290.3999939,292.2999878,1.996007085,-0.009151894,,,,,,,,50.76219177,28.41312218,,,,,,,,,3,,,,,0,4,0,,1,,1656521984,1,28.36000061,28.72999954,16.51000023,0.49000001,1023.099976,1.909999967,2.190000057,208,0,1656500480,1656553472,0.029999999,,,0,,0,16093,9,314.2000122,,,,0,0.320431083,0,,,,,,,,,,,,
7392826154,"Jun 30, 2022, 1:19:06 PM",Morning Commute ,Ride,,1245,1.28,,,FALSE,Raider Express ,,activities/7392826154.gpx,,,1245,555,1281.26001,7.127990723,2.308576584,0,0,290.3999939,292.2999878,2.202641487,0,,,,,,,,53.71889496,33.24259567,,,,,,,,,3,,,,,0,4,0,,1,,1656594048,1,19.70000076,19.70000076,14.22999954,0.709999979,1018.599976,3.809999943,8.130000114,180,0,1656586880,1656639872,0.059999999,,,0,,0.01,16093,1,305.7999878,,,,0,1.029124498,0,,,,,,,,,,,,
7393864379,"Jun 30, 2022, 5:13:57 PM",Lunch Commute ,Ride,,775,0.95,,,FALSE,Palluccas ,,activities/7393864379.gpx,,,775,530,951.2999878,5.21999979,1.794905663,0,0,290.3999939,292.2999878,2.915453911,0,,,,,,,,78.33411407,46.29154205,,,,,,,,,3,,,,,0,4,0,,1,,1656608384,1,29.01000023,29.32999992,16.59000015,0.469999999,1017.400024,5.590000153,7.369999886,197,0,1656586880,1656639872,0.059999999,,,0,,0.02,16093,9,302.7999878,,,,0,1.227483869,0,,,,,,,,,,,,
7396174933,"Jun 30, 2022, 9:27:48 PM",Evening Commute ,Ride,,29927,1.22,,,FALSE,Shooters and Raider Express ,,activities/7396174933.gpx,,,29927,685,1221.839966,5.027990818,1.783707976,0,0,290.3999939,292.2999878,2.304165602,0,,,,,,,,76.4540863,58.39372253,,,,,,,,,3,,,,,0,5,0,,1,,1656622848,1,32.13999939,33.36999893,18.54000092,0.449999988,1015,4.679999828,6.329999924,195,0,1656586880,1656639872,0.059999999,,,0,,0,16093,7,299.2999878,,,,0,0.040827345,0,,,,,,,,,,,,
7399788708,"Jul 1, 2022, 9:32:16 PM",Afternoon Commute ,Ride,,3115,1.16,,,FALSE,Shooters and Raider Express ,,activities/7399788708.gpx,,,3115,640,1166.5,6.506005764,1.822656274,0,0,290.3999939,292.2999878,2.014097929,0,,,,,,,,64.57828522,46.08306503,,,,,,,,,3,,,,,0,5,0,,1,,1656709248,2,33.81000137,36.72000122,20.56999969,0.460000008,1012.900024,2.190000057,3.140000105,158,0,1656673408,1656726272,0.090000004,,,0,,0.340000004,16093,6,298.1000061,,,,0,0.37447834,0,,,,,,,,,,,,
7403047759,"Jul 2, 2022, 1:43:27 PM",Morning Commute ,Ride,,1459,1.22,,,FALSE,Raider Express ,,activities/7403047759.gpx,,,1459,579,1221.079956,5.479992867,2.108946323,0,0,290.3999939,292.2999878,1.725626111,0,,,,,,,,61.86329269,39.93801498,,,,,,,,,3,,,,,0,4,0,,1,,1656766848,2,23.82999992,24.73999977,22.93000031,0.949999988,1014.200012,2.309999943,3.019999981,29,0,1656759808,1656812672,0.119999997,,,0,,0.699999988,15653,1,296.1000061,,,,0,0.836929381,0,,,,,,,,,,,,
7405375527,"Jul 2, 2022, 9:17:34 PM",Afternoon Commute,Ride,,6204,1.12,,,FALSE,Shooters ,,activities/7405375527.gpx,,,6204,577,1119.569946,5.123333454,1.940329194,0,0,290.3999939,292.2999878,1.890358806,0,,,,,,,,52.33004761,33.66679764,,,,,,,,,3,,,,,0,4,0,,1,,1656795648,2,31.05999947,35.65999985,23.10000038,0.629999995,1011.799988,3.25999999,3.960000038,119,0,1656759808,1656812672,0.119999997,,,0,,0.460000008,16093,6,297.3999939,,,,0,0.180459365,0,,,,,,,,,,,,
7415794193,"Jul 4, 2022, 7:34:29 PM",Afternoon Commute ,Ride,,1487,1.32,,,FALSE,Raider Express ,,activities/7415794193.gpx,,,1487,629,1325.119995,4.270004272,2.106709003,0,0.100000001,290.3999939,292.2999878,3.896105528,-0.007546486,,,,,,,,61.09607697,42.84881592,,,,,,,,,3,,,,,0,5,0,,1,,1656961152,1,34.15999985,40.56999969,23.82999992,0.550000012,1013.799988,5.619999886,7.550000191,206,0,1656932608,1656985472,0.180000007,,,0,,0.100000001,16093,10,298.3999939,,,,0,0.891136527,0,,,,,,,,,,,,
7419083898,"Jul 5, 2022, 1:36:55 PM",Morning Commute ,Ride,,1257,1.48,,,FALSE,Raider Express ,,activities/7419083898.gpx,,,1257,715,1479.5,5.428997993,2.069230795,0,0,290.3999939,292.2999878,2.244668007,0,,,,,,,,52.87743759,42.15521622,,,,,,,,,3,,,,,0,5,0,,1,,1657026048,1,26.51000023,28.39999962,21.84000015,0.75999999,1013.799988,4.880000114,12.18999958,188,0,1657019136,1657071872,0.219999999,,,0,,0.029999999,16093,1,297.7999878,,,,0,1.177008748,0,,,,,,,,,,,,
7421484571,"Jul 5, 2022, 9:07:30 PM",Afternoon Commute ,Ride,,1154,1.79,,,FALSE,Raider Express and Palluccas ,,activities/7421484571.gpx,,,1154,969,1797.689941,8.056666374,1.855201125,0,0,290.3999939,292.2999878,2.976203442,0,,,,,,,,84.26358795,91.04132843,,,,,,,,,3,,,,,0,8,0,,1,,1657054848,1,35.99000168,41.61000061,22.73999977,0.469999999,1011.5,6.199999809,7.840000153,200,0,1657019136,1657071872,0.219999999,,,0,,0.050000001,16093,7,297,,,,0,1.557790279,0,,,,,,,,,,,,
7426581695,"Jul 6, 2022, 6:36:47 PM",Afternoon Commute ,Ride,,3828,1.16,,,FALSE,Shooters ,,activities/7426581695.gpx,,,3828,562,1168.390015,5.234503269,2.078985691,0,0,290.3999939,292.2999878,24.99847412,0,,,,,,,,62.56918716,39.20772934,,,,,,,,,3,,,,,0,4,0,,1,,1657130368,1,34.29999924,40,23.20999908,0.529999971,1012.5,3.539999962,5.329999924,205,0,1657105536,1657158272,0.25,,,0,,0.140000001,16093,10,296.7000122,,,,0,0.305222064,0,,,,,,,,,,,,
7430956874,"Jul 7, 2022, 4:47:44 PM",Lunch Commute ,Ride,,830,1.07,,,FALSE,Palluccas ,,activities/7430956874.gpx,,,830,642,1077.319946,3.932006836,1.678068399,0,0.100000001,290.3999939,292.2999878,1.901142716,-0.009282294,,,,,,,,72.9234314,52.20078278,,,,,,,,,3,,,,,0,5,0,,1,,1657209600,2,31.06999969,35.54999924,22.96999931,0.620000005,1013.299988,3.549999952,5.739999771,179,0,1657191936,1657244672,0.280000001,,,0,,0.620000005,16093,5,302.3999939,,,,0,1.297975898,0,,,,,,,,,,,,
7432591167,"Jul 7, 2022, 9:12:56 PM",Afternoon Commute ,Ride,,7237,1.11,,,FALSE,Shooters and Raider Express ,,activities/7432591167.gpx,,,7237,557,1111.099976,3.740002394,1.994793534,0,0,290.3999939,292.2999878,2.936858654,0,,,,,,,,72.12641907,44.79447174,,,,,,,,,3,,,,,0,4,0,,1,,1657227648,2,36.08000183,41.59000015,22.62000084,0.460000008,1011,5.480000019,7.260000229,203,0,1657191936,1657244672,0.280000001,,,0,,0.550000012,16093,5,298.7000122,,,,0,0.153530464,0,,,,,,,,,,,,
7437414423,"Jul 8, 2022, 9:59:41 PM",Afternoon Commute ,Ride,,5411,1.12,,,FALSE,Shooters ,,activities/7437414423.gpx,,,5411,660,1119.27002,6.402500153,1.695863724,0,0,290.3999939,292.2999878,3.66132617,0,,,,,,,,96.08089447,70.70592499,,,,,,,,,3,,,,,0,5,0,,1,,1657314048,1,33.58000183,42.18000031,25.52000046,0.629999995,1013,4.739999771,5.820000172,330,0,1657278464,1657331072,0.319999993,,,0,,0.150000006,16093,6,304.3999939,,,,0,0.206850857,0,,,,,,,,,,,,
7440483063,"Jul 9, 2022, 1:23:43 PM",Morning Commute ,Ride,,1880,1.21,,,FALSE,Raider Express ,,activities/7440483063.gpx,,,1880,592,1215.599976,4.492004395,2.053378344,0,0,290.3999939,292.2999878,2.238806963,0,,,,,,,,57.70991516,38.09316254,,,,,,,,,3,,,,,0,4,0,,1,,1657371648,2,24.01000023,24.87999916,22.67000008,0.920000017,1017.700012,3.839999914,7.820000172,18,0,1657364864,1657417344,0.360000014,,,0,,0.540000021,16093,1,307.2000122,,,,0,0.646595716,0,,,,,,,,,,,,
7442783718,"Jul 9, 2022, 8:41:45 PM",Afternoon Commute ,Ride,,5947,1.21,,,FALSE,Shooters and Raider Express ,,activities/7442783718.gpx,,,5947,540,1212.869995,3.821997166,2.246055603,0,0,290.3999939,292.2999878,1.964637995,0,,,,,,,,54.63175964,32.89377975,,,,,,,,,3,,,,,0,4,0,,1,,1657396736,2,28.98999977,32.50999832,22.70999908,0.689999998,1018.200012,4.929999828,5.989999771,23,0,1657364864,1657417344,0.360000014,,,0,,0.699999988,16093,6,308.7999878,,,,0,0.203946531,0,,,,,,,,,,,,
7446704118,"Jul 10, 2022, 3:10:21 PM",Morning Walk ,Walk,,711,0.61,,,FALSE,Raider Express ,,activities/7446704118.gpx,,,711,694,609.0800171,3.70600009,0.877636909,0,-1.5,290.5,292.2999878,2.610954523,0.246273056,,,,,,,,,76.37657928,,,,,,,,,3,,,,,0,5,0,,1,,1657465216,1,25.96999931,26.45999908,20.20000076,0.709999979,1019.200012,3.099999905,3.670000076,108,0,1657451264,1657503744,0.389999986,,,0,,0.200000003,16093,5,301.2999878,,,,0,0.856652617,0,,,,,,,,,,,,
7453529186,"Jul 11, 2022, 9:46:03 PM",Afternoon Commute ,Ride,,1287,1.23,,,FALSE,Raider Express ,,activities/7453529186.gpx,,,1287,585,1232.319946,4.915328026,2.106529713,0,0.100000001,290.3999939,292.2999878,3.314915895,-0.008114776,,,,,,,,63.9931221,41.74111557,,,,,,,,,3,,,,,0,4,0,,1,,1657573248,1,35.74000168,40.13999939,21.68000031,0.439999998,1011,2.440000057,2.859999895,233,0,1657537664,1657590144,0.430000007,,,0,,0,16093,7,300.8999939,,,,0,0.957513571,0,,,,,,,,,,,,
7464654162,"Jul 13, 2022, 8:28:51 PM",Afternoon Commute ,Ride,,5419,1.12,,,FALSE,Shooters and Raider Express ,,activities/7464654162.gpx,,,5419,555,1122.23999,4.795005798,2.022053957,0,0,290.3999939,292.2999878,1.895734072,0,,,,,,,,61.09004211,37.80404663,,,,,,,,,3,,,,,0,4,0,,1,,1657742336,1,31.44000053,31.53000069,16.31999969,0.400000006,1017,3.150000095,4.5,36,0,1657710592,1657762944,0.50999999,,,0,,0.01,16093,9,307.1000061,,,,0,0.207093552,0,,,,,,,,,,,,
7467673983,"Jul 14, 2022, 1:04:00 PM",Morning Commute ,Ride,,1334,1.28,,,FALSE,Raider Express ,,activities/7467673983.gpx,,,1334,595,1288.01001,5.347991943,2.164722681,0,0,290.3999939,292.2999878,1.879699349,0,,,,,,,,52.9669838,35.13962173,,,,,,,,,3,,,,,0,4,0,,1,,1657803648,1,21.80999947,22.11000061,18.02000046,0.790000021,1017.700012,2.089999914,5.929999828,153,0,1657796992,1657849216,0.550000012,,,0,,0.02,16093,1,304.7999878,,,,0,0.965524733,0,,,,,,,,,,,,
7470122966,"Jul 14, 2022, 9:36:01 PM",Afternoon Commute ,Ride,,2959,1.1,,,FALSE,Shooters and Raider Express ,,activities/7470122966.gpx,,,2959,578,1099.209961,3.489990234,1.901747346,0,0,290.3999939,292.2999878,3.530447245,0,,,,,,,,62.31394196,40.15946579,,,,,,,,,3,,,,,0,4,0,,1,,1657832448,1,35.45999908,38.47999954,20.28000069,0.409999996,1016,3.359999895,3.549999952,122,0,1657796992,1657849216,0.550000012,,,0,,0.039999999,16093,7,304.2999878,,,,0,0.371480227,0,,,,,,,,,,,,
7472864238,"Jul 15, 2022, 1:02:07 PM",Morning Commute ,Ride,,1305,1.16,,,FALSE,Raider Express ,,activities/7472864238.gpx,,,1305,524,1164.069946,3.938000441,2.221507549,0,0,290.3999939,292.2999878,2.814914703,0,,,,,,,,47.00562668,27.46350861,,,,,,,,,3,,,,,0,4,0,,1,,1657890048,2,26.02000046,26.5,20.07999992,0.699999988,1018,4.389999866,10.30000019,200,0,1657883520,1657935616,0.589999974,,,0,,0.379999995,16093,1,302.7999878,,,,0,0.892007649,0,,,,,,,,,,,,
7475232951,"Jul 15, 2022, 9:37:52 PM",Afternoon Commute ,Ride,,7633,1.1,,,FALSE,Shooters and Raider Express ,,activities/7475232951.gpx,,,7633,506,1106.030029,7.789999962,2.185830116,0,0,290.3999939,292.2999878,1.884421468,0,,,,,,,,40.19430542,22.67722511,,,,,,,,,3,,,,,0,4,0,,1,,1657918848,1,35.97000122,39.88999939,21.13999939,0.419999987,1014.599976,5.579999924,7.579999924,208,0,1657883520,1657935616,0.589999974,,,0,,0.129999995,16093,6,301.6000061,,,,0,0.144901097,0,,,,,,,,,,,,
7478779054,"Jul 16, 2022, 2:47:07 PM",Morning Commute mo,Ride,,1533,1.26,,,FALSE,Raider Express ,,activities/7478779054.gpx,,,1533,534,1260.839966,5.910998344,2.361123562,0,0,290.3999939,292.2999878,1.980198264,0,,,,,,,,49.76342773,29.62964249,,,,,,,,,3,,,,,0,4,0,,1,,1657980032,2,28.35000038,29.81999969,19.48999977,0.589999974,1014.200012,4.710000038,11.89000034,224,0,1657969920,1658022016,0.629999995,,,0,,0.469999999,16093,2,300.2999878,,,,0,0.822465718,0,,,,,,,,,,,,
7484331413,"Jul 17, 2022, 2:29:38 PM",Morning Commute,Ride,,1054,1.2,,,FALSE,Raider Express ,,activities/7484331413.gpx,,,1054,568,1204.680054,3.861999512,2.120915651,0,0,290.3999939,292.2999878,1.774622202,0,,,,,,,,49.99110413,31.66036415,,,,,,,,,3,,,,,0,4,0,,1,,1658066432,5,26.79000092,28.75,21.60000038,0.730000019,1010.700012,4.590000153,10.65999985,203,0.182099998,1658056320,1658108416,0.660000026,,,1,5,0.870000005,16093,2,297,,,,0,1.142960191,0,,,,,,,,,,,,
7486034955,"Jul 17, 2022, 6:26:12 PM",Afternoon Commute ,Ride,,6904,8.29,,,FALSE,"Starbucks, Walmart and Raider Express ",,activities/7486034955.gpx,,,6904,3475,8298.160156,5.439990044,2.387959719,14.99215698,14.99215698,285.5,292.2999878,6.535822392,0,,,,,,,,44.98211288,174.2888184,,,,,,,,,4,,,,,0,38,0,,1,,1658080768,1,33.54000092,37.34999847,21.63999939,0.5,1009.900024,4.840000153,7.230000019,260,0,1658056320,1658108416,0.660000026,,,0,,0.25,16093,9,301.2999878,,,,0,1.201935172,0,,,,,,,,,,,,
7488987706,"Jul 18, 2022, 1:32:09 PM",Morning Commute,Ride,,1846,1.21,,,FALSE,Raider Express ,,activities/7488987706.gpx,,,1846,592,1212.390015,4.273999214,2.04795599,0,0,290.3999939,292.2999878,2.588439226,0,,,,,,,,56.17393875,37.07926941,,,,,,,,,3,,,,,0,4,0,,1,,1658149248,1,22.40999985,23.07999992,20.81999969,0.910000026,1014.5,2.710000038,3.869999886,43,0,1658142720,1658194688,0.699999988,,,0,,0.129999995,16093,1,298.5,,,,0,0.656765997,0,,,,,,,,,,,,
7491261253,"Jul 18, 2022, 8:56:48 PM",Afternoon Commute ,Ride,,8564,1.07,,,FALSE,Shooters and Raider Express ,,activities/7491261253.gpx,,,8564,537,1076.189941,3.854000807,2.00407815,0,0,290.3999939,292.2999878,2.961503506,0,,,,,,,,53.72161865,32.1660881,,,,,,,,,3,,,,,0,4,0,,1,,1658174464,1,32.27000046,33.72000122,18.89999962,0.449999988,1012.799988,2.769999981,3.809999943,47,0,1658142720,1658194688,0.699999988,,,0,,0.050000001,16093,9,297.3999939,,,,0,0.125664398,0,,,,,,,,,,,,
7495785930,"Jul 19, 2022, 4:55:42 PM",Afternoon Commute ,Ride,,9389,9.07,,,FALSE,"CHC-SEK, Walmart. Starbucks and Shooters ",,activities/7495785930.gpx,,,9389,3807,9076.919922,11.85996056,2.384271145,11.93864346,12.03864384,285.5,292.2999878,6.839505672,-0.001101695,,,,,,,,56.47366333,239.719696,,,,,,,,,4,,,,,0,42,0,,1,,1658246400,1,31.56999969,36.15999985,22.93000031,0.600000024,1009.700012,2.279999971,4.539999962,198,0,1658229248,1658281088,0.730000019,,,0,,0.02,16093,7,298.2999878,,,,0,0.966761112,0,,,,,,,,,,,,
7496529573,"Jul 19, 2022, 10:43:48 PM",Afternoon Commute ,Ride,,634,1.41,,,FALSE,Raider Express ,,activities/7496529573.gpx,,,634,619,1409.030029,7.068005562,2.27630043,0,0.100000001,290.3999939,292.2999878,1.956946969,-0.007097081,,,,,,,,53.61629105,37.00515747,,,,,,,,,3,,,,,0,5,0,,1,,1658268032,1,38.29999924,38.29999924,14.10999966,0.239999995,1006.599976,1.75,2.950000048,217,0,1658229248,1658281088,0.730000019,,,0,,0,16093,4,298.2999878,,,,0,2.222444773,0,,,,,,,,,,,,
7499350657,"Jul 20, 2022, 12:48:16 PM",Morning Commute ,Ride,,1425,1.21,,,FALSE,Raider Express ,,activities/7499350657.gpx,,,1425,602,1216.280029,5.681994438,2.020398617,0,0,290.3999939,292.2999878,1.850139141,0,,,,,,,,58.17460632,39.04854202,,,,,,,,,3,,,,,0,5,0,,1,,1658318336,1,24.03000069,24.54999924,20.13999939,0.790000021,1007.700012,1.929999948,5.070000172,251,0,1658315648,1658367488,0.769999981,,,0,,0.170000002,16093,0,301.5,,,,0,0.853529871,0,,,,,,,,,,,,
7504839965,"Jul 21, 2022, 1:13:13 PM",Morning Commute ,Ride,,1660,1.26,,,FALSE,Raider Express ,,activities/7504839965.gpx,,,1660,565,1265.23999,6.658007622,2.239362717,0,-0.100000001,290.3999939,292.2999878,2.92397666,0.007903639,,,,,,,,54.95002747,34.61714172,,,,,,,,,3,,,,,0,4,0,,1,,1658408448,1,22.81999969,23.22999954,19.07999992,0.790000021,1013.099976,1.899999976,3.630000114,147,0,1658402176,1658453760,0.800000012,,,0,,0.170000002,16093,1,304.7999878,,,,0,0.762192786,0,,,,,,,,,,,,
7505738919,"Jul 21, 2022, 4:49:54 PM",Lunch Commute ,Ride,,530,0.96,,,FALSE,Palluccas ,,activities/7505738919.gpx,,,530,500,963.3599854,3.726001024,1.926720023,0,0,290.3999939,292.2999878,3.086420059,0,,,,,,,,59.02753067,32.90784836,,,,,,,,,3,,,,,0,4,0,,1,,1658419200,1,30.84000015,32.13000107,18.81999969,0.49000001,1013.599976,3.339999914,4.510000229,144,0,1658402176,1658453760,0.800000012,,,0,,0.050000001,16093,7,304,,,,0,1.817660332,0,,,,,,,,,,,,
7507440707,"Jul 21, 2022, 9:30:38 PM",Afternoon Commute ,Ride,,7903,1.19,,,FALSE,Shooters and Raider Express ,,activities/7507440707.gpx,,,7903,591,1193.900024,6.610000134,2.020135403,0,0,290.3999939,292.2999878,3.067475557,0,,,,,,,,56.3250351,37.1162262,,,,,,,,,3,,,,,0,4,0,,1,,1658437248,1,37.29000092,37.29000092,14.13000011,0.25,1012,2.049999952,2.599999905,232,0,1658402176,1658453760,0.800000012,,,0,,0.239999995,16093,6,305,,,,0,0.151069224,0,,,,,,,,,,,,
7511608058,"Jul 22, 2022, 6:44:41 PM",Lunch Commute ,Ride,,3575,1.12,,,FALSE,Shooters ,,activities/7511608058.gpx,,,3575,569,1125.439941,3.73399663,1.977926135,0,0.100000001,290.3999939,292.2999878,2.695446253,-0.008885414,,,,,,,,45.8115654,29.06445885,,,,,,,,,3,,,,,0,4,0,,1,,1658512768,1,34.20999908,37.75,21.19000053,0.469999999,1014.599976,3.710000038,5.110000134,219,0,1658488576,1658540160,0.829999983,,,0,,0.230000004,16093,9,304.3999939,,,,0,0.314808369,0,,,,,,,,,,,,
7515149253,"Jul 23, 2022, 12:43:05 PM",Morning Commute ,Ride,,2071,1.33,,,FALSE,Raider Express ,,activities/7515149253.gpx,,,2071,509,1338.73999,10.89799786,2.630137444,0,0,290.3999939,292.2999878,2.114165068,0,,,,,,,,59.57829285,33.81276703,,,,,,,,,3,,,,,0,4,0,,1,,1658577664,2,24.37999916,24.97999954,20.89999962,0.810000002,1015.200012,3.779999971,9.489999771,196,0,1658574976,1658626560,0.860000014,,,0,,0.370000005,16093,0,298.2999878,,,,0,0.646422029,0,,,,,,,,,,,,
7517621411,"Jul 23, 2022, 9:14:06 PM",Afternoon Commute ,Ride,,3832,1.1,,,FALSE,Shooters and Raider Express ,,activities/7517621411.gpx,,,3832,452,1108.920044,4.37199688,2.453362942,0,0,290.3999939,292.2999878,2.645502567,0,,,,,,,,59.11554337,29.79305077,,,,,,,,,3,,,,,0,3,0,,1,,1658610048,1,36.52999878,40.15999985,20.69000053,0.400000006,1012,7.079999924,8.619999886,199,0,1658574976,1658626560,0.860000014,,,0,,0.079999998,16093,7,297.3999939,,,,0,0.289384156,0,,,,,,,,,,,,
7520770781,"Jul 24, 2022, 12:29:15 PM",Morning Commute ,Ride,,1531,1.9,,,FALSE,Raider Express ,,activities/7520770781.gpx,,,1531,775,1908.699951,8.514001846,2.46283865,0,0,290.3999939,292.3999939,1.982814908,0,,,,,,,,59.46884918,51.38851929,,,,,,,,,3,,,,,0,6,0,,1,,1658663936,1,26.38999939,27.93000031,20.71999931,0.709999979,1013.700012,4.71999979,12.27000046,207,0,1658661504,1658712960,0.889999986,,,0,,0.25,16093,0,296.5,,,,0,1.246701479,0,,,,,,,,,,,,
7521651016,"Jul 24, 2022, 3:07:53 PM",Morning Walk ,Walk,,805,0.78,,,FALSE,Raider Express ,,activities/7521651016.gpx,,,805,789,779.2999878,6.019000053,0.987705946,2.020754814,0.020754717,290.3999939,292.6000061,6.239384651,0.256640583,,,,,,,,,97.72158813,,,,,,,,,3,,,,,0,6,0,,1,,1658674816,1,31.65999985,35.40999985,22.04999924,0.569999993,1013.900024,6.690000057,11.06999969,219,0,1658661504,1658712960,0.889999986,,,0,,0.119999997,16093,4,295.7999878,,,,0,0.968074501,0,,,,,,,,,,,,
7523533996,"Jul 24, 2022, 10:23:29 PM",Afternoon Commute ,Ride,,951,1.2,,,FALSE,Raider Express ,,activities/7523533996.gpx,,,951,467,1206.73999,4.376000881,2.584025621,0,0,290.3999939,292.2999878,2.906977177,0,,,,,,,,54.92660904,28.60055923,,,,,,,,,3,,,,,0,3,0,,1,,1658700032,2,37.54999924,40.84999847,20.03000069,0.360000014,1010.599976,3.119999886,3.470000029,175,0,1658661504,1658712960,0.889999986,,,0,,0.449999988,16093,4,294.1000061,,,,0,1.268916965,0,,,,,,,,,,,,
7526025996,"Jul 25, 2022, 1:16:17 PM",Morning Commute ,Ride,,1466,1.26,,,FALSE,Raider Express ,,activities/7526025996.gpx,,,1466,494,1261.400024,4.949999809,2.553441286,0,0.100000001,290.3999939,292.2999878,2.265860081,-0.007927699,,,,,,,,61.18914032,33.70359039,,,,,,,,,3,,,,,0,4,0,,1,,1658754048,2,22.87000084,23.55999947,21.12999916,0.899999976,1015.700012,4.380000114,7.579999924,77,0,1658747904,1658799232,0.920000017,,,0,,0.389999986,16093,1,292.6000061,,,,0,0.860436559,0,,,,,,,,,,,,
7527523898,"Jul 25, 2022, 6:32:48 PM",Afternoon Commute ,Ride,,636,1.47,,,FALSE,Pete's One Stop,,activities/7527523898.gpx,,,636,568,1474.319946,4.31400156,2.595633745,6.124545574,1.124545455,285.3999939,291.7000122,3.215433359,0.339139402,,,,,,,,52.65341568,33.34646225,,,,,,,,,3,,,,,0,4,0,,1,,1658771968,1,31.71999931,36.25999832,22.84000015,0.589999974,1014.799988,4.340000153,5.610000134,113,0,1658747904,1658799232,0.920000017,,,0,,0.180000007,16093,9,293.2999878,,,,0,2.318113089,0,,,,,,,,,,,,
7528370292,"Jul 25, 2022, 8:45:00 PM",Afternoon Commute ,Ride,,5263,1.15,,,FALSE,Shooters and Raider Express ,,activities/7528370292.gpx,,,5263,494,1158.280029,7.027189255,2.344696522,0,0,290.3999939,292.2999878,4.464286327,0,,,,,,,,55.95511246,30.82063484,,,,,,,,,3,,,,,0,4,0,,1,,1658779136,2,34.68000031,39.11999893,21.98999977,0.479999989,1012.200012,3.369999886,5.46999979,145,0,1658747904,1658799232,0.920000017,,,0,,0.330000013,16093,8,293.7000122,,,,0,0.220079809,0,,,,,,,,,,,,
7531500307,"Jul 26, 2022, 1:02:02 PM",Morning Commute ,Ride,,3279,1.29,,,FALSE,Raider Express ,,activities/7531500307.gpx,,,3279,563,1297.179932,5.058007717,2.30404973,0,0,290.3999939,292.2999878,1.847575307,0,,,,,,,,51.88654327,32.57151794,,,,,,,,,3,,,,,0,4,0,,1,,1658840448,2,24.39999962,25.11000061,21.70000076,0.850000024,1012.700012,2.059999943,7.170000076,229,0,1658834432,1658885632,0.949999988,,,0,,0.579999983,16093,1,294.2999878,,,,0,0.395602286,0,,,,,,,,,,,,
7534262262,"Jul 26, 2022, 8:38:00 PM",Afternoon Commute ni,Ride,,9388,1.15,,,FALSE,Shooters and Raider Express ,,activities/7534262262.gpx,,,9388,494,1152.880005,3.960000515,2.333765268,0,0,290.3999939,292.2999878,1.88679409,0,,,,,,,,57.94394684,31.91610527,,,,,,,,,3,,,,,0,4,0,,1,,1658865664,2,37.02000046,40.22000122,20.06999969,0.370000005,1011.5,3.230000019,4.75,246,0,1658834432,1658885632,0.949999988,,,0,,0.319999993,16093,8,294.8999939,,,,0,0.122803576,0,,,,,,,,,,,,
7539727464,"Jul 27, 2022, 8:12:15 PM",Afternoon Commute ,Ride,,5538,1.17,,,FALSE,Shooters and Raider Express ,,activities/7539727464.gpx,,,5538,503,1176.890015,5.42199707,2.339741468,0,0.100000001,290.3999939,292.2999878,1.884125948,-0.008496971,,,,,,,,70.18888092,39.36508179,,,,,,,,,3,,,,,0,4,0,,1,,1658951936,2,32.54999924,37.40999985,22.92000008,0.569999993,1012.299988,1.659999967,2.940000057,34,0,1658920832,1658972032,0.980000019,,,0,,0.49000001,16093,7,296.5,,,,0,0.212511733,0,,,,,,,,,,,,
7542564509,"Jul 28, 2022, 12:12:42 PM",Morning Commute ,Ride,,1686,1.41,,,FALSE,Raider Express ,,activities/7542564509.gpx,,,1686,504,1411.790039,10.26999474,2.801170826,0,0.100000001,290.3999939,292.5,2.808990717,-0.007083206,,,,,,,,61.67863464,34.66092682,,,,,,,,,3,,,,,0,4,0,,1,,1659009536,2,22.53000069,23.51000023,22.53000069,1,1013.400024,2.220000029,3.900000095,123,0,1659007232,1659058304,0.01,,,0,,0.730000019,15959,0,299,,,,0,0.83736062,0,,,,,,,,,,,,
7543910778,"Jul 28, 2022, 4:54:42 PM",Lunch Commute ,Ride,,601,1.01,,,FALSE,Palluccas ,,activities/7543910778.gpx,,,601,460,1018.630005,5.43333292,2.214413166,0,0.100000001,290.3999939,292.2999878,1.736111641,-0.009817108,,,,,,,,50.7088623,26.00857544,,,,,,,,,3,,,,,0,3,0,,1,,1659024000,2,26.09000015,28.12999916,23.72999954,0.870000005,1015,3.890000105,9.739999771,280,0,1659007232,1659058304,0.01,,,0,,0.819999993,16093,4,299.7000122,,,,0,1.69489181,0,,,,,,,,,,,,
7545517192,"Jul 28, 2022, 8:48:04 PM",Afternoon Commute ,Ride,,8284,1.1,,,FALSE,Shooters and Raider Express ,,activities/7545517192.gpx,,,8284,517,1102.47998,3.935000658,2.132456541,0,0,290.3999939,292.2999878,1.993026733,0,,,,,,,,52.01461792,29.98408508,,,,,,,,,3,,,,,0,4,0,,1,,1659038464,2,29.44000053,34.86000061,24.60000038,0.75,1013.700012,2.440000057,3.380000114,358,0,1659007232,1659058304,0.01,,,0,,0.639999986,16093,6,301.7999878,,,,0,0.133085459,0,,,,,,,,,,,,
7548133408,"Jul 29, 2022, 12:59:19 PM",Morning Commute ,Ride,,1489,1.22,,,FALSE,Raider Express ,,activities/7548133408.gpx,,,1489,492,1227.910034,5.110672951,2.495752096,0,0,290.3999939,292.2999878,3.22061038,0,,,,,,,,65.83133698,36.11375809,,,,,,,,,3,,,,,0,4,0,,1,,1659096064,2,20.45999908,21.02000046,19.47999954,0.939999998,1018.400024,2.99000001,6.300000191,37,0,1659093760,1659144704,0.039999999,,,0,,0.340000004,16093,0,301.8999939,,,,0,0.824654162,0,,,,,,,,,,,,
7550195164,"Jul 29, 2022, 9:06:44 PM",Afternoon Commute mo,Ride,,1412,1.19,,,FALSE,Raider Express ,,activities/7550195164.gpx,,,1412,489,1194.48999,4.400000095,2.442719698,0,0,290.3999939,292.2999878,2.664299726,0,,,,,,,,46.28775024,25.23770142,,,,,,,,,3,,,,,0,4,0,,1,,1659128448,2,27.94000053,28.5,16.95999908,0.50999999,1018.200012,4.110000134,5.71999979,22,0,1659093760,1659144704,0.039999999,,,0,,0.75999999,16093,4,303,,,,0,0.845956087,0,,,,,,,,,,,,
7554946209,"Jul 30, 2022, 5:03:19 PM",Lunch Walk ,Walk,,2207,1.2,,,FALSE,Raider Express ,,activities/7554946209.gpx,,,2207,1505,1207.540039,2.718005419,0.80235219,0,0,290.3999939,292.2999878,2.052863598,0,,,,,,,,,151.4214478,,,,,,,,,3,,,,,0,12,0,,1,,1659200384,5,21.5,22.26000023,21.14999962,0.980000019,1019.599976,1.49000001,2.99000001,113,0.498699993,1659180160,1659230976,0.07,,,1,5,1,10269,4,305.8999939,,,,0,0.547140956,0,,,,,,,,,,,,
7558892793,"Jul 31, 2022, 12:30:50 PM",Morning Commute ,Ride,,1506,1.33,,,FALSE,Raider Express ,,activities/7558892793.gpx,,,1506,538,1329.640015,5.404004097,2.471449852,0,0,290.3999939,292.2999878,2.420330048,0,,,,,,,,59.03683472,35.4144249,,,,,,,,,3,,,,,0,4,0,,1,,1659268864,2,21.12000084,21.92000008,21.12000084,1,1017.200012,1.720000029,2.539999962,157,0,1659266688,1659317376,0.100000001,,,0,,0.699999988,12658,0,301.7000122,,,,0,0.882895112,0,,,,,,,,,,,,
7559740932,"Jul 31, 2022, 3:00:42 PM",Morning Walk ,Walk,,849,0.84,,,FALSE,Raider Express ,,activities/7559740932.gpx,,,849,800,848.6199951,4.258001804,1.060775042,0,-2,290.3999939,292.3999939,2.898550034,0.235676751,,,,,,,,,106.4140854,,,,,,,,,3,,,,,0,6,0,,1,,1659279616,2,24.98999977,25.89999962,23.21999931,0.899999976,1017.299988,3.200000048,4.690000057,176,0,1659266688,1659317376,0.100000001,,,0,,0.829999983,16093,3,302,,,,0,0.999552429,0,,,,,,,,,,,,
7563961163,"Aug 1, 2022, 12:20:16 PM",Morning Commute ,Ride,,1759,1.3,,,FALSE,Raider Express ,,activities/7563961163.gpx,,,1759,479,1301.420044,5.573337078,2.716952085,0,0,290.3999939,292.2999878,1.816528797,0,,,,,,,,55.97676086,29.89634705,,,,,,,,,3,,,,,0,3,0,,1,,1659355136,1,22.37999916,23.29000092,22.37999916,1,1015.700012,3.180000067,8.180000305,179,0,1659353088,1659403648,0.140000001,,,0,,0.150000006,15915,0,298.7000122,,,,0,0.739863575,0,,,,,,,,,,,,
7567107499,"Aug 1, 2022, 9:24:11 PM",Afternoon Commute ,Ride,,9693,1.1,,,FALSE,Shooters and Raider Express ,,activities/7567107499.gpx,,,9693,506,1100.329956,4.955999851,2.174565077,0,0,290.3999939,292.2999878,2.754820108,0,,,,,,,,50.56838226,28.53017426,,,,,,,,,3,,,,,0,4,0,,1,,1659387648,1,35.18000031,39.34999847,21.60000038,0.449999988,1013.700012,6.699999809,9.520000458,218,0,1659353088,1659403648,0.140000001,,,0,,0,16093,7,296.7000122,,,,0,0.113518,0,,,,,,,,,,,,
7572580375,"Aug 2, 2022, 9:04:53 PM",Afternoon Commute ,Ride,,3672,1.17,,,FALSE,Shooters and Raider Express ,,activities/7572580375.gpx,,,3672,552,1175.420044,4.813333035,2.129384041,0,0,290.3999939,292.2999878,1.932366014,0,,,,,,,,56.47720718,34.7605896,,,,,,,,,3,,,,,0,4,0,,1,,1659474048,1,36.29999924,40.65000153,21.5,0.419999987,1010.599976,5.96999979,7.699999809,201,0,1659439488,1659490048,0.170000002,,,0,,0.039999999,16093,6,298.5,,,,0,0.320103496,0,,,,,,,,,,,,
7576017784,"Aug 3, 2022, 12:57:25 PM",Morning Commute ,Ride,,4700,1.52,,,FALSE,Raider Express ,,activities/7576017784.gpx,,,4700,756,1527.339966,5.668334961,2.020290852,0,0,290.3999939,292.2999878,2.28137517,0,,,,,,,,55.8548317,47.08227158,,,,,,,,,3,,,,,0,6,0,,1,,1659527936,1,25.82999992,26.57999992,22.35000038,0.810000002,1009.700012,4.550000191,11.05000019,186,0,1659526016,1659576320,0.200000003,,,0,,0.109999999,16093,0,297.2000122,,,,0,0.324965954,0,,,,,,,,,,,,
7578540295,"Aug 3, 2022, 9:34:09 PM",Afternoon Commute ,Ride,,4980,1.18,,,FALSE,Shooters and Raider Express ,,activities/7578540295.gpx,,,4980,519,1179.849976,7.004997253,2.273313999,0,0.100000001,290.3999939,292.2999878,2.538069487,-0.008475654,,,,,,,,65.7231369,38.03299332,,,,,,,,,3,,,,,0,4,0,,1,,1659560448,1,36.75999832,41.83000183,22.06999969,0.430000007,1007.700012,6.320000172,8.600000381,202,0,1659526016,1659576320,0.200000003,,,0,,0.219999999,16093,6,294.3999939,,,,0,0.23691766,0,,,,,,,,,,,,
7582400102,"Aug 4, 2022, 4:39:50 PM",Lunch Commute ,Ride,,667,1.02,,,FALSE,Palluccas ,,activities/7582400102.gpx,,,667,548,1027.310059,3.799999952,1.874653339,0,0.100000001,290.3999939,292.2999878,1.960784912,-0.009734159,,,,,,,,59.44083023,36.31953812,,,,,,,,,3,,,,,0,4,0,,1,,1659628800,2,26.88999939,29.65999985,23.52000046,0.819999993,1014.299988,4.78000021,7.599999905,184,0,1659612416,1659662720,0.239999995,,,0,,0.460000008,16093,6,288.7000122,,,,0,1.540194988,0,,,,,,,,,,,,
7583941794,"Aug 4, 2022, 9:26:49 PM",Afternoon Commute ,Ride,,3604,1.11,,,FALSE,Shooters and Raider Express ,,activities/7583941794.gpx,,,3604,477,1109.97998,3.788000584,2.327002048,0,0.100000001,290.3999939,292.2999878,2.178649187,-0.009009171,,,,,,,,59.60084152,31.69900513,,,,,,,,,3,,,,,0,3,0,,1,,1659646848,2,32.93999863,38.52000046,23.45999908,0.579999983,1013.099976,2.160000086,2.609999895,282,0,1659612416,1659662720,0.239999995,,,0,,0.330000013,16093,6,290,,,,0,0.307985574,0,,,,,,,,,,,,
7586791155,"Aug 5, 2022, 1:03:43 PM",Morning Commute ,Ride,,1803,1.58,,,FALSE,Raider Express ,,activities/7586791155.gpx,,,1803,680,1581.359985,8.559002876,2.325529337,2,2.099999905,290.3999939,292.5,3.064358234,-0.006323671,,,,,,,,56.34298706,42.71925354,,,,,,,,,3,,,,,0,5,0,,1,,1659704448,1,24.31999969,25.20999908,22.87999916,0.920000017,1016.200012,1.919999957,4.360000134,152,0,1659698944,1659748992,0.270000011,,,0,,0.150000006,16093,1,292.2000122,,,,0,0.877071559,0,,,,,,,,,,,,
7587911159,"Aug 5, 2022, 4:55:46 PM",Lunch Commute ,Ride,,2082,3.57,,,FALSE,Pete's One Stop ,,activities/7587911159.gpx,,,2082,1507,3578.719971,9.59499073,2.374731302,6.480000019,6.579999924,284.8999939,291.7000122,7.441860676,-0.002794295,,,,,,,,64.00591278,107.5494537,,,,,,,,,4,,,,,0,16,0,,1,,1659715200,1,30.76000023,37.11999893,24.79000092,0.709999979,1016,3.00999999,4.409999847,169,0,1659698944,1659748992,0.270000011,,,0,,0.129999995,16093,7,290.7000122,,,,0,1.71888566,0,,,,,,,,,,,,
7589078208,"Aug 5, 2022, 8:43:35 PM",Afternoon Commute ,Ride,,9549,1.19,,,FALSE,Shooters ,,activities/7589078208.gpx,,,9549,513,1192.800049,6.572500229,2.325146198,0,0.100000001,290.3999939,292.2999878,1.805870771,-0.008383635,,,,,,,,57.5668869,32.92797089,,,,,,,,,3,,,,,0,4,0,,1,,1659729664,1,35.20999908,40.58000183,22.70999908,0.479999989,1013.700012,2.25,3.579999924,173,0,1659698944,1659748992,0.270000011,,,0,,0.289999992,16093,7,293.8999939,,,,0,0.124913611,0,,,,,,,,,,,,
7593683385,"Aug 6, 2022, 5:03:56 PM",Lunch Commute ,Ride,,3032,1.17,,,FALSE,Shooters ,,activities/7593683385.gpx,,,3032,567,1175.27002,3.540002346,2.07278657,0,0.100000001,290.3999939,292.2999878,1.942690969,-0.008508683,,,,,,,,56.98590469,36.02677155,,,,,,,,,3,,,,,0,4,0,,1,,1659805184,2,32.88999939,38.02000046,23.07999992,0.560000002,1016.299988,6.860000134,9.520000458,206,0,1659785344,1659835392,0.310000002,,,0,,0.370000005,16093,7,290.5,,,,0,0.387622029,0,,,,,,,,,,,,
7594449015,"Aug 6, 2022, 9:14:30 PM",Afternoon Commute ,Ride,,1020,1.26,,,FALSE,Raider Express ,,activities/7594449015.gpx,,,1020,530,1263.02002,5.730004787,2.383056641,0,0,290.3999939,292.2999878,2.799814224,0,,,,,,,,44.00751495,26.00624084,,,,,,,,,3,,,,,0,4,0,,1,,1659819648,1,35.13000107,39.90000153,22.19000053,0.469999999,1014.200012,5.940000057,6.989999771,190,0,1659785344,1659835392,0.310000002,,,0,,0.029999999,16093,6,291.6000061,,,,0,1.238254905,0,,,,,,,,,,,,
7598759893,"Aug 7, 2022, 2:40:45 PM",Morning Commute ,Ride,,3160,5.96,,,FALSE,Walmart and Starbucks ,,activities/7598759893.gpx,,,3160,2332,5967.720215,6.530004978,2.559056759,6.660714149,8.760714531,285.5,292.6000061,4.155282021,-0.035189316,,,,,,,,44.34850311,115.3140869,,,,,,,,,4,,,,,0,25,0,,1,,1659880832,2,28.09000015,31.23999977,22.76000023,0.730000019,1017.700012,5.320000172,9.819999695,203,0,1659871744,1659921664,0.349999994,,,0,,0.479999989,16093,2,296.5,,,,0,1.888519049,0,,,,,,,,,,,,
7600589176,"Aug 7, 2022, 10:17:38 PM",Afternoon Commute ,Ride,,581,1.27,,,FALSE,Raider Express ,,activities/7600589176.gpx,,,581,542,1272.01001,6.099998474,2.346881866,0,0,290.5,292.2999878,1.85528779,0,,,,,,,,45.32546616,27.39153862,,,,,,,,,3,,,,,0,4,0,,1,,1659909632,2,34.54999924,37.61999893,20.56999969,0.439999998,1014.900024,5.980000019,6.880000114,205,0,1659871744,1659921664,0.349999994,,,0,,0.660000026,16093,3,295.6000061,,,,0,2.189346075,0,,,,,,,,,,,,
7602959668,"Aug 8, 2022, 12:30:03 PM",Morning Commute ,Ride,,1541,1.28,,,FALSE,Raider Express ,,activities/7602959668.gpx,,,1541,512,1280.01001,6.811999321,2.50001955,0,0.100000001,290.3999939,292.2999878,1.930502534,-0.007812439,,,,,,,,51.05050278,29.14371109,,,,,,,,,3,,,,,0,4,0,,1,,1659960064,2,24.04000092,24.86000061,22.39999962,0.910000026,1016.799988,3.200000048,8.170000076,197,0,1659958144,1660008064,0.379999995,,,0,,0.370000005,16093,0,299.3999939,,,,0,0.830635965,0,,,,,,,,,,,,
7605544979,"Aug 8, 2022, 6:39:03 PM",Afternoon Commute ,Ride,,11334,1.19,,,FALSE,Shooters and Raider Express ,,activities/7605544979.gpx,,,11334,581,1192.51001,7.30166626,2.052512884,0,0,290.3999939,292.2999878,3.267976522,0,,,,,,,,63.01153183,40.81981659,,,,,,,,,3,,,,,0,4,0,,1,,1659981568,2,34.24000168,39.54999924,22.88999939,0.519999981,1014.599976,4.809999943,6.010000229,232,0,1659958144,1660008064,0.379999995,,,0,,0.389999986,16093,8,301,,,,0,0.105215281,0,,,,,,,,,,,,
7609015150,"Aug 9, 2022, 1:29:29 PM",Morning Commute ,Ride,,2210,1.29,,,FALSE,Raider Express ,,activities/7609015150.gpx,,,2210,524,1292.199951,8.143753052,2.466030359,0,0,290.3999939,292.2999878,1.752848983,0,,,,,,,,79.10874939,46.22007751,,,,,,,,,3,,,,,0,4,0,,1,,1660050048,2,22.48999977,23.46999931,22.48999977,1,1017.099976,1.320000052,3.420000076,94,0,1660044672,1660094464,0.419999987,,,0,,0.870000005,16093,1,297.6000061,,,,0,0.584705889,0,,,,,,,,,,,,
7611671223,"Aug 9, 2022, 9:38:33 PM",Afternoon Commute ,Ride,,4150,1.16,,,FALSE,Shooters and Raider Express ,,activities/7611671223.gpx,,,4150,531,1159.660034,9.305999756,2.183917284,0,0.100000001,290.3999939,292.2999878,1.714530468,-0.008623217,,,,,,,,67.83028412,40.159935,,,,,,,,,3,,,,,0,4,0,,1,,1660078848,2,30.14999962,34.25,22.88999939,0.649999976,1015.5,2.619999886,2.849999905,52,0,1660044672,1660094464,0.419999987,,,0,,0.600000024,16093,5,297.3999939,,,,0,0.279436141,0,,,,,,,,,,,,
7614770670,"Aug 10, 2022, 1:04:44 PM",Morning Commute ,Ride,,2030,1.26,,,FALSE,Raider Express ,,activities/7614770670.gpx,,,2030,554,1261.969971,4.464001656,2.277924061,0,0,290.3999939,292.2999878,2.085506439,0,,,,,,,,64.43397522,39.80150986,,,,,,,,,3,,,,,0,4,0,,1,,1660136448,1,21.15999985,21.93000031,21.04000092,0.99000001,1020.299988,2.680000067,5.070000172,53,0,1660131072,1660180736,0.460000008,,,0,,0.25,16093,1,300.8999939,,,,0,0.621660113,0,,,,,,,,,,,,
7617215666,"Aug 10, 2022, 9:33:31 PM",Afternoon Walk ,Walk,,787,0.65,,,FALSE,Raider Express ,,activities/7617215666.gpx,,,787,748,652.5100098,5.909666538,0.872339606,0,1.600000024,290.3999939,292.2999878,3.125003099,-0.245206967,,,,,,,,,81.82255554,,,,,,,,,3,,,,,0,6,0,,1,,1660165248,1,31.53000069,33.20000076,19.37000084,0.49000001,1018.200012,4.019999981,4.320000172,41,0,1660131072,1660180736,0.460000008,,,0,,0.109999999,16093,6,294.5,,,,0,0.829110563,0,,,,,,,,,,,,
7620481251,"Aug 11, 2022, 2:04:09 PM",Morning Commute ,Ride,,331,0.67,,,FALSE,Raider Express ,,activities/7620481251.gpx,,,331,273,673.5,4.760000229,2.467032909,0,1.600000024,290.3999939,292.2999878,0.680272102,-0.237564966,,,,,,,,62.61373901,19.05930901,,,,,,,,,3,,,,,0,2,0,,1,,1660226432,1,22.45000076,22.80999947,18.56999969,0.790000021,1021,2.140000105,3.960000038,84,0,1660217600,1660267136,0.5,,,0,,0.100000001,16093,2,298.7999878,,,,0,2.034743309,0,,,,,,,,,,,,
7621407185,"Aug 11, 2022, 5:02:54 PM",Lunch Commute ,Ride,,566,1.22,,,FALSE,Palluccas ,,activities/7621407185.gpx,,,566,553,1225.060059,12.60200214,2.215298414,0,0,290.3999939,292.2999878,1.883239985,0,,,,,,,,72.15990448,44.49343491,,,,,,,,,3,,,,,0,4,0,,1,,1660237184,1,28.78000069,29.04999924,16.36000061,0.469999999,1020.099976,2.940000057,3.960000038,68,0,1660217600,1660267136,0.5,,,0,,0.02,16093,9,298.6000061,,,,0,2.164417028,0,,,,,,,,,,,,
7622690917,"Aug 11, 2022, 9:15:47 PM",Afternoon Commute ,Ride,,1339,1.19,,,FALSE,Raider Express ,,activities/7622690917.gpx,,,1339,497,1190.209961,4.114001274,2.394788742,0,0.100000001,290.3999939,292.2999878,3.2051332,-0.008401879,,,,,,,,59.5351944,32.99172592,,,,,,,,,3,,,,,0,4,0,,1,,1660251648,1,32.13000107,32.13000107,13.60999966,0.330000013,1017.5,3.730000019,5.230000019,79,0,1660217600,1660267136,0.5,,,0,,0.029999999,16093,6,299.3999939,,,,0,0.888879716,0,,,,,,,,,,,,
7625623753,"Aug 12, 2022, 12:37:52 PM",Morning Commute ,Ride,,1469,1.27,,,FALSE,Raider Express ,,activities/7625623753.gpx,,,1469,487,1275.699951,4.347998142,2.619507074,0,0.100000001,290.3999939,292.2999878,2.610954523,-0.007838834,,,,,,,,45.18335724,24.53479004,,,,,,,,,3,,,,,0,4,0,,1,,1660305664,1,17,17.25,16.25,0.949999988,1020,1.49000001,3.059999943,102,0,1660304000,1660353408,0.540000021,,,0,,0.090000004,16093,0,300,,,,0,0.868413866,0,,,,,,,,,,,,
7628378687,"Aug 12, 2022, 6:20:08 PM",Evening Commute ,Ride,,25687,1.15,,,FALSE,Shooters ,,activities/7628378687.gpx,,,25687,556,1154.26001,6.488000393,2.076007128,0,0,290.3999939,292.2999878,1.956947207,0,,,,,,,,49.26154327,30.53920174,,,,,,,,,3,,,,,0,4,0,,1,,1660327168,1,30.73999977,31.37000084,17.54000092,0.449999988,1019.5,2.829999924,3.049999952,136,0,1660304000,1660353408,0.540000021,,,0,,0.129999995,16093,9,298.7999878,,,,0,0.044935569,0,,,,,,,,,,,,
7631400155,"Aug 13, 2022, 1:54:32 PM",Morning Commute ,Ride,,1775,1.97,,,FALSE,Raider Express ,,activities/7631400155.gpx,,,1775,1044,1978.969971,5.884008884,1.895565152,2.088235378,2.088235378,290.3999939,292.6000061,2.94983983,0,,,,,,,,50.70773697,59.02685165,,,,,,,,,3,,,,,0,8,0,,1,,1660395648,1,22.44000053,22.92000008,19.5,0.829999983,1018.200012,2.75999999,6.079999924,177,0,1660390528,1660439680,0.579999983,,,0,,0.01,16093,1,303.7999878,,,,0,1.114912629,0,,,,,,,,,,,,
7633374867,"Aug 13, 2022, 9:08:29 PM",Afternoon Commute ,Ride,,952,1.29,,,FALSE,Raider Express ,,activities/7633374867.gpx,,,952,530,1296.630005,4.832674026,2.446471691,0,0,290.3999939,292.2999878,1.902044773,0,,,,,,,,46.68419266,27.58802414,,,,,,,,,3,,,,,0,4,0,,1,,1660424448,1,34.59000015,37.33000183,20.17000008,0.430000007,1014.700012,3.059999943,4.519999981,206,0,1660390528,1660439680,0.579999983,,,0,,0.25,16093,5,302.2000122,,,,0,1.362006307,0,,,,,,,,,,,,
7637333041,"Aug 14, 2022, 2:44:42 PM",Morning Commute ,Ride,,1094,1.47,,,FALSE,Raider Express ,,activities/7637333041.gpx,,,1094,563,1476.589966,9.292080879,2.622717619,0,0.100000001,290.3999939,292.6000061,6.172858238,-0.006772361,,,,,,,,50.83706284,31.9127121,,,,,,,,,3,,,,,0,4,0,,1,,1660485632,1,26.55999947,27.62000084,18.48999977,0.610000014,1015.099976,4.03000021,7.559999943,235,0,1660476928,1660526080,0.610000014,,,0,,0.289999992,16093,2,301.1000061,,,,0,1.349716663,0,,,,,,,,,,,,
7639204008,"Aug 14, 2022, 9:18:58 PM",Afternoon Commute ,Ride,,1306,1.34,,,FALSE,Raider ,,activities/7639204008.gpx,,,1306,544,1344.089966,6.392001152,2.47075367,0,0.100000001,290.3999939,292.2999878,1.968506217,-0.007439978,,,,,,,,44.95888138,27.27025986,,,,,,,,,3,,,,,0,4,0,,1,,1660510848,2,36.65000153,38.65000153,18.64999962,0.349999994,1012.200012,2.839999914,3.920000076,222,0,1660476928,1660526080,0.610000014,,,0,,0.409999996,16093,5,299.5,,,,0,1.029165387,0,,,,,,,,,,,,
7642241475,"Aug 15, 2022, 1:03:26 PM",Morning Commute ,Ride,,3495,1.3,,,FALSE,Raider Express ,,activities/7642241475.gpx,,,3495,541,1299.310059,8.739999771,2.401682138,0,0,290.3999939,292.2999878,1.948368311,0,,,,,,,,48.1947403,29.0717907,,,,,,,,,3,,,,,0,4,0,,1,,1660568448,1,23.27000046,23.88999939,20.76000023,0.860000014,1014,2.75999999,4.71999979,104,0,1660563456,1660612352,0.649999976,,,0,,0.129999995,16093,1,300.1000061,,,,0,0.371762544,0,,,,,,,,,,,,
7647676651,"Aug 16, 2022, 1:17:16 PM",Morning Commute ,Ride,,1272,1.87,,,FALSE,Raider Express ,,activities/7647676651.gpx,,,1272,999,1875.26001,9.817993164,1.877137184,0,0.100000001,290.3999939,292.5,2.749762297,-0.005332594,,,,,,,,59.55010986,66.33197784,,,,,,,,,3,,,,,0,8,0,,1,,1660654848,2,23.54999924,24.28000069,21.61000061,0.889999986,1012.799988,3.950000048,6.96999979,113,0,1660649856,1660698752,0.680000007,,,0,,0.689999998,16093,0,303.2000122,,,,0,1.474261045,0,,,,,,,,,,,,
7650333587,"Aug 16, 2022, 8:44:58 PM",Afternoon Commute ,Ride,,5919,1.95,,,FALSE,Raider Express ,,activities/7650333587.gpx,,,5919,751,1950.069946,6.431431293,2.59663105,0,-0.100000001,290.3999939,292.2999878,3.903182745,0.005128021,,,,,,,,56.8347435,47.59142303,,,,,,,,,3,,,,,0,6,0,,1,,1660679936,2,30.76000023,35.45000076,23.28000069,0.639999986,1011,5.840000153,7.119999886,99,0,1660649856,1660698752,0.680000007,,,0,,0.639999986,16093,6,299.7999878,,,,0,0.329459369,0,,,,,,,,,,,,
7659078808,"Aug 18, 2022, 1:45:10 PM",Morning Commute ,Ride,,1523,1.29,,,FALSE,Raider Express ,,activities/7659078808.gpx,,,1523,563,1295.400024,7.1200037,2.300888062,0,0.100000001,290.3999939,292.2999878,1.982161999,-0.007719623,,,,,,,,53.2661438,33.43755722,,,,,,,,,3,,,,,0,4,0,,1,,1660827648,2,17.39999962,17.63999939,16.36000061,0.939999998,1018.400024,1.080000043,2.359999895,43,0,1660822784,1660871296,0.75,,,0,,0.330000013,11516,0,312.6000061,,,,0,0.850558102,0,,,,,,,,,,,,
7660248896,"Aug 18, 2022, 5:42:00 PM",Lunch Commute ,Ride,,550,1.11,,,FALSE,Palluccas ,,activities/7660248896.gpx,,,550,527,1113.569946,7.517150879,2.113035917,0,0,290.3999939,292.2999878,2.74725318,0,,,,,,,,64.82769012,38.0930748,,,,,,,,,3,,,,,0,4,0,,1,,1660841984,1,26.76000023,27.44000053,16.77000046,0.540000021,1018,1.139999986,1.919999957,77,0,1660822784,1660871296,0.75,,,0,,0.230000004,16093,7,315.7000122,,,,0,2.024672747,0,,,,,,,,,,,,
7661437125,"Aug 18, 2022, 9:24:39 PM",Afternoon Commute ,Ride,,3724,1.85,,,FALSE,Shooters and Raider Express ,,activities/7661437125.gpx,,,3724,694,1849.02002,5.050000191,2.664294004,0,0.100000001,290.3999939,292.2999878,2.199413538,-0.00540827,,,,,,,,66.72991943,51.6362648,,,,,,,,,3,,,,,0,5,0,,1,,1660856448,1,29.59000015,29.59000015,15.26000023,0.419999987,1015.299988,1.899999976,2.339999914,102,0,1660822784,1660871296,0.75,,,0,,0.230000004,16093,5,316.7999878,,,,0,0.496514499,0,,,,,,,,,,,,
7664130351,"Aug 19, 2022, 12:37:54 PM",Morning Commute ,Ride,,1712,1.99,,,FALSE,Raider Express ,,activities/7664130351.gpx,,,1712,811,1990.72998,6.655008793,2.454660892,0,0.100000001,290.3999939,292.2999878,3.527347565,-0.005023283,,,,,,,,47.60730362,43.04961777,,,,,,,,,3,,,,,0,6,0,,1,,1660910336,1,16.84000015,17,15.60999966,0.920000017,1014,2.089999914,4.349999905,193,0,1660909184,1660957696,0.779999971,,,0,,0.02,16093,0,311.7999878,,,,0,1.16280961,0,,,,,,,,,,,,
7666465912,"Aug 19, 2022, 9:32:10 PM",Afternoon Commute ,Ride,,4460,1.18,,,FALSE,Shooters and Raider Express ,,activities/7666465912.gpx,,,4460,549,1181.119995,4.610002995,2.151402473,0,0.100000001,290.3999939,292.2999878,1.596169829,-0.00846654,,,,,,,,61.32461548,37.53894424,,,,,,,,,3,,,,,0,4,0,,1,,1660942848,1,31.5,31.62999916,16.38999939,0.400000006,1012.200012,1.600000024,3.980000019,199,0,1660909184,1660957696,0.779999971,,,0,,0.289999992,16093,5,313.7000122,,,,0,0.264825106,0,,,,,,,,,,,,
7670267886,"Aug 20, 2022, 1:58:23 PM",Morning Commute ,Ride,,3657,4.48,,,FALSE,Raider Express ,,activities/7670267886.gpx,,,3657,2401,4487.680176,9.660009384,1.869087934,0,0.100000001,290.3999939,292.2999878,1.938296914,-0.002228323,,,,,,,,49.24235535,131.8274384,,,,,,,,,3,,,,,0,20,0,,1,,1661000448,2,20.22999954,20.56999969,17.89999962,0.860000014,1015.299988,3.50999999,7.400000095,178,0,1660995712,1661043968,0.810000002,,,0,,0.550000012,16093,0,305.7999878,,,,0,1.227147937,0,,,,,,,,,,,,
7672253147,"Aug 20, 2022, 8:43:35 PM",Afternoon Commute ,Ride,,9756,1.09,,,FALSE,Shooters and Raider Express ,,activities/7672253147.gpx,,,9756,458,1093.469971,4.046000481,2.38748908,0,0,290.3999939,292.2999878,2.352941275,0,,,,,,,,49.18107605,25.11530113,,,,,,,,,3,,,,,0,3,0,,1,,1661025536,2,31.79000092,34.22999954,20.43000031,0.50999999,1013.400024,3.960000038,6.550000191,261,0,1660995712,1661043968,0.810000002,,,0,,0.449999988,16093,6,304.5,,,,0,0.112081796,0,,,,,,,,,,,,
7676129842,"Aug 21, 2022, 2:11:34 PM",Morning Commute ,Ride,,3598,4.9,,,FALSE,Raider Express Walmart and Starbucks ,,activities/7676129842.gpx,,,3598,1732,4907.299805,6.45600605,2.833313942,4.610000134,6.909999847,285.5,292.2999878,4.464467525,-0.046868954,,,,,,,,57.93139648,111.8759613,,,,,,,,,3,,,,,0,14,0,,1,,1661090432,2,21.87999916,22.22999954,18.38999939,0.810000002,1018.200012,2.630000114,4.78000021,38,0,1661082112,1661130240,0.839999974,,,0,,0.360000014,16093,2,299.1000061,,,,0,1.363896608,0,,,,,,,,,,,,
7678031851,"Aug 21, 2022, 9:14:32 PM",Afternoon Commute ,Ride,,989,1.55,,,FALSE,Raider Express ,,activities/7678031851.gpx,,,989,647,1550.060059,7.68599844,2.395765066,0,0.100000001,290.3999939,292.2999878,2.76243186,-0.006451363,,,,,,,,60.22007751,43.44306564,,,,,,,,,3,,,,,0,5,0,,1,,1661115648,2,29.37000084,30.20000076,17.96999931,0.5,1015.599976,2.519999981,4.059999943,58,0,1661082112,1661130240,0.839999974,,,0,,0.639999986,16093,4,296.1000061,,,,0,1.56730032,0,,,,,,,,,,,,
7680678150,"Aug 22, 2022, 1:13:00 PM",Morning Commute ,Ride,,1804,1.98,,,FALSE,Raider Express ,,activities/7680678150.gpx,,,1804,699,1982.900024,6.058007717,2.836766958,0,0.100000001,290.3999939,292.2999878,1.648803949,-0.005043119,,,,,,,,47.08306885,36.69583893,,,,,,,,,3,,,,,0,5,0,,1,,1661173248,1,19.12000084,19.54999924,18.13999939,0.939999998,1017.299988,1.899999976,4.320000172,51,0,1661168512,1661216640,0.870000005,,,0,,0.119999997,16093,0,301.8999939,,,,0,1.099168539,0,,,,,,,,,,,,
7683129589,"Aug 22, 2022, 8:12:39 PM",Afternoon Commute ,Ride,,7123,1.95,,,FALSE,Shooters and Raider Express ,,activities/7683129589.gpx,,,7123,768,1956.910034,5.340000153,2.54805994,0,0,290.3999939,292.2999878,1.969473362,0,,,,,,,,40.86346436,34.99220276,,,,,,,,,3,,,,,0,6,0,,1,,1661198336,2,30.11000061,30.21999931,16.22999954,0.430000007,1015.599976,4.460000038,5,61,0,1661168512,1661216640,0.870000005,,,0,,0.340000004,16093,6,301.3999939,,,,0,0.274731159,0,,,,,,,,,,,,
7686433730,"Aug 23, 2022, 1:47:06 PM",Morning Commute ,Ride,,1535,2.62,,,FALSE,Raider Express ,,activities/7686433730.gpx,,,1535,909,2623.01001,5.230000973,2.885599613,0,0,290.3999939,292.2000122,6.451663494,0,,,,,,,,49.03712463,49.70084381,,,,,,,,,3,,,,,0,7,0,,1,,1661259648,1,18.21999931,18.61000061,17.59000015,0.959999979,1015.599976,2.089999914,3.849999905,48,0,1661255040,1661302912,0.899999976,,,0,,0.129999995,16093,0,304.3999939,,,,0,1.70880127,0,,,,,,,,,,,,
7687637043,"Aug 23, 2022, 4:53:58 PM",Lunch Commute ,Ride,,2608,4.56,,,TRUE,Pete's One Stop and Wisemans,,activities/7687637043.gpx,,,2608,1767,4563.02002,11.15538597,2.582354307,8.265656471,8.365656853,283.5,291.8999939,4.321541309,-0.002191531,,,,,,,,66.02546692,130.0837097,,,,,,,,,3,,,,,0,14,1,,1,,1661270400,1,26.43000031,27.75,19.71999931,0.670000017,1016.200012,2.529999971,3.940000057,80,0,1661255040,1661302912,0.899999976,,,0,,0.150000006,16093,6,305.1000061,,,,0,1.749624252,0,,,,,,,,,,,,
7689199932,"Aug 23, 2022, 9:00:40 PM",Afternoon Commute ,Ride,,6336,1.13,,,TRUE,Shooters and Raider Express ,,activities/7689199932.gpx,,,6336,498,1137.439941,5.757145405,2.284015894,0,0.100000001,290.3999939,292.2999878,1.882352233,-0.008791673,,,,,,,,54.44352341,30.23085594,,,,,,,,,3,,,,,0,4,1,,1,,1661288448,2,30.62999916,31.01000023,16.98999977,0.439999998,1013.599976,3.25999999,3.369999886,77,0,1661255040,1661302912,0.899999976,,,0,,0.419999987,16093,5,302.3999939,,,,0,0.17952019,0,,,,,,,,,,,,
7692739670,"Aug 24, 2022, 1:42:42 PM",Morning Commute ,Ride,,5686,7.85,,,TRUE,Raider Express Starbucks and Walmart ,,activities/7692739670.gpx,,,5686,2619,7855.399902,9.404948235,2.999388933,13.5662775,13.66627789,285.5,292.2999878,10.41179466,-0.00127301,,,,,,,,42.05511093,122.8087082,,,,,,,,,3,,,,,0,21,1,,1,,1661346048,1,19.70999908,20.22999954,18.95000076,0.949999988,1016.400024,1.299999952,2.24000001,145,0,1661341440,1661389312,0.930000007,,,0,,0.189999998,16093,0,307.7999878,,,,0,1.381533623,0,,,,,,,,,,,,
7695047339,"Aug 24, 2022, 9:35:26 PM",Afternoon Commute ,Ride,,4601,1.09,,,TRUE,Shooters and Raider Express ,,activities/7695047339.gpx,,,4601,469,1090.859985,4.280004978,2.325927496,0,0,290.3999939,292.2999878,2.638520479,0,,,,,,,,58.74330139,30.71892738,,,,,,,,,3,,,,,0,3,1,,1,,1661374848,2,31.14999962,31.69000053,17.35000038,0.439999998,1015.299988,2.630000114,2.819999933,97,0,1661341440,1661389312,0.930000007,,,0,,0.449999988,16093,4,302.6000061,,,,0,0.237091929,0,,,,,,,,,,,,
7698924297,"Aug 25, 2022, 4:45:46 PM",Lunch Commute ,Ride,,1073,1.4,,,TRUE,Palluccas ,,activities/7698924297.gpx,,,1073,925,1403.160034,7.320000172,1.516929746,0,0.100000001,290.3999939,292.2999878,2.270148277,-0.007126771,,,,,,,,95.39894104,98.39208221,,,,,,,,,3,,,,,0,7,1,,1,,1661443200,1,28.20999908,29.27000046,18.5,0.560000002,1018.799988,1.960000038,2.319999933,201,0,1661427840,1661475584,0.959999979,,,0,,0.029999999,16093,6,297.6000061,,,,0,1.307698131,0,,,,,,,,,,,,
7700416100,"Aug 25, 2022, 9:16:28 PM",Afternoon Commute ,Ride,,3471,1.17,,,TRUE,Shooters and Raider Express ,,activities/7700416100.gpx,,,3471,570,1175.430054,4.5260005,2.062158108,0,0.100000001,290.3999939,292.2999878,2.740560532,-0.008507525,,,,,,,,52.72436523,33.50896835,,,,,,,,,3,,,,,0,4,1,,1,,1661461248,1,32.86000061,33.54999924,17.46999931,0.400000006,1015.799988,2.109999895,2.869999886,84,0,1661427840,1661475584,0.959999979,,,0,,0.270000011,16093,5,295.3999939,,,,0,0.338643044,0,,,,,,,,,,,,
7703370844,"Aug 26, 2022, 1:27:06 PM",Morning Commute ,Ride,,1360,1.28,,,TRUE,Raider Express ,,activities/7703370844.gpx,,,1360,503,1288.050049,4.875555992,2.560735703,0,0.100000001,290.3999939,292.2999878,1.893042684,-0.007763674,,,,,,,,52.34558487,29.35775948,,,,,,,,,3,,,,,0,4,1,,1,,1661518848,1,21.04999924,21.54999924,19.26000023,0.899999976,1017.5,0.680000007,1.50999999,175,0,1661514368,1661561856,0.99000001,,,0,,0.039999999,16093,0,294.6000061,,,,0,0.947095633,0,,,,,,,,,,,,
7705547093,"Aug 26, 2022, 9:00:03 PM",Afternoon Commute ,Ride,,7094,1.16,,,TRUE,Shooters and Raider Express ,,activities/7705547093.gpx,,,7094,535,1164,5.351422787,2.175700903,0,0,290.3999939,292.2999878,2.020200253,0,,,,,,,,61.35055161,36.59713745,,,,,,,,,3,,,,,0,4,1,,1,,1661547648,2,33.68999863,34.95999908,18.32999992,0.400000006,1013.700012,2.150000095,2.589999914,117,0,1661514368,1661561856,0.99000001,,,0,,0.349999994,16093,5,292.7999878,,,,0,0.164082319,0,,,,,,,,,,,,
7708858238,"Aug 27, 2022, 1:28:48 PM",Morning Commute ,Ride,,1631,1.24,,,TRUE,Raider Express ,,activities/7708858238.gpx,,,1631,515,1243.73999,5.381994724,2.415029049,0,0.100000001,290.3999939,292.2999878,1.915708423,-0.008040266,,,,,,,,53.22749329,30.56455612,,,,,,,,,3,,,,,0,4,1,,1,,1661605248,1,22.5,23.07999992,20.29000092,0.870000005,1014.299988,2.75,5.489999771,172,0,1661600768,1661648256,0.02,,,0,,0.300000012,16093,0,293.2000122,,,,0,0.762562811,0,,,,,,,,,,,,
7715265920,"Aug 28, 2022, 2:41:57 PM",Morning Walk ,Walk,,927,0.8,,,FALSE,Raider Express ,,activities/7715265920.gpx,,,927,870,801.0800171,5.248999119,0.920781612,0,-1.600000024,290.3999939,292.2999878,2.994015217,0.199730366,,,,,,,,,100.4527283,,,,,,,,,3,,,,,0,7,0,,1,,1661695232,2,22.86000061,23.69000053,22.04999924,0.949999988,1010,3.950000048,9.43999958,208,0.048999999,1661687296,1661734528,0.059999999,,,0.170000002,5,0.870000005,12697,1,293.3999939,,,,0,0.864163995,0,,,,,,,,,,,,
7719961792,"Aug 29, 2022, 1:35:05 PM",Morning Commute ,Ride,,1299,1.41,,,TRUE,Raider Express ,,activities/7719961792.gpx,,,1299,640,1415.660034,6.147779465,2.211968899,0,0,290.3999939,292.2999878,3.284070015,0,,,,,,,,61.00753021,43.53497314,,,,,,,,,3,,,,,0,5,1,,1,,1661778048,2,24.78000069,25.57999992,22.48999977,0.870000005,1012.900024,4.130000114,10.03999996,194,0,1661773696,1661820800,0.090000004,,,0,,0.449999988,16093,0,296.6000061,,,,0,1.08980763,0,,,,,,,,,,,,
7722346784,"Aug 29, 2022, 9:08:31 PM",Afternoon Commute ,Ride,,4122,1.11,,,TRUE,Shooters and Raider Express ,,activities/7722346784.gpx,,,4122,528,1116.609985,4.136666775,2.114791632,0,0,290.3999939,292.2999878,3.584228277,0,,,,,,,,59.17370605,34.83674622,,,,,,,,,3,,,,,0,4,1,,1,,1661806848,2,27.98999977,31.37000084,23.20000076,0.75,1012.099976,3.160000086,4.710000038,167,0,1661773696,1661820800,0.090000004,,,0,,0.579999983,16093,4,289,,,,0,0.270890355,0,,,,,,,,,,,,
7725466642,"Aug 30, 2022, 1:45:04 PM",Morning Commute ,Ride,,1399,1.39,,,TRUE,Raider Express ,,activities/7725466642.gpx,,,1399,646,1395.5,4.422009468,2.160216808,0,0.100000001,290.3999939,292.2999878,2.565565348,-0.00716589,,,,,,,,67.7379303,48.79095459,,,,,,,,,3,,,,,0,5,1,,1,,1661864448,2,20.56999969,21.22999954,20.12999916,0.970000029,1017.400024,1.629999995,2.460000038,166,0,1661860096,1661907072,0.119999997,,,0,,0.569999993,13490,0,289.5,,,,0,0.997498214,0,,,,,,,,,,,,
7726221356,"Aug 30, 2022, 4:25:10 PM",Lunch Commute ,Ride,,569,1.07,,,TRUE,Frontenac City Hall,,activities/7726221356.gpx,,,569,485,1073.160034,4.188000679,2.212701082,0,0,290.3999939,292.2999878,2.754821539,0,,,,,,,,55.20955658,29.8559494,,,,,,,,,3,,,,,0,4,1,,1,,1661875200,2,26.35000038,28.13999939,21.82999992,0.75999999,1018.299988,2.230000019,2.420000076,21,0,1661860096,1661907072,0.119999997,,,0,,0.360000014,16093,5,288.3999939,,,,0,1.886045814,0,,,,,,,,,,,,
7727874116,"Aug 30, 2022, 5:45:17 PM",Afternoon Commute ,Ride,,8883,6.74,,,TRUE,BWW and ran out of gas downtown,,activities/7727874116.gpx,,,8883,2068,6746.540039,6.536035061,3.262350082,15.17903233,17.87903214,280.5,292.1000061,6.465497017,-0.040020514,,,,,,,,51.12196732,117.8780518,,,,,,,,,3,,,,,0,17,1,,1,,1661878784,2,28.65999985,31.69000053,22.20999908,0.680000007,1018.799988,2.690000057,3.720000029,37,0,1661860096,1661907072,0.119999997,,,0,,0.340000004,16093,7,288.1000061,,,,0,0.75948894,0,,,,,,,,,,,,
7728653125,"Aug 30, 2022, 10:10:05 PM",Evening Commute ,Ride,,10793,1.11,,,TRUE,Shooters ,,activities/7728653125.gpx,,,10793,555,1115.369995,7.944000244,2.009675741,0,0.100000001,290.3999939,292.2999878,3.29896903,-0.008965635,,,,,,,,58.88589096,36.44005966,,,,,,,,,3,,,,,0,4,1,,1,,1661896832,1,31.63999939,31.98999977,16.90999985,0.409999996,1017,4.260000229,5.519999981,33,0,1661860096,1661907072,0.119999997,,,0,,0.059999999,16093,3,289.6000061,,,,0,0.103341982,0,,,,,,,,,,,,
7731189589,"Aug 31, 2022, 1:52:35 PM",Morning Commute ,Ride,,681,1.23,,,TRUE,Raider Express ,,activities/7731189589.gpx,,,681,580,1235.079956,4.095995903,2.129448175,0,0.100000001,290.3999939,292.2999878,1.883239388,-0.008096642,,,,,,,,55.84350967,36.11399841,,,,,,,,,3,,,,,0,4,1,,1,,1661950848,1,16.79999924,16.90999985,15.31999969,0.910000026,1020.299988,0.949999988,2.160000086,52,0,1661946624,1661993472,0.159999996,,,0,,0.230000004,16093,0,289.7000122,,,,0,1.813627005,0,,,,,,,,,,,,
7732922564,"Aug 31, 2022, 6:24:14 PM",Lunch Commute ,Ride,,2089,2.98,,,TRUE,Pete's One Stop ,,activities/7732922564.gpx,,,2089,1069,2988.929932,8.736000061,2.796005487,6.230769157,6.330769062,285.2999878,291.7000122,3.778365374,-0.003345679,,,,,,,,54.91672897,65.45716858,,,,,,,,,3,,,,,0,8,1,,1,,1661968768,1,29.13999939,29.13999939,13.86999989,0.389999986,1019.299988,1.950000048,2.619999886,65,0,1661946624,1661993472,0.159999996,,,0,,0.159999996,16093,8,291.1000061,,,,0,1.430794597,0,,,,,,,,,,,,
7736457840,"Sep 1, 2022, 12:40:18 PM",Morning Commute ,Ride,,1366,1.81,,,TRUE,Raider Express ,,activities/7736457840.gpx,,,1366,965,1809.810059,6.976671219,1.87545085,0,0,290.3999939,292.2999878,3.359465122,0,,,,,,,,40.84871674,43.95219803,,,,,,,,,3,,,,,0,8,1,,1,,1662033664,1,15.97000027,15.97000027,13.81000042,0.870000005,1016.299988,1.860000014,3.75,105,0,1662033024,1662079744,0.189999998,,,0,,0.310000002,16093,0,294,,,,0,1.324897528,0,,,,,,,,,,,,
7738686489,"Sep 1, 2022, 6:49:26 PM",Afternoon Commute ,Ride,,3527,1.15,,,TRUE,Shooters ,,activities/7738686489.gpx,,,3527,580,1158.439941,3.711987257,1.997310281,0,0,290.3999939,292.2999878,1.989060163,0,,,,,,,,54.18401718,35.04080582,,,,,,,,,3,,,,,0,4,1,,1,,1662055168,2,30.97999954,32.29000092,18.85000038,0.479999989,1015.599976,2.690000057,2.869999886,171,0,1662033024,1662079744,0.189999998,,,0,,0.479999989,16093,7,293.7000122,,,,0,0.3284491,0,,,,,,,,,,,,
7741975449,"Sep 2, 2022, 1:11:04 PM",Morning Commute ,Ride,,1508,1.25,,,TRUE,Raider Express ,,activities/7741975449.gpx,,,1508,553,1252.920044,7.815558434,2.265678167,0,0,290.3999939,292.2999878,1.888574839,0,,,,,,,,51.37829971,31.67960358,,,,,,,,,3,,,,,0,4,1,,1,,1662123648,3,20.03000069,20.61000061,19.42000008,0.959999979,1014.400024,3.819999933,6.550000191,152,0,1662119552,1662166016,0.230000004,,,0,,0.889999986,10735,0,295.2000122,,,,0,0.830848813,0,,,,,,,,,,,,
7744242088,"Sep 2, 2022, 9:39:34 PM",Afternoon Commute ,Ride,,4313,1.12,,,TRUE,Shooters and Raider Express ,,activities/7744242088.gpx,,,4313,507,1121.069946,4.583996773,2.21118331,0,0.100000001,290.3999939,292.2999878,2.504174471,-0.00892005,,,,,,,,50.96154785,28.80881882,,,,,,,,,3,,,,,0,4,1,,1,,1662152448,2,27.29999924,29.19000053,20.88999939,0.680000007,1013.099976,3.980000019,4.869999886,83,0,1662119552,1662166016,0.230000004,,,0,,0.529999971,16093,4,295,,,,0,0.259928107,0,,,,,,,,,,,,
7747465759,"Sep 3, 2022, 1:23:36 PM",Morning Commute ,Ride,,1814,1.92,,,TRUE,Raider Express ,,activities/7747465759.gpx,,,1814,806,1927.27002,7.568902016,2.391153812,2.044444561,2.044444561,290.3999939,292.6000061,1.83402133,0,,,,,,,,55.13427353,49.54862213,,,,,,,,,3,,,,,0,6,1,,1,,1662210048,2,19.86000061,20.46999931,19.56999969,0.980000019,1018.5,1.809999943,3.220000029,5,0,1662205952,1662252416,0.25999999,,,0,,0.810000002,9215,0,293.2999878,,,,0,1.062442183,0,,,,,,,,,,,,
7749163212,"Sep 3, 2022, 5:29:08 PM",Lunch Commute ,Ride,,4143,6.96,,,TRUE,Starbucks and Walmart ,,activities/7749163212.gpx,,,4143,2377,6961.75,5.804003716,2.928796768,11.41303444,11.41303444,285.5,292.1000061,4.540265083,0,,,,,,,,41.77306747,110.7134552,,,,,,,,,3,,,,,0,19,1,,1,,1662224384,2,25.12000084,25.68000031,20.64999962,0.75999999,1019.700012,1.789999962,3.670000076,16,0,1662205952,1662252416,0.25999999,,,0,,0.620000005,16093,6,291.3999939,,,,0,1.68036449,0,,,,,,,,,,,,
7754011810,"Sep 4, 2022, 3:10:02 PM",Morning Walk ,Walk,,779,1.24,,,FALSE,Raider ,,activities/7754011810.gpx,,,779,779,1240.390015,14.79199219,1.592285037,0,-0.200000003,290.5,292.2999878,1.968504667,0.016123962,,,,,,,,,155.5407257,,,,,,,,,3,,,,,0,6,0,,1,,1662303616,2,22.85000038,23.40999985,20.15999985,0.850000024,1016.599976,3.160000086,4.139999866,39,0,1662292352,1662338688,0.300000012,,,0,,0.589999974,16093,3,299.2000122,,,,0,1.592285037,0,,,,,,,,,,,,
7755677494,"Sep 4, 2022, 8:36:12 PM",Afternoon Commute ,Ride,,950,1.23,,,TRUE,Raider Express ,,activities/7755677494.gpx,,,950,547,1237.530029,4.122000217,2.262394905,0,0,290.3999939,292.2999878,2.351096869,0,,,,,,,,52.90580368,32.26751328,,,,,,,,,3,,,,,0,4,1,,1,,1662321664,2,27.79999924,30.20999908,21.69000053,0.689999998,1014.099976,4.090000153,4.159999847,50,0,1662292352,1662338688,0.300000012,,,0,,0.589999974,16093,5,297.7000122,,,,0,1.302663207,0,,,,,,,,,,,,
7758494271,"Sep 5, 2022, 2:15:00 PM",Morning Commute ,Ride,,1440,2.33,,,TRUE,Raider Express ,,activities/7758494271.gpx,,,1440,1115,2331.600098,7.492016792,2.091121197,0,0.100000001,290.3999939,292.6000061,4.195825577,-0.0042889,,,,,,,,55.91954422,69.52057648,,,,,,,,,3,,,,,0,9,1,,1,,1662386432,2,20.26000023,20.89999962,19.95999908,0.980000019,1015.700012,2.809999943,4.309999943,61,0,1662378880,1662425088,0.340000004,,,0,,0.720000029,16093,1,296.2999878,,,,0,1.619166732,0,,,,,,,,,,,,
7760759425,"Sep 5, 2022, 8:27:22 PM",Afternoon Commute ,Ride,,2005,3.2,,,TRUE,Pete's One Stop ,,activities/7760759425.gpx,,,2005,1048,3203.790039,6.126000881,3.057051659,6.122727394,6.122727394,284.8999939,291.7000122,3.372685432,0,,,,,,,,44.81832886,52.37111282,,,,,,,,,3,,,,,0,8,1,,1,,1662407936,2,27.96999931,29.94000053,20.69000053,0.649999976,1014.900024,3.650000095,4,56,0,1662378880,1662425088,0.340000004,,,0,,0.569999993,16093,5,297,,,,0,1.597900271,0,,,,,,,,,,,,
7763745038,"Sep 6, 2022, 1:03:15 PM",Morning Commute ,Ride,,1362,1.3,,,FALSE,Raider Express ,,activities/7763745038.gpx,,,1362,597,1308.900024,8.396247864,2.192462444,0,0.100000001,290.3999939,292.2999878,1.933300853,-0.007640003,,,,,,,,53.93238831,35.90036392,,,,,,,,,3,,,,,0,4,0,,1,,1662469248,2,18.78000069,19.36000061,18.78000069,1,1018.299988,1.570000052,3.329999924,80,0,1662465280,1662511360,0.370000005,,,0,,0.75,9294,0,294.1000061,,,,0,0.961013258,0,,,,,,,,,,,,
7766063725,"Sep 6, 2022, 7:08:14 PM",Afternoon Commute ,Ride,,4456,2.44,,,FALSE,Shooters and Raider Express ,,activities/7766063725.gpx,,,4456,1939,2444.02002,8.795002937,1.26045382,2.059999943,2.059999943,290.3999939,292.5,3.174578667,0,,,,,,,,61.30912399,132.549408,,,,,,,,,3,,,,,0,16,0,,1,,1662490752,1,28.68000031,30.64999962,20.43000031,0.610000014,1017.900024,2.440000057,2.829999924,60,0,1662465280,1662511360,0.370000005,,,0,,0.189999998,16093,7,291.5,,,,0,0.548478484,0,,,,,,,,,,,,
7770387765,"Sep 7, 2022, 1:59:00 PM",Morning Commute ,Ride,,9463,9.51,,,FALSE,Raider Express CHC-SEK Starbucks and Walmart ,,activities/7770387765.gpx,,,9463,3407,9513.419922,11.81727314,2.792315722,14.75388908,14.85388851,285.5,292.2999878,4.340270519,-0.001051147,,,,,,,,50.30294037,191.0910645,,,,,,,,,3,,,,,0,28,0,,1,,1662555648,2,18.55999947,19.02000046,18.18000031,0.980000019,1020.299988,1.679999948,3.450000048,51,0,1662551808,1662597632,0.409999996,,,0,,0.379999995,14237,0,296.5,,,,0,1.005328059,0,,,,,,,,,,,,
7772238357,"Sep 7, 2022, 9:03:04 PM",Afternoon Commute ,Ride,,6838,1.11,,,FALSE,Shooters and Raider Express ,,activities/7772238357.gpx,,,6838,502,1110.569946,3.92199707,2.212290764,0,-0.100000001,290.3999939,292.2999878,2.489625931,0.009004385,,,,,,,,43.54360962,24.37266541,,,,,,,,,3,,,,,0,4,0,,1,,1662584448,2,29.29000092,30.20000076,18.15999985,0.50999999,1017.799988,4.449999809,5.25,65,0,1662551808,1662597632,0.409999996,,,0,,0.409999996,16093,4,290.7999878,,,,0,0.162411511,0,,,,,,,,,,,,
7775915668,"Sep 8, 2022, 5:10:21 PM",Lunch Commute ,Ride,,800,1.4,,,FALSE,Palluccas ,,activities/7775915668.gpx,,,800,604,1407.910034,17.66133499,2.330976963,0,0.100000001,290.3999939,292.5,2.41254282,-0.007102726,,,,,,,,63.40143967,42.69833374,,,,,,,,,3,,,,,0,5,0,,1,,1662656384,1,27.13999939,28.13999939,18.29000092,0.579999983,1014.799988,1.480000019,1.940000057,155,0,1662638208,1662683904,0.449999988,,,0,,0.100000001,16093,7,288.7000122,,,,0,1.759887576,0,,,,,,,,,,,,
7777439153,"Sep 8, 2022, 10:28:24 PM",Afternoon Commute ,Ride,,4394,1.88,,,FALSE,Shooters and Raider Express ,,activities/7777439153.gpx,,,4394,697,1885.170044,5.304444313,2.704691648,0,0.100000001,290.3999939,292.2999878,2.661929607,-0.005304561,,,,,,,,37.97822189,29.51496696,,,,,,,,,3,,,,,0,5,0,,1,,1662674432,1,29.62999916,30.27000046,17.54999924,0.479999989,1009.799988,2.910000086,3.5,116,0,1662638208,1662683904,0.449999988,,,0,,0.050000001,16093,2,288.5,,,,0,0.429032773,0,,,,,,,,,,,,
7779885373,"Sep 9, 2022, 1:23:06 PM",Morning Commute ,Ride,,1586,2.01,,,FALSE,Raider Express ,,activities/7779885373.gpx,,,1586,726,2010.069946,4.863998413,2.768691301,0,0,290.3999939,292.2999878,3.325029612,0,,,,,,,,43.66488266,35.34628677,,,,,,,,,3,,,,,0,6,0,,1,,1662728448,1,17.21999931,17.39999962,15.93000031,0.920000017,1010.599976,2.619999886,5.480000019,155,0,1662724608,1662770176,0.49000001,,,0,,0,16093,0,295.7000122,,,,0,1.267383337,0,,,,,,,,,,,,
7781134168,"Sep 9, 2022, 5:54:10 PM",Lunch Commute ,Ride,,1813,3.03,,,FALSE,Pete's One Stop ,,activities/7781134168.gpx,,,1813,1048,3034.889893,5.818005562,2.895887375,6.126935005,6.126935005,285.2999878,291.7000122,3.452985048,0,,,,,,,,50.75614548,59.30957031,,,,,,,,,3,,,,,0,8,0,,1,,1662742784,1,27.87000084,28.51000023,17.20999908,0.519999981,1010.900024,3.079999924,3.579999924,197,0,1662724608,1662770176,0.49000001,,,0,,0.02,16093,7,294.8999939,,,,0,1.673960209,0,,,,,,,,,,,,
7781949992,"Sep 9, 2022, 8:11:06 PM",Afternoon Commute ,Ride,,10110,1.09,,,FALSE,Shooters and Raider Express ,,activities/7781949992.gpx,,,10110,487,1098.099976,4.697998047,2.254825354,0,0,290.3999939,292.2999878,2.088772297,0,,,,,,,,63.5008049,34.48125458,,,,,,,,,3,,,,,0,4,0,,1,,1662753536,1,30.35000038,30.35000038,15.64999962,0.409999996,1009.5,2.710000038,2.710000038,163,0,1662724608,1662770176,0.49000001,,,0,,0.159999996,16093,6,295.8999939,,,,0,0.108615227,0,,,,,,,,,,,,
7787571228,"Sep 10, 2022, 9:15:01 PM",Afternoon Commute ,Ride,,6518,1.85,,,FALSE,Shooters and Raider Express ,,activities/7787571228.gpx,,,6518,706,1852.77002,4.42199707,2.62432003,0,0,290.3999939,292.2999878,1.935172677,0,,,,,,,,43.323246,34.10362625,,,,,,,,,3,,,,,0,5,0,,1,,1662843648,1,30.73999977,30.73999977,14.42000008,0.370000005,1014.099976,1.090000033,2.349999905,231,0,1662811136,1662856576,0.519999981,,,0,,0.289999992,16093,4,302.8999939,,,,0,0.284254372,0,,,,,,,,,,,,
7791565396,"Sep 11, 2022, 2:48:02 PM",Morning Walk ,Walk,,844,1.11,,,FALSE,Raider Express ,,activities/7791565396.gpx,,,844,844,1114.369995,13.05642223,1.320343614,0,-1.5,290.5,292.2999878,2.044990063,0.134605199,,,,,,,,,139.7382355,,,,,,,,,3,,,,,0,7,0,,1,,1662904832,2,15.27000046,15.27000046,13.94999981,0.920000017,1022.400024,4.460000038,9.069999695,350,0,1662897536,1662942848,0.560000002,,,0,,0.379999995,16093,1,319.2000122,,,,0,1.320343614,0,,,,,,,,,,,,
7793538505,"Sep 11, 2022, 9:36:06 PM",Afternoon Commute ,Ride,,1374,2.71,,,FALSE,Raider Express via Druart,,activities/7793538505.gpx,,,1374,947,2714.379883,7.601249695,2.86629343,0,0.100000001,290.2999878,292.2999878,3.658504009,-0.003684083,,,,,,,,53.60782242,56.60476685,,,,,,,,,3,,,,,0,7,0,,1,,1662930048,1,24.62999916,24.62999916,6.400000095,0.310000002,1020.599976,5.699999809,8.449999809,359,0,1662897536,1662942848,0.560000002,,,0,,0.109999999,16093,4,314,,,,0,1.97553122,0,,,,,,,,,,,,
7795935926,"Sep 12, 2022, 1:06:47 PM",Morning Walk ,Walk,,741,0.65,,,FALSE,Raider Express ,,activities/7795935926.gpx,,,741,741,650.5999756,3.640000105,0.878002644,0,-1.600000024,290.3999939,292.2999878,2.003005266,0.245926842,,,,,,,,,81.58303833,,,,,,,,,3,,,,,0,6,0,,1,,1662987648,1,11.43000031,11.43000031,8.420000076,0.819999993,1019.599976,2.130000114,4.989999771,237,0,1662983936,1663029120,0.589999974,,,0,,0.029999999,16093,0,311.8999939,,,,0,0.878002644,0,,,,,,,,,,,,
7799318752,"Sep 12, 2022, 9:00:00 PM",Evening Commute ,Ride,,22930,1.87,,,FALSE,Shooters and Raider Express ,,activities/7799318752.gpx,,,22930,715,1870.52002,7.347499847,2.616111994,0,0,290.2999878,292.2999878,3.371245384,0,,,,,,,,51.61409378,41.1480484,,,,,,,,,3,,,,,0,5,0,,1,,1663016448,1,28.52000046,28.52000046,7.349999905,0.25999999,1014.5,3.650000095,5.610000134,265,0,1662983936,1663029120,0.589999974,,,0,,0,16093,4,304.5,,,,0,0.08157523,0,,,,,,,,,,,,
7804164448,"Sep 13, 2022, 8:50:54 PM",Afternoon Commute,Ride,,6487,3.1,,,FALSE,Shooters and Raider Express ,,activities/7804164448.gpx,,,6487,1009,3105.01001,5.65199995,3.077314138,3.063909769,3.163909674,288.5,292.1000061,4.541322231,-0.003220601,,,,,,,,43.88883591,49.37647629,,,,,,,,,3,,,,,0,8,0,,1,,1663099136,1,30.69000053,30.69000053,10.92000008,0.300000012,1013.299988,2.339999914,4.28000021,205,0,1663070464,1663115520,0.629999995,,,0,,0,16093,6,292,,,,0,0.478651136,0,,,,,,,,,,,,
7808325945,"Sep 14, 2022, 5:21:59 PM",Lunch Commute ,Ride,,1838,2.92,,,FALSE,Pete's One Stop ,,activities/7808325945.gpx,,,1838,1005,2923.090088,5.45600605,2.908547401,6.305263042,6.405262947,285.2000122,291.7000122,3.256026506,-0.003421037,,,,,,,,46.56090927,52.17499161,,,,,,,,,3,,,,,0,8,0,,1,,1663174784,1,28.01000023,28.01000023,13.44999981,0.409999996,1018.700012,4.360000134,5.579999924,202,0,1663156864,1663201792,0.660000026,,,0,,0.01,16093,7,290,,,,0,1.590364575,0,,,,,,,,,,,,
7809639538,"Sep 14, 2022, 8:25:49 PM",Afternoon Commute ,Ride,,9597,3.06,,,FALSE,Shooters and Raider Express ,,activities/7809639538.gpx,,,9597,1090,3062.570068,5.367968559,2.80969739,3.059523821,3.059523821,288.5,292.1000061,3.849872828,0,,,,,,,,43.14743805,52.43923569,,,,,,,,,3,,,,,0,9,0,,1,,1663185664,1,30.52000046,30.52000046,12.52999973,0.330000013,1017.099976,3.539999962,5.28000021,178,0,1663156864,1663201792,0.660000026,,,0,,0,16093,6,287.6000061,,,,0,0.319117427,0,,,,,,,,,,,,
7811746729,"Sep 15, 2022, 11:12:41 AM",Morning Commute ,Ride,,1871,1.23,,,FALSE,Raider Express ,,activities/7811746729.gpx,,,1871,512,1230.5,5.359997749,2.403320313,0,0,290.3999939,292.2999878,2.544530392,0,,,,,,,,86.1861496,49.20194626,,,,,,,,,3,,,,,0,4,0,,1,,1663239552,2,15.38000011,15.38000011,13.84000015,0.910000026,1018.900024,2.970000029,5.789999962,159,0,1663243264,1663288064,0.689999998,,,0,,0.409999996,16093,0,291,,,,0,0.657669723,0,,,,,,,,,,,,
7813320304,"Sep 15, 2022, 5:01:30 PM",Lunch Commute ,Ride,,685,1.06,,,FALSE,Palluccas ,,activities/7813320304.gpx,,,685,606,1061.040039,5.75,1.750891209,0,0,290.3999939,292.2999878,1.901141286,0,,,,,,,,60.5994072,40.94641495,,,,,,,,,3,,,,,0,5,0,,1,,1663261184,2,26.19000053,26.19000053,15.07999992,0.5,1020.200012,4.510000229,6.619999886,185,0,1663243264,1663288064,0.689999998,,,0,,0.670000017,16093,5,292.5,,,,0,1.548963547,0,,,,,,,,,,,,
7814614921,"Sep 15, 2022, 9:43:29 PM",Afternoon Commute ,Ride,,900,1.35,,,FALSE,Sh,,activities/7814614921.gpx,,,900,759,1350.140015,4.597998142,1.778840542,0,0.100000001,290.3999939,292.5,3.169563055,-0.007406639,,,,,,,,77.22395325,65.35346985,,,,,,,,,3,,,,,0,6,0,,1,,1663275648,2,29.20999908,29.20999908,12.85000038,0.370000005,1017.200012,4.980000019,6.869999886,166,0,1663243264,1663288064,0.689999998,,,0,,0.620000005,16093,3,289,,,,0,1.500155568,0,,,,,,,,,,,,
7818653930,"Sep 16, 2022, 5:04:21 PM",Lunch Commute ,Ride,,4995,2.93,,,FALSE,Shooters and Wright loop,,activities/7818653930.gpx,,,4995,984,2932.110107,6.219995022,2.979786634,3.247916698,3.247916698,288.5,292.2999878,2.046380043,0,,,,,,,,69.70638275,76.47905731,,,,,,,,,3,,,,,0,8,0,,1,,1663347584,2,28.06999969,28.37000084,16.12000084,0.479999989,1017.799988,5.860000134,7.610000134,188,0,1663329792,1663374464,0.720000029,,,0,,0.379999995,16093,6,286.7999878,,,,0,0.587009013,0,,,,,,,,,,,,
7819561969,"Sep 16, 2022, 9:09:27 PM",Afternoon Commute ,Ride,,8994,3.1,,,FALSE,Shooters and Jefferson loop,,activities/7819561969.gpx,,,8994,1044,3106.129883,5.04399395,2.975220203,3.047142744,3.047142744,288.5,292.2000122,3.093597174,0,,,,,,,,57.17584991,66.55612183,,,,,,,,,3,,,,,0,8,0,,1,,1663362048,2,30.18000031,30.37000084,16.45999908,0.439999998,1014.599976,5.389999866,6.730000019,178,0,1663329792,1663374464,0.720000029,,,0,,0.349999994,16093,4,286.2999878,,,,0,0.345355779,0,,,,,,,,,,,,
7823039884,"Sep 17, 2022, 12:30:41 PM",Morning Commute ,Ride,,9758,1.13,,,FALSE,Raider Express and Shooters ,,activities/7823039884.gpx,,,9758,520,1137.22998,4.153333187,2.186980724,0,0,290.3999939,292.2999878,1.833181262,0,,,,,,,,61.27196503,35.52548599,,,,,,,,,3,,,,,0,4,0,,1,,1663416064,1,20.11000061,20.26000023,16.53000069,0.800000012,1014.799988,4.380000114,10.22000027,174,0,1663416192,1663460736,0.75999999,,,0,,0.159999996,16093,0,284.2999878,,,,0,0.116543345,0,,,,,,,,,,,,
7824056523,"Sep 17, 2022, 5:37:39 PM",Lunch Commute ,Ride,,1929,3.18,,,FALSE,Raider Express and Jefferson loop,,activities/7824056523.gpx,,,1929,1097,3179.540039,5.166015625,2.898395777,3.075000048,3.075000048,288.5,292.5,2.635057926,0,,,,,,,,43.58900833,53.31611252,,,,,,,,,3,,,,,0,9,0,,1,,1663433984,1,29.61000061,32.18999863,21.15999985,0.610000014,1015.099976,7.059999943,9.770000458,196,0,1663416192,1663460736,0.75999999,,,0,,0.01,16093,7,288.7999878,,,,0,1.648284078,0,,,,,,,,,,,,
7825021618,"Sep 17, 2022, 9:36:33 PM",Afternoon Commute ,Ride,,6934,1.88,,,FALSE,Shooters and Raider Express ,,activities/7825021618.gpx,,,6934,757,1879.630005,6.613989353,2.48299861,0,0,290.3999939,292.2999878,3.847996712,0,,,,,,,,44.72416687,37.74965668,,,,,,,,,3,,,,,0,6,0,,1,,1663448448,1,33.15000153,36.15999985,20.85000038,0.49000001,1011.900024,7.010000229,9.529999733,190,0,1663416192,1663460736,0.75999999,,,0,,0.180000007,16093,4,287.5,,,,0,0.271074414,0,,,,,,,,,,,,
7828744012,"Sep 18, 2022, 2:50:08 PM",Morning Commute ,Walk,,772,0.6,,,FALSE,Raider Express ,,activities/7828744012.gpx,,,772,742,607.1799927,2.147998095,0.818301857,0,-1.600000024,290.3999939,292.2999878,2.890173674,0.263513297,,,,,,,,,76.13832092,,,,,,,,,3,,,,,0,6,0,,1,,1663509632,1,25.62000084,26.42000008,22.69000053,0.839999974,1014.299988,6.829999924,11.97999954,197,0,1663502720,1663547008,0.790000021,,,0,,0.109999999,16093,1,278,,,,0,0.7865026,0,,,,,,,,,,,,
7830194774,"Sep 18, 2022, 7:20:02 PM",Afternoon Commute ,Ride,,1069,2.05,,,FALSE,Raider Express ,,activities/7830194774.gpx,,,1069,773,2055.949951,5.678002834,2.659702301,2,2,290.3999939,292.3999939,4.524873257,0,,,,,,,,46.86602402,40.39358902,,,,,,,,,3,,,,,0,6,0,,1,,1663527552,1,34.13000107,39.38999939,22.88999939,0.519999981,1012.900024,7.429999828,9.489999771,213,0,1663502720,1663547008,0.790000021,,,0,,0.059999999,16093,7,273.7000122,,,,0,1.923246026,0,,,,,,,,,,,,
7833064078,"Sep 19, 2022, 12:55:00 PM",Morning Commute ,Ride,,2533,2.46,,,FALSE,Shooters and Jefferson loop ,,activities/7833064078.gpx,,,2533,943,2463.149902,4.834008694,2.61203599,3.062456131,3.062456131,288.5,292.2999878,2.31482172,0,,,,,,,,42.70354843,44.90043259,,,,,,,,,3,,,,,0,7,0,,1,,1663588864,1,21.80999947,22.29999924,19.42000008,0.860000014,1014.900024,3.460000038,10.18999958,208,0,1663589120,1663633280,0.819999993,,,0,,0,16093,0,270.7999878,,,,0,0.972423971,0,,,,,,,,,,,,
7835570834,"Sep 19, 2022, 8:39:10 PM",Afternoon Commute ,Ride,,8958,3.16,,,FALSE,Shooters Raider Express and Jefferson loop ,,activities/7835570834.gpx,,,8958,1143,3167.659912,4.895717144,2.771356106,3.056666613,3.156666756,288.5,292.1000061,3.336099148,-0.003156905,,,,,,,,43.630867,55.60514069,,,,,,,,,3,,,,,0,9,0,,1,,1663617536,1,35.34000015,36.77999878,18.18000031,0.360000014,1013,4.730000019,6.730000019,205,0,1663589120,1663633280,0.819999993,,,0,,0.200000003,16093,6,267.6000061,,,,0,0.353612393,0,,,,,,,,,,,,
7838729844,"Sep 20, 2022, 12:31:29 PM",Morning Commute ,Ride,,10006,1.94,,,FALSE,Raider Express and Shooters ,,activities/7838729844.gpx,,,10006,765,1943.290039,4.130004883,2.540248394,2.068292618,2.068292618,290.2999878,292.5,4.267444611,0,,,,,,,,47.03054428,40.11587906,,,,,,,,,3,,,,,0,6,0,,1,,1663675136,1,21.63999939,22.01000023,18.51000023,0.819999993,1014.799988,3.049999952,9.279999733,198,0,1663675520,1663719552,0.850000024,,,0,,0.230000004,16093,0,266.7000122,,,,0,0.194212481,0,,,,,,,,,,,,
7841011974,"Sep 20, 2022, 8:58:13 PM",Afternoon Commute ,Ride,,6180,1.96,,,FALSE,Shooters and Raider Express ,,activities/7841011974.gpx,,,6180,732,1968.209961,8.773999214,2.688811541,0,0,290.3999939,292.2999878,4.273492336,0,,,,,,,,46.00572205,37.5489502,,,,,,,,,3,,,,,0,6,0,,1,,1663704064,1,35.27000046,35.59999847,16.23999977,0.319999993,1013,6.409999847,8.359999657,212,0,1663675520,1663719552,0.850000024,,,0,,0.07,16093,6,264.2999878,,,,0,0.318480581,0,,,,,,,,,,,,
7844176084,"Sep 21, 2022, 12:58:29 PM",Morning Commute ,Ride,,6224,1.16,,,FALSE,Raider Express and Shooters ,,activities/7844176084.gpx,,,6224,539,1161.349976,3.660009861,2.15463829,0,0,290.3999939,292.2999878,1.768347025,0,,,,,,,,63.14574051,37.94964218,,,,,,,,,3,,,,,0,4,0,,1,,1663761664,1,21.14999962,21.28000069,16.57999992,0.75,1014.5,3.230000019,8.300000191,206,0,1663762048,1663805952,0.879999995,,,0,,0.100000001,16093,0,265.3999939,,,,0,0.186592221,0,,,,,,,,,,,,
7846358375,"Sep 21, 2022, 8:14:37 PM",Afternoon Commute ,Ride,,6226,1.16,,,FALSE,Shooters and Raider Express ,,activities/7846358375.gpx,,,6226,547,1166.819946,4.911999702,2.13312602,0,0,290.3999939,292.2999878,2.861232281,0,,,,,,,,54.71048737,33.36820221,,,,,,,,,3,,,,,0,4,0,,1,,1663790336,1,35.25999832,36.27000046,17.51000023,0.349999994,1012,4.349999905,6.260000229,277,0,1663762048,1663805952,0.879999995,,,0,,0.170000002,16093,6,264.6000061,,,,0,0.187410846,0,,,,,,,,,,,,
7849337792,"Sep 22, 2022, 12:52:23 PM",Morning Commute ,Ride,,1042,1.4,,,FALSE,Raider Express and Shooters ,,activities/7849337792.gpx,,,1042,642,1399.939941,12.11500263,2.180591822,2.019999981,0.119999997,290.3999939,292.5,3.658531189,0.135720104,,,,,,,,67.82410431,48.55052948,,,,,,,,,3,,,,,0,5,0,,1,,1663847936,2,14.51000023,14.51000023,12.55000019,0.879999995,1020.299988,5.840000153,10.77999973,48,0,1663848448,1663892224,0.910000026,,,0,,0.779999971,16093,0,266,,,,0,1.343512416,0,,,,,,,,,,,,
7850200004,"Sep 22, 2022, 4:44:08 PM",Lunch Commute ,Ride,,659,1.19,,,FALSE,Palluccas ,,activities/7850200004.gpx,,,659,572,1194.719971,8.45249939,2.088671207,0,0.100000001,290.3999939,292.2999878,1.792114139,-0.008370162,,,,,,,,82.76003265,52.78269196,,,,,,,,,3,,,,,0,4,0,,1,,1663862400,3,12.78999996,12.78999996,12,0.949999988,1022.400024,4.960000038,9.920000076,52,0.757700026,1663848448,1663892224,0.910000026,,,0.07,5,0.99000001,14913,3,267.8999939,,,,0,1.812928677,0,,,,,,,,,,,,
7854320562,"Sep 23, 2022, 12:46:18 PM",Morning Commute ,Ride,,3893,1.92,,,FALSE,Raider Express and Shooters ,,activities/7854320562.gpx,,,3893,762,1925.400024,4.844006538,2.526771784,0,0,290.2999878,292.2999878,2.047081947,0,,,,,,,,56.12758636,47.68767929,,,,,,,,,3,,,,,0,6,0,,1,,1663934464,2,12.89999962,12.89999962,10.35999966,0.850000024,1019.200012,2.609999895,8.109999657,114,0,1663934976,1663978496,0.939999998,,,0,,0.400000006,16093,0,274.5,,,,0,0.49458003,0,,,,,,,,,,,,
7855440507,"Sep 23, 2022, 5:12:45 PM",Lunch Commute ,Ride,,1994,3.24,,,FALSE,Raider Express and Jefferson loop ,,activities/7855440507.gpx,,,1994,1306,3248.719971,5.219995022,2.487534523,3.05764699,3.05764699,288.5,292.1000061,3.427579165,0,,,,,,,,46.48689651,67.6937561,,,,,,,,,3,,,,,0,10,0,,1,,1663952384,2,23.10000038,23.10000038,13.15999985,0.540000021,1017.799988,5.179999828,8.170000076,189,0,1663934976,1663978496,0.939999998,,,0,,0.479999989,16093,5,274.5,,,,0,1.629247785,0,,,,,,,,,,,,
7856543375,"Sep 23, 2022, 9:40:38 PM",Afternoon Commute ,Ride,,7648,1.79,,,FALSE,Shooters ,,activities/7856543375.gpx,,,7648,677,1789.569946,4.514013767,2.643382549,0,0.100000001,290.3999939,292.2999878,2.82087183,-0.005587935,,,,,,,,39.02678299,29.4595623,,,,,,,,,3,,,,,0,5,0,,1,,1663966848,2,28.39999962,28.70999908,16.31999969,0.479999989,1013.099976,4.699999809,7.010000229,196,0,1663934976,1663978496,0.939999998,,,0,,0.389999986,16093,3,275.2000122,,,,0,0.233991891,0,,,,,,,,,,,,
7859806125,"Sep 24, 2022, 12:54:18 PM",Morning Commute,Ride,,7242,1.91,,,FALSE,Raider Express and Shooters ,,activities/7859806125.gpx,,,7242,766,1915.699951,3.98601079,2.500913858,0,0.100000001,290.2999878,292.2999878,2.976203442,-0.005220024,,,,,,,,39.05463791,33.35614395,,,,,,,,,3,,,,,0,6,0,,1,,1664020736,2,16.67000008,16.75,15.11999989,0.910000026,1014.599976,1.50999999,3.650000095,134,0,1664021376,1664064896,0.970000029,,,0,,0.349999994,16093,0,280,,,,0,0.264526367,0,,,,,,,,,,,,
7861699985,"Sep 24, 2022, 9:02:22 PM",Afternoon Commute ,Ride,,4743,1.83,,,FALSE,Shooters and Raider Express ,,activities/7861699985.gpx,,,4743,722,1837.829956,4.089999199,2.545470953,0,0,290.3999939,292.2999878,2.762431383,0,,,,,,,,42.47435379,34.19312668,,,,,,,,,3,,,,,0,6,0,,1,,1664053248,1,32.45999908,33.54000092,18.23999977,0.430000007,1012.200012,2.369999886,4.829999924,287,0,1664021376,1664064896,0.970000029,,,0,,0.310000002,16093,3,281.3999939,,,,0,0.387482584,0,,,,,,,,,,,,
7865764435,"Sep 25, 2022, 2:51:13 PM",Morning Walk ,Walk,,1212,1.49,,,FALSE,Raider Express ,,activities/7865764435.gpx,,,1212,1195,1496.170044,8.382000923,1.252025127,2,0.600000024,290.5,292.5,2.941168547,0.093572251,,,,,,,,,187.6146698,,,,,,,,,3,,,,,0,9,0,,1,,1664114432,1,19.12999916,19.12999916,13.18999958,0.680000007,1017.700012,4.019999981,8.770000458,20,0,1664107904,1664151168,0.01,,,0,,0.059999999,16093,1,286.2000122,,,,0,1.234463692,0,,,,,,,,,,,,
7867630131,"Sep 25, 2022, 10:08:01 PM",Afternoon Commute ,Ride,,1692,3.16,,,FALSE,Raider Express and Jefferson loop ,,activities/7867630131.gpx,,,1692,1077,3163.52002,6.734008789,2.937344551,3.05793643,3.05793643,288.5,292.1000061,3.558747768,0,,,,,,,,44.64268875,53.60939407,,,,,,,,,3,,,,,0,8,0,,1,,1664143232,1,26.46999931,26.46999931,6.329999924,0.280000001,1016.700012,5.75,8.18999958,344,0,1664107904,1664151168,0.01,,,0,,0.01,16093,2,289,,,,0,1.869692683,0,,,,,,,,,,,,
7870159408,"Sep 26, 2022, 1:04:43 PM",Morning Commute ,Ride,,6767,2.43,,,FALSE,Shooters Raider Express and Jefferson loop ,,activities/7870159408.gpx,,,6767,890,2431.899902,8.943005562,2.732471704,3.061607122,3.061607122,288.5,292.2999878,2.941155434,0,,,,,,,,48.07451248,47.70674515,,,,,,,,,3,,,,,0,7,0,,1,,1664197248,1,10.71000004,10.71000004,5.75,0.709999979,1020.700012,1.960000038,4.639999866,353,0,1664194304,1664237440,0.039999999,,,0,,0,16093,0,289,,,,0,0.359376371,0,,,,,,,,,,,,
7872084138,"Sep 26, 2022, 9:20:46 PM",Afternoon Commute ,Ride,,4167,3.8,,,FALSE,Shooters and Wright loop ,,activities/7872084138.gpx,,,4167,1254,3803.76001,5.567993164,3.033301353,3.249523878,3.249523878,288.5,292.2000122,3.731332302,0,,,,,,,,45.12506485,63.09431839,,,,,,,,,3,,,,,0,10,0,,1,,1664226048,1,25.40999985,25.40999985,-1.860000014,0.159999996,1019.099976,4.610000134,7.760000229,344,0,1664194304,1664237440,0.039999999,,,0,,0,16093,3,293.1000061,,,,0,0.912829399,0,,,,,,,,,,,,
7875124402,"Sep 27, 2022, 12:57:25 PM",Morning Commute ,Ride,,7612,2.46,,,FALSE,Shooters ,,activities/7875124402.gpx,,,7612,1363,2460.219971,8.58001709,1.805003643,0,0,290.3999939,292.2999878,1.809136033,0,,,,,,,,43.01228333,65.36769867,,,,,,,,,3,,,,,0,11,0,,1,,1664280064,1,8.300000191,7.820000172,2.730000019,0.680000007,1020.5,1.409999967,2.700000048,181,0,1664280704,1664323840,0.07,,,0,,0.01,16093,0,291.2000122,,,,0,0.323202848,0,,,,,,,,,,,,
7877372992,"Sep 27, 2022, 9:17:56 PM",Afternoon Commute ,Ride,,7217,2.94,,,FALSE,Shooters ,,activities/7877372992.gpx,,,7217,1017,2942.48999,5.340014458,2.893303871,2.161990881,2.161990881,289.3999939,292.2000122,3.331960678,0,,,,,,,,45.7109375,51.83414459,,,,,,,,,3,,,,,0,8,0,,1,,1664312448,1,29.04999924,29.04999924,4.539999962,0.209999993,1019.200012,2.319999933,4.869999886,218,0,1664280704,1664323840,0.07,,,0,,0.029999999,16093,3,293.1000061,,,,0,0.407716513,0,,,,,,,,,,,,
7880215091,"Sep 28, 2022, 12:52:44 PM",Morning Commute ,Ride,,6903,1.15,,,FALSE,Raider Express and Shooters ,,activities/7880215091.gpx,,,6903,550,1155.200073,3.859997511,2.100363731,0,0,290.3999939,292.2999878,2.597402573,0,,,,,,,,65.35256958,40.07746124,,,,,,,,,3,,,,,0,4,0,,1,,1664366336,1,12.06000042,12.06000042,5.739999771,0.649999976,1024.900024,4.110000134,8.930000305,78,0,1664367232,1664410112,0.109999999,,,0,,0.039999999,16093,0,293.3999939,,,,0,0.167347535,0,,,,,,,,,,,,
7882209473,"Sep 28, 2022, 8:04:10 PM",Afternoon Commute ,Ride,,7297,2.44,,,FALSE,Shooters Raider Express and Jefferson loop ,,activities/7882209473.gpx,,,7297,860,2445.649902,11.52999878,2.843778849,3.041666746,3.041666746,288.5,292.2999878,2.491711617,0,,,,,,,,51.04961014,48.95146942,,,,,,,,,3,,,,,0,7,0,,1,,1664395264,1,25.61000061,25.61000061,7.050000191,0.310000002,1025.199951,6.090000153,6.929999828,77,0,1664367232,1664410112,0.109999999,,,0,,0.029999999,16093,5,294.7000122,,,,0,0.335158259,0,,,,,,,,,,,,
7884959386,"Sep 29, 2022, 1:06:55 PM",Morning Commute ,Ride,,3464,1.95,,,FALSE,Raider Express and Shooters ,,activities/7884959386.gpx,,,3464,729,1956.550049,6.03937149,2.683881998,0,0,290.3999939,292.2999878,1.742160916,0,,,,,,,,41.65745544,33.86063766,,,,,,,,,3,,,,,0,6,0,,1,,1664456448,1,8.899999619,6.909999847,5.909999847,0.819999993,1028.099976,3.5,8.300000191,114,0,1664453632,1664496384,0.140000001,,,0,,0,16093,0,287.6000061,,,,0,0.564823925,0,,,,,,,,,,,,
7886061667,"Sep 29, 2022, 5:34:56 PM",Lunch Commute ,Ride,,804,1.16,,,FALSE,Palluccas ,,activities/7886061667.gpx,,,804,751,1161.939941,4.376000881,1.547190309,0,0,290.3999939,292.2999878,1.932367444,0,,,,,,,,109.8777924,92.00782013,,,,,,,,,3,,,,,0,6,0,,1,,1664470784,1,20.02000046,20.02000046,5.139999866,0.379999995,1027.300049,3.980000019,5.380000114,128,0,1664453632,1664496384,0.140000001,,,0,,0,16093,6,284,,,,0,1.445198894,0,,,,,,,,,,,,
7887312668,"Sep 29, 2022, 8:02:43 PM",Afternoon Commute ,Ride,,11814,1.1,,,FALSE,Shooters ,,activities/7887312668.gpx,,,11814,474,1103.539917,4.099999905,2.328143358,0,0,290.3999939,292.2999878,2.147073984,0,,,,,,,,61.329216,32.41310501,,,,,,,,,3,,,,,0,3,0,,1,,1664481536,1,23.90999985,23.90999985,2.150000095,0.239999995,1024,4.380000114,4.510000229,110,0,1664453632,1664496384,0.140000001,,,0,,0,16093,5,283.7000122,,,,0,0.093409508,0,,,,,,,,,,,,
7889966509,"Sep 30, 2022, 12:49:27 PM",Morning Commute ,Ride,,7991,1.92,,,FALSE,Raider Express and Shooters ,,activities/7889966509.gpx,,,7991,792,1919.25,5.605993748,2.423295498,0,0.100000001,290.2999878,292.2999878,2.290947914,-0.005210368,,,,,,,,47.59542465,42.03056717,,,,,,,,,3,,,,,0,6,0,,1,,1664539136,1,6.349999905,5.159999847,5.28000021,0.930000007,1022.599976,1.779999971,3.619999886,123,0,1664540160,1664582656,0.180000007,,,0,,0.01,16093,0,279.2000122,,,,0,0.240176454,0,,,,,,,,,,,,
7890938586,"Sep 30, 2022, 5:25:13 PM",Lunch Commute ,Ride,,4902,7.42,,,FALSE,Starbucks and Walmart ,,activities/7890938586.gpx,,,4902,2556,7419.049805,6.463964939,2.902601719,14.54006767,14.54006767,285.5,292.1000061,4.717860222,0,,,,,,,,46.80347824,133.3871002,,,,,,,,,3,,,,,0,21,0,,1,,1664557184,1,20.62999916,20.62999916,4.179999828,0.340000004,1022,2.819999933,3.470000029,134,0,1664540160,1664582656,0.180000007,,,0,,0.029999999,16093,6,276.1000061,,,,0,1.513474107,0,,,,,,,,,,,,
7895056636,"Oct 1, 2022, 1:05:13 PM",Morning Commute ,Ride,,7787,1.82,,,FALSE,Shooters and Druart loop,,activities/7895056636.gpx,,,7787,730,1828.23999,4.913989067,2.5044384,0,0,290.3999939,292.2999878,1.926781416,0,,,,,,,,46.47325897,37.82691193,,,,,,,,,3,,,,,0,6,0,,1,,1664629248,1,8.319999695,7.610000134,6.5,0.879999995,1020.700012,1.610000014,3.289999962,86,0,1664626560,1664668928,0.219999999,,,0,,0.280000001,16093,0,278.2999878,,,,0,0.234781042,0,,,,,,,,,,,,
7897018424,"Oct 1, 2022, 9:14:38 PM",Afternoon Commute ,Ride,,10120,2.59,,,FALSE,Shooters and Druart loop,,activities/7897018424.gpx,,,10120,933,2596.139893,5.064013481,2.782572269,0,0.100000001,290.3999939,292.1000061,3.592772245,-0.003851873,,,,,,,,44.93373108,46.74433517,,,,,,,,,3,,,,,0,7,0,,1,,1664658048,1,25.65999985,25.65999985,2.730000019,0.230000004,1019,3.349999905,4.46999979,72,0,1664626560,1664668928,0.219999999,,,0,,0.280000001,16093,3,278.2000122,,,,0,0.25653556,0,,,,,,,,,,,,
7901368355,"Oct 2, 2022, 4:38:16 PM",Lunch Commute ,Ride,,1823,1.93,,,FALSE,Raider Express and Druart loop ,,activities/7901368355.gpx,,,1823,771,1932.880005,6.317500114,2.506978035,0,0,290.3999939,292.2999878,2.868079662,0,,,,,,,,41.82582092,35.95619583,,,,,,,,,3,,,,,0,6,0,,1,,1664726400,1,20.04000092,20.04000092,6.349999905,0.409999996,1025.099976,2.299999952,3.200000048,96,0,1664712960,1664755328,0.25,,,0,,0.02,16093,4,282.1000061,,,,0,1.060274243,0,,,,,,,,,,,,
7902019237,"Oct 2, 2022, 7:06:28 PM",Afternoon Walk ,Walk,,2003,1.54,,,FALSE,Carlton loop,,activities/7902019237.gpx,,,2003,1906,1543.900024,1.930672169,0.810020983,4.384905815,4.384905815,287.5,292,2.020209551,0,,,,,,,,,193.5998535,,,,,,,,,3,,,,,0,15,0,,1,,1664737152,1,25.97999954,25.97999954,3.180000067,0.230000004,1023.400024,3.00999999,3.5,76,0,1664712960,1664755328,0.25,,,0,,0,16093,6,283.3999939,,,,0,0.770793796,0,,,,,,,,,,,,
7902420113,"Oct 2, 2022, 9:32:25 PM",Afternoon Commute ,Ride,,1704,1.22,,,FALSE,Raider Express ,,activities/7902420113.gpx,,,1704,558,1225.75,5.030827999,2.196684599,0,0,290.3999939,292.2999878,1.902947783,0,,,,,,,,52.82434464,32.86572266,,,,,,,,,3,,,,,0,4,0,,1,,1664744448,1,27.22999954,27.22999954,2.720000029,0.209999993,1022.400024,3.460000038,4.420000076,68,0,1664712960,1664755328,0.25,,,0,,0,16093,3,281.8999939,,,,0,0.719336867,0,,,,,,,,,,,,
7905186420,"Oct 3, 2022, 1:00:42 PM",Morning Commute ,Ride,,7470,1.89,,,FALSE,Raider Express and Shooters ,,activities/7905186420.gpx,,,7470,741,1892.630005,4.254004002,2.554156542,0,0.100000001,290.3999939,292.2999878,2.744741201,-0.005283653,,,,,,,,44.24163437,36.55310059,,,,,,,,,3,,,,,0,6,0,,1,,1664802048,1,10.46000004,10.46000004,8.289999962,0.860000014,1024.5,2.019999981,4.650000095,106,0,1664799360,1664841600,0.289999992,,,0,,0,16093,0,281.1000061,,,,0,0.253364116,0,,,,,,,,,,,,
7906227473,"Oct 3, 2022, 5:41:44 PM",Lunch Commute ,Ride,,1885,3.02,,,FALSE,Pete's One Stop ,,activities/7906227473.gpx,,,1885,996,3027.919922,5.697998047,3.040080309,6.334848404,6.334848404,285.2000122,291.7000122,3.074555635,0,,,,,,,,49.49829865,54.969841,,,,,,,,,3,,,,,0,8,0,,1,,1664816384,1,24.30999947,24.30999947,7.980000019,0.349999994,1024.400024,2.24000001,2.890000105,160,0,1664799360,1664841600,0.289999992,,,0,,0,16093,6,282.6000061,,,,0,1.6063236,0,,,,,,,,,,,,
7907226984,"Oct 3, 2022, 8:24:53 PM",Afternoon Commute ,Ride,,8018,1.85,,,FALSE,Shooters and Raider Express ,,activities/7907226984.gpx,,,8018,698,1857,4.347998142,2.660458565,0,0,290.3999939,292.2999878,1.823984742,0,,,,,,,,41.43016052,32.24385071,,,,,,,,,3,,,,,0,5,0,,1,,1664827136,1,28.22999954,28.22999954,6.130000114,0.25,1021.599976,1.700000048,1.909999967,111,0,1664799360,1664841600,0.289999992,,,0,,0,16093,5,281.6000061,,,,0,0.231603891,0,,,,,,,,,,,,
7910058422,"Oct 4, 2022, 12:53:22 PM",Morning Commute ,Ride,,3867,1.98,,,FALSE,Raider Express and Shooters ,,activities/7910058422.gpx,,,3867,784,1979.52002,6.156005859,2.524898052,0,0.100000001,290.2999878,292.2999878,1.887682676,-0.00505173,,,,,,,,50.79193497,44.40028,,,,,,,,,3,,,,,0,6,0,,1,,1664884736,1,11.34000015,11.34000015,7.949999809,0.800000012,1021,2.349999905,4.190000057,143,0,1664885888,1664928000,0.330000013,,,0,,0.100000001,16093,0,284.5,,,,0,0.511900723,0,,,,,,,,,,,,
7911264514,"Oct 4, 2022, 5:25:38 PM",Lunch Commute ,Ride,,711,0.99,,,FALSE,Palluccas ,,activities/7911264514.gpx,,,711,509,990.5700073,6.623999596,1.94611001,0,0,290.3999939,292.2999878,3.06748271,0,,,,,,,,69.70076752,39.55762863,,,,,,,,,3,,,,,0,4,0,,1,,1664902784,1,24.90999985,24.90999985,9.949999809,0.389999986,1021.299988,2.730000019,2.809999943,192,0,1664885888,1664928000,0.330000013,,,0,,0.200000003,16093,5,287.1000061,,,,0,1.393206716,0,,,,,,,,,,,,
7915697130,"Oct 5, 2022, 12:46:16 PM",Morning Commute ,Ride,,8481,1.94,,,FALSE,Raider Express and Shooters ,,activities/7915697130.gpx,,,8481,807,1942.630005,4.191992283,2.407224178,0,0,290.3999939,292.2999878,2.386633396,0,,,,,,,,53.80716324,48.41595459,,,,,,,,,3,,,,,0,6,0,,1,,1664971264,2,12.36999989,12.36999989,6.960000038,0.699999988,1018.700012,2.380000114,5.679999828,190,0,1664972288,1665014272,0.360000014,,,0,,0.319999993,16093,0,290.8999939,,,,0,0.229056716,0,,,,,,,,,,,,
7917433012,"Oct 5, 2022, 8:24:30 PM",Afternoon Commute ,Ride,,1060,1.24,,,FALSE,Palluccas ,,activities/7917433012.gpx,,,1060,765,1244.300049,9.772997856,1.626536012,0,0.100000001,290.3999939,292.2999878,2.958575726,-0.008036647,,,,,,,,70.87677002,60.45611572,,,,,,,,,3,,,,,0,6,0,,1,,1664999936,2,28.43000031,28.43000031,9.619999886,0.310000002,1017,4.300000191,6.159999847,296,0,1664972288,1665014272,0.360000014,,,0,,0.340000004,16093,4,289.3999939,,,,0,1.173867941,0,,,,,,,,,,,,
7917755387,"Oct 5, 2022, 10:01:50 PM",Afternoon Commute ,Ride,,1260,1.98,,,FALSE,Raider Express ,,activities/7917755387.gpx,,,1260,775,1982.22998,9.672009468,2.557716131,0,0,290.2999878,292.2999878,1.932366729,0,,,,,,,,47.64754868,41.17343903,,,,,,,,,3,,,,,0,6,0,,1,,1665007232,2,27.5,27.5,9.409999847,0.319999993,1016.599976,3.579999924,6.119999886,264,0,1664972288,1665014272,0.360000014,,,0,,0.460000008,16093,1,289.5,,,,0,1.573198438,0,,,,,,,,,,,,
7920811553,"Oct 6, 2022, 12:51:36 PM",Morning Commute ,Ride,,7556,2.02,,,FALSE,Raider Express and Shooters ,,activities/7920811553.gpx,,,7556,771,2020.849976,6.522223473,2.621076584,0,0.100000001,290.3999939,292.2999878,2.271013498,-0.004948413,,,,,,,,48.58940887,41.77061462,,,,,,,,,3,,,,,0,6,0,,1,,1665057536,1,10.68999958,10.68999958,8.960000038,0.889999986,1020.200012,1.610000014,2.5,296,0,1665058816,1665100544,0.400000006,,,0,,0.029999999,16093,0,299.2999878,,,,0,0.267449707,0,,,,,,,,,,,,
7923196490,"Oct 6, 2022, 9:37:21 PM",Afternoon Commute ,Ride,,8422,1.91,,,FALSE,Shooters and Raider Express ,,activities/7923196490.gpx,,,8422,743,1914.72998,4.859997749,2.577025652,0,0,290.2999878,292.2999878,2.985075951,0,,,,,,,,49.69800568,41.17206192,,,,,,,,,3,,,,,0,6,0,,1,,1665090048,1,27.12000084,27.12000084,10.98999977,0.370000005,1020.200012,3.730000019,5.809999943,336,0,1665058816,1665100544,0.400000006,,,0,,0.280000001,16093,2,295.2999878,,,,0,0.227348611,0,,,,,,,,,,,,
7926954901,"Oct 7, 2022, 6:31:06 PM",Lunch Commute ,Ride,,2918,1.18,,,FALSE,Shooters ,,activities/7926954901.gpx,,,2918,613,1180.609985,6.492499828,1.925954342,0,0.100000001,290.3999939,292.2999878,2.488595486,-0.008470198,,,,,,,,64.62541199,44.17114639,,,,,,,,,3,,,,,0,5,0,,1,,1665165568,1,17.96999931,17.96999931,3.450000048,0.379999995,1029.800049,5.440000057,7.309999943,19,0,1665145216,1665186816,0.439999998,,,0,,0.159999996,16093,5,295.2999878,,,,0,0.404595613,0,,,,,,,,,,,,
7927653918,"Oct 7, 2022, 10:19:23 PM",Afternoon Commute ,Ride,,3866,1.15,,,FALSE,Shooters ,,activities/7927653918.gpx,,,3866,482,1152.459961,8.472000122,2.390995741,0,0.100000001,290.3999939,292.2999878,2.906977892,-0.008677091,,,,,,,,60.30274963,32.4085083,,,,,,,,,3,,,,,0,4,0,,1,,1665180032,1,17.44000053,17.44000053,2.190000057,0.360000014,1028.5,5.940000057,8.130000114,18,0,1665145216,1665186816,0.439999998,,,0,,0.289999992,16093,1,296.2000122,,,,0,0.298101395,0,,,,,,,,,,,,
7931053025,"Oct 8, 2022, 12:57:45 PM",Morning Commute ,Ride,,6410,1.85,,,FALSE,Raider Express and Shooters ,,activities/7931053025.gpx,,,6410,741,1858.939941,4.739999294,2.508690834,0,0.100000001,290.2999878,292.2999878,2.367798328,-0.00537941,,,,,,,,42.80748367,35.36818314,,,,,,,,,3,,,,,0,6,0,,1,,1665230336,2,5.550000191,4.5,3,0.839999974,1032.699951,1.559999943,3.700000048,46,0,1665231744,1665273216,0.469999999,,,0,,0.540000021,16093,0,298.5,,,,0,0.29000622,0,,,,,,,,,,,,
7933112153,"Oct 8, 2022, 8:51:00 PM",Afternoon Commute ,Ride,,8298,1.12,,,FALSE,Shooters and Raider Express ,,activities/7933112153.gpx,,,8298,514,1128.890015,4.429992676,2.196284056,0,0.100000001,290.3999939,292.2999878,2.901355028,-0.008858259,,,,,,,,49.65075302,28.45534325,,,,,,,,,3,,,,,0,4,0,,1,,1665259264,1,18.54999924,18.54999924,0.25,0.289999992,1028.699951,1.960000038,2.109999895,321,0,1665231744,1665273216,0.469999999,,,0,,0.209999993,16093,4,296.3999939,,,,0,0.136043623,0,,,,,,,,,,,,
7936787756,"Oct 9, 2022, 1:53:26 PM",Morning Walk ,Walk,,1579,1.6,,,FALSE,Raider Express ,,activities/7936787756.gpx,,,1579,1496,1606.380005,9.049998283,1.073783398,0,-1.600000024,290.3999939,292.5,3.012041569,0.099602833,,,,,,,,,201.4346313,,,,,,,,,3,,,,,0,12,0,,1,,1665320448,2,9.270000458,8.289999962,5,0.75,1025.800049,2.059999943,4.579999924,205,0,1665318144,1665359488,0.50999999,,,0,,0.449999988,16093,0,302.1000061,,,,0,1.017340064,0,,,,,,,,,,,,
7941463721,"Oct 10, 2022, 1:00:42 PM",Morning Commute ,Ride,,6654,1.85,,,FALSE,Shooters ,,activities/7941463721.gpx,,,6654,749,1856.119995,5.012860775,2.478130817,0,0,290.3999939,292.2999878,3.115263939,0,,,,,,,,77.60657501,64.81196594,,,,,,,,,3,,,,,0,6,0,,1,,1665406848,2,13.17000008,13.17000008,12.06999969,0.930000007,1021.599976,2.869999886,6.710000038,200,0,1665404672,1665445760,0.540000021,,,0,,0.449999988,16093,0,295.8999939,,,,0,0.278948009,0,,,,,,,,,,,,
7943666252,"Oct 10, 2022, 8:59:56 PM",Afternoon Commute ,Ride,,5981,1.1,,,FALSE,Shooters ,,activities/7943666252.gpx,,,5981,518,1108.810059,5.071105957,2.140559912,0,0,290.3999939,292.2999878,2.82485795,0,,,,,,,,83.66345215,48.32150269,,,,,,,,,3,,,,,0,4,0,,1,,1665432064,2,25.88999939,25.88999939,15.11999989,0.50999999,1018.900024,6.019999981,7.510000229,218,0,1665404672,1665445760,0.540000021,,,0,,0.439999998,16093,3,295.7000122,,,,0,0.185388744,0,,,,,,,,,,,,
7946647093,"Oct 11, 2022, 1:06:03 PM",Morning Commute ,Ride,,5860,1.05,,,FALSE,Shooters ,,activities/7946647093.gpx,,,5860,538,1051.170044,4.643999577,1.953847647,0,0.100000001,290.3999939,292.2999878,3.505695581,-0.009513209,,,,,,,,67.39404297,40.4276619,,,,,,,,,3,,,,,0,4,0,,1,,1665493248,3,17.13999939,17.29999924,15.69999981,0.910000026,1017.400024,5.150000095,12.89000034,178,0,1665491072,1665532160,0.569999993,,,0,,0.949999988,16093,0,286.5,,,,0,0.179380551,0,,,,,,,,,,,,
7949312705,"Oct 11, 2022, 9:17:46 PM",Evening Commute ,Ride,,10661,1.06,,,FALSE,Shooters ,,activities/7949312705.gpx,,,10661,542,1067.550049,3.917993069,1.969649553,0,0,290.3999939,292.2999878,3.300298214,0,,,,,,,,57.81345749,34.9384079,,,,,,,,,3,,,,,0,4,0,,1,,1665522048,2,21.72999954,21.92000008,17.14999962,0.75,1013,7.920000076,10.89000034,187,0,1665491072,1665532160,0.569999993,,,0,,0.850000024,16093,2,288.1000061,,,,0,0.100136012,0,,,,,,,,,,,,
7954156379,"Oct 12, 2022, 8:35:33 PM",Afternoon Commute ,Ride,,3027,1.87,,,FALSE,Shooters ,,activities/7954156379.gpx,,,3027,756,1869.560059,4.679998875,2.472963095,0,0,290.2999878,292.2999878,2.902757883,0,,,,,,,,54.67538071,46.08806229,,,,,,,,,3,,,,,0,6,0,,1,,1665604864,1,22.94000053,22.94000053,4.53000021,0.300000012,1012.599976,6.019999981,8.399999619,334,0,1665577472,1665618432,0.610000014,,,0,,0.039999999,16093,4,294.5,,,,0,0.617628038,0,,,,,,,,,,,,
7957157635,"Oct 13, 2022, 12:54:28 PM",Morning Commute ,Ride,,6578,1.94,,,FALSE,Raider Express and Shooters ,,activities/7957157635.gpx,,,6578,772,1945.48999,4.961999416,2.520064831,0,0.100000001,290.3999939,292.2999878,2.508363008,-0.005140093,,,,,,,,49.9011879,42.95394516,,,,,,,,,3,,,,,0,6,0,,1,,1665662464,1,8.149999619,6.260000229,3.369999886,0.720000029,1016.900024,3.039999962,6.960000038,270,0,1665664000,1665704704,0.639999986,,,0,,0.209999993,16093,0,295.3999939,,,,0,0.295757055,0,,,,,,,,,,,,
7959222380,"Oct 13, 2022, 7:55:21 PM",Afternoon Commute ,Ride,,10844,1.08,,,FALSE,Shooters ,,activities/7959222380.gpx,,,10844,519,1080.719971,4.199987888,2.082312107,0,0,290.3999939,292.2999878,3.024192572,0,,,,,,,,55.40017319,32.05924988,,,,,,,,,3,,,,,0,4,0,,1,,1665687552,1,20.62999916,20.62999916,-2.289999962,0.209999993,1015.400024,7.789999962,14.03999996,295,0,1665664000,1665704704,0.639999986,,,0,,0.02,16093,5,297.5,,,,0,0.099660642,0,,,,,,,,,,,,
7962043192,"Oct 14, 2022, 12:54:52 PM",Morning Commute ,Ride,,7879,2.88,,,FALSE,Raider Express and Shooters ,,activities/7962043192.gpx,,,7879,2336,2886.580078,9.364013672,1.235693574,0,0,290.3999939,292.3999939,4.950447083,0,,,,,,,,59.70357513,155.5063171,,,,,,,,,3,,,,,0,19,0,,1,,1665748736,1,3.410000086,1.470000029,-0.270000011,0.769999981,1012.599976,2.039999962,4.050000191,224,0,1665750400,1665790976,0.670000017,,,0,,0.01,16093,0,307.8999939,,,,0,0.366363764,0,,,,,,,,,,,,
7963524982,"Oct 14, 2022, 8:43:12 PM",Afternoon Commute ,Ride,,5914,1.11,,,FALSE,Shooters ,,activities/7963524982.gpx,,,5914,505,1118.400024,5.530003071,2.214653492,0,0,290.3999939,292.2999878,3.012047529,0,,,,,,,,46.27425385,26.05587387,,,,,,,,,3,,,,,0,4,0,,1,,1665777664,1,25.52000046,25.52000046,-2.269999981,0.159999996,1007.299988,8.380000114,13.56999969,246,0,1665750400,1665790976,0.670000017,,,0,,0.129999995,16093,3,307.5,,,,0,0.189110592,0,,,,,,,,,,,,
7966949078,"Oct 15, 2022, 12:52:10 PM",Morning Commute ,Ride,,6657,1.9,,,FALSE,Raider Express and Shooters ,,activities/7966949078.gpx,,,6657,777,1904.560059,6.422500134,2.45117116,0,0.100000001,290.3999939,292.2999878,3.507234097,-0.005250556,,,,,,,,53.79032135,46.60151672,,,,,,,,,3,,,,,0,6,0,,1,,1665835264,1,7.75,5.349999905,4.190000057,0.779999971,1014.400024,3.799999952,7.820000172,53,0,1665836928,1665877376,0.699999988,,,0,,0.119999997,16093,0,311.8999939,,,,0,0.286098838,0,,,,,,,,,,,,
7968407684,"Oct 15, 2022, 5:28:08 PM",Afternoon Commute ,Ride,,8014,1.83,,,FALSE,Shooters ,,activities/7968407684.gpx,,,8014,573,1835.069946,18.86099243,3.202565432,0,0.100000001,290.3999939,292.2999878,2.734730721,-0.005449384,,,,,,,,95.69342041,61.13805008,,,,,,,,,3,,,,,0,4,0,,1,,1665853184,1,19,19,1.629999995,0.310000002,1015.900024,3.720000029,4.929999828,82,0,1665836928,1665877376,0.699999988,,,0,,0.159999996,16093,4,309.2000122,,,,0,0.22898303,0,,,,,,,,,,,,
7968976439,"Oct 15, 2022, 8:45:12 PM",Afternoon Commute ,Ride,,8535,1.84,,,FALSE,Shooters ,,activities/7968976439.gpx,,,8535,756,1845.699951,4.769995213,2.441401958,0,0,290.3999939,292.2999878,2.656041145,0,,,,,,,,54.73952866,46.14213943,,,,,,,,,3,,,,,0,6,0,,1,,1665863936,2,23.62999916,23.62999916,2.210000038,0.25,1014.700012,1.470000029,2.430000067,95,0,1665836928,1665877376,0.699999988,,,0,,0.400000006,16093,3,306.7000122,,,,0,0.216250733,0,,,,,,,,,,,,
7977296335,"Oct 17, 2022, 12:57:12 PM",Morning Commute ,Ride,,5722,1.87,,,FALSE,Raider Express and Shooters ,,activities/7977296335.gpx,,,5722,819,1873.810059,10.78200722,2.28792429,0,0,290.3999939,292.2999878,2.652519941,0,,,,,,,,57.29215622,52.31833649,,,,,,,,,3,,,,,0,6,0,,1,,1666008064,1,3.190000057,0.219999999,-1.559999943,0.709999979,1023.099976,3.150000095,7.71999979,343,0,1666009856,1666050048,0.75999999,,,0,,0.039999999,16093,0,296.2000122,,,,0,0.327474684,0,,,,,,,,,,,,
7979510977,"Oct 17, 2022, 7:54:04 PM",Afternoon Commute ,Ride,,10961,1.09,,,FALSE,Shooters ,,activities/7979510977.gpx,,,10961,521,1090.660034,4.835998535,2.093397379,0,0,290.3999939,292.2999878,1.97044301,0,,,,,,,,51.31104279,29.80735397,,,,,,,,,3,,,,,0,4,0,,1,,1666033152,1,12.38000011,12.38000011,-9.359999657,0.209999993,1024,5.730000019,8.020000458,328,0,1666009856,1666050048,0.75999999,,,0,,0.02,16093,5,294.2999878,,,,0,0.099503696,0,,,,,,,,,,,,
7982473336,"Oct 18, 2022, 1:00:18 PM",Morning Commute ,Ride,,6347,1.91,,,FALSE,Raider Express and Shooters ,,activities/7982473336.gpx,,,6347,868,1912.130005,3.865333557,2.202914715,0,0,290.3999939,292.2999878,2.5,0,,,,,,,,49.6654129,48.06718063,,,,,,,,,3,,,,,0,7,0,,1,,1666098048,1,-3.089999914,-7.480000019,-10.61999989,0.560000002,1027.599976,3.279999971,7.769999981,349,0,1666096256,1666136320,0.790000021,,,0,,0,16093,0,288.7999878,,,,0,0.30126518,0,,,,,,,,,,,,
7984873681,"Oct 18, 2022, 8:13:30 PM",Afternoon Commute ,Ride,,10252,1.12,,,FALSE,Shooters ,,activities/7984873681.gpx,,,10252,508,1123.939941,4.056005955,2.212480307,0,0,290.3999939,292.2999878,2.754820108,0,,,,,,,,63.36009216,35.88842392,,,,,,,,,3,,,,,0,4,0,,1,,1666123264,1,8.029999733,5.190000057,-14.34000015,0.189999998,1027.400024,4.849999905,5.760000229,357,0,1666096256,1666136320,0.790000021,,,0,,0,16093,3,297.2999878,,,,0,0.109631285,0,,,,,,,,,,,,
7992660654,"Oct 20, 2022, 12:44:25 PM",Morning Commute ,Ride,,7754,2.34,,,FALSE,Raider Express and Shooters ,,activities/7992660654.gpx,,,7754,1228,2339.870117,19.4458313,1.905431747,0,0,290.3999939,292.5,3.533572912,0,,,,,,,,80.56262207,110.3079529,,,,,,,,,3,,,,,0,10,0,,1,,1666267136,1,2.029999971,-0.660000026,-2.859999895,0.699999988,1015.900024,2.539999962,6.329999924,212,0,1666269184,1666308992,0.850000024,,,0,,0.039999999,16093,0,300.6000061,,,,0,0.301762968,0,,,,,,,,,,,,
7994633785,"Oct 20, 2022, 9:12:24 PM",Afternoon Commute ,Ride,,5821,1.89,,,FALSE,Shooters and Raider Express ,,activities/7994633785.gpx,,,5821,759,1889.640015,4.755981445,2.489644289,0,0,290.3999939,292.2999878,1.850139141,0,,,,,,,,58.653759,49.63779831,,,,,,,,,3,,,,,0,6,0,,1,,1666299648,1,23.47999954,23.47999954,-0.189999998,0.209999993,1011.900024,4.570000172,6.429999828,245,0,1666269184,1666308992,0.850000024,,,0,,0.01,16093,2,294.2999878,,,,0,0.324624628,0,,,,,,,,,,,,
7997227017,"Oct 21, 2022, 12:58:10 PM",Morning Commute ,Ride,,6749,1.92,,,FALSE,Raider Express and Shooters ,,activities/7997227017.gpx,,,6749,853,1921.640015,3.773998976,2.252801895,0,0.100000001,290.3999939,292.2999878,2.208485126,-0.005203888,,,,,,,,53.77083588,51.14117432,,,,,,,,,3,,,,,0,7,0,,1,,1666353664,1,8.239999771,5.78000021,5.010000229,0.800000012,1010.400024,4.119999886,9.729999542,195,0,1666355584,1666395264,0.879999995,,,0,,0.029999999,16093,0,277.7000122,,,,0,0.2847296,0,,,,,,,,,,,,
7998096667,"Oct 21, 2022, 5:22:08 PM",Lunch Commute ,Ride,,3214,1.84,,,FALSE,Shooters ,,activities/7998096667.gpx,,,3214,805,1839.400024,4.46599102,2.284969091,0,0.100000001,290.3999939,292.2999878,2.843600988,-0.005436555,,,,,,,,55.54879379,49.85921097,,,,,,,,,3,,,,,0,6,0,,1,,1666371584,1,22.32999992,22.32999992,5.429999828,0.330000013,1010,7.389999866,11.57999992,200,0,1666355584,1666395264,0.879999995,,,0,,0.039999999,16093,4,280,,,,0,0.57230866,0,,,,,,,,,,,,
7998869021,"Oct 21, 2022, 8:29:42 PM",Afternoon Commute ,Ride,,8210,1.25,,,FALSE,Shooters and Palluccas ,,activities/7998869021.gpx,,,8210,681,1249.51001,3.657995701,1.834816456,0,0,290.3999939,292.2999878,3.115264416,0,,,,,,,,64.35032654,48.86217117,,,,,,,,,3,,,,,0,5,0,,1,,1666382336,1,28.14999962,28.14999962,1.820000052,0.180000007,1006.200012,7.940000057,10.60000038,203,0,1666355584,1666395264,0.879999995,,,0,,0.039999999,16093,3,286.2999878,,,,0,0.152193666,0,,,,,,,,,,,,
8002244206,"Oct 22, 2022, 12:49:50 PM",Morning Commute ,Ride,,6992,1.21,,,FALSE,Raider Express and Shooters ,,activities/8002244206.gpx,,,6992,583,1210.890015,7.055993557,2.076998234,0,0,290.3999939,292.2999878,1.937984586,0,,,,,,,,51.41187668,33.4200325,,,,,,,,,3,,,,,0,4,0,,1,,1666439936,2,17.78000069,17.78000069,10.81999969,0.639999986,1003.599976,7.269999981,13.14999962,182,0,1666442112,1666481664,0.920000017,,,0,,0.479999989,16093,0,286.2000122,,,,0,0.173182204,0,,,,,,,,,,,,
8003583958,"Oct 22, 2022, 6:08:16 PM",Lunch Commute ,Ride,,3372,1.19,,,FALSE,Shooters ,,activities/8003583958.gpx,,,3372,642,1189.26001,5.271996975,1.852429867,0,0,290.3999939,292.2999878,3.222342491,0,,,,,,,,68.40766144,48.9682579,,,,,,,,,3,,,,,0,5,0,,1,,1666461568,1,24.54000092,24.54000092,13.11999989,0.49000001,1003.5,10.63000011,14.93000031,187,0,1666442112,1666481664,0.920000017,,,0,,0.159999996,16093,5,281.1000061,,,,0,0.352686822,0,,,,,,,,,,,,
8008045057,"Oct 23, 2022, 2:57:36 PM",Morning Walk ,Walk,,758,0.61,,,FALSE,Raider Express ,,activities/8008045057.gpx,,,758,758,614.9199829,2.130000114,0.811240077,0,-1.600000024,290.3999939,292.2999878,2.141324997,0.260196447,,,,,,,,,77.10888672,,,,,,,,,3,,,,,0,6,0,,1,,1666533632,8,20.70999908,20.70999908,15.23999977,0.709999979,1005.400024,10.81999969,19.43000031,191,0,1666528512,1666567936,0.949999988,,,0,,0.469999999,16093,1,267.5,,,,0,0.811240077,0,,,,,,,,,,,,
8012372812,"Oct 24, 2022, 12:53:16 PM",Morning Walk ,Walk,,8096,0.75,,,FALSE,Raider Express and Shooters ,,activities/8012372812.gpx,,,8096,945,752.7699585,2.944999695,0.796581984,0,-1.600000024,290.5,292.2999878,2.06185627,0.21254833,,,,,,,,,94.39481354,,,,,,,,,3,,,,,0,7,0,,1,,1666612736,5,21.81999969,21.93000031,16.48999977,0.720000029,1006.5,7.369999886,15.78999996,180,1.284600019,1666615040,1666654208,0.99000001,,,1,5,0.860000014,16093,0,258.3999939,,,,0,0.092980482,0,,,,,,,,,,,,
8017041049,"Oct 25, 2022, 1:03:13 PM",Morning Commute ,Ride,,3952,1.13,,,FALSE,Raider Express and Shooters ,,activities/8017041049.gpx,,,3952,621,1132.73999,3.629004002,1.824057937,0,0,290.3999939,292.2999878,3.095993996,0,,,,,,,,55.94500732,38.73716354,,,,,,,,,3,,,,,0,5,0,,1,,1666702848,3,7.489999771,3.569999933,7.489999771,1,1007.099976,7.449999809,14.64000034,9,0,1666701440,1666740608,0.02,,,0,,0.920000017,13103,0,269.2000122,,,,0,0.286624491,0,,,,,,,,,,,,
8019456160,"Oct 25, 2022, 9:09:13 PM",Afternoon Commute ,Ride,,5193,1.13,,,FALSE,Shooters ,,activities/8019456160.gpx,,,5193,493,1137.900024,4.10681963,2.308113575,0,0.100000001,290.3999939,292.2999878,1.819835901,-0.008788118,,,,,,,,52.67731857,28.95645714,,,,,,,,,3,,,,,0,4,0,,1,,1666731648,1,13.68999958,13.68999958,4.829999924,0.550000012,1010.400024,5.769999981,10.11999989,321,0,1666701440,1666740608,0.02,,,0,,0.25,16093,2,280.8999939,,,,0,0.219121903,0,,,,,,,,,,,,
8022589118,"Oct 26, 2022, 12:53:18 PM",Morning Commute ,Ride,,8545,1.19,,,FALSE,Raider Express and Shooters ,,activities/8022589118.gpx,,,8545,558,1193.47998,4.914001465,2.138853073,0,0,290.3999939,292.2999878,1.959823251,0,,,,,,,,60.45996094,37.61637497,,,,,,,,,3,,,,,0,4,0,,1,,1666785536,1,2.680000067,1.460000038,0.5,0.860000014,1018.400024,1.389999986,4.610000134,291,0,1666787968,1666826880,0.059999999,,,0,,0.029999999,16093,0,265.1000061,,,,0,0.139669985,0,,,,,,,,,,,,
8024456471,"Oct 26, 2022, 8:19:03 PM",Afternoon Commute ,Ride,,5631,1.23,,,FALSE,Shooters and Palluccas ,,activities/8024456471.gpx,,,5631,619,1229.77002,4.867502689,1.98670435,0,0,290.3999939,292.2999878,2.874938726,0,,,,,,,,75.55438995,52.14650345,,,,,,,,,3,,,,,0,5,0,,1,,1666814464,1,17.56999969,17.56999969,3.200000048,0.379999995,1018.700012,2.49000001,3.319999933,84,0,1666787968,1666826880,0.059999999,,,0,,0,16093,3,264.8999939,,,,0,0.218392834,0,,,,,,,,,,,,
8027353034,"Oct 27, 2022, 12:41:32 PM",Morning Commute ,Ride,,5776,1.15,,,FALSE,Raider Express and Shooters ,,activities/8027353034.gpx,,,5776,588,1151,3.923999071,1.957482934,0,0,290.3999939,292.2999878,2.732260466,0,,,,,,,,59.07679367,38.73192978,,,,,,,,,3,,,,,0,4,0,,1,,1666872064,2,6.429999828,3.630000114,2.549999952,0.75999999,1018.5,3.980000019,10.17000008,123,0,1666874368,1666913280,0.100000001,,,0,,0.49000001,16093,0,269.2000122,,,,0,0.199272856,0,,,,,,,,,,,,
8028270205,"Oct 27, 2022, 5:02:47 PM",Lunch Commute ,Ride,,640,1.2,,,FALSE,Palluccas ,,activities/8028270205.gpx,,,640,592,1205.800049,7.691660404,2.036824465,0,0.100000001,290.3999939,292.2999878,1.994018197,-0.008293249,,,,,,,,67.33444214,44.44612122,,,,,,,,,3,,,,,0,4,0,,1,,1666889984,2,14.71000004,14.71000004,5.429999828,0.540000021,1020.299988,5.929999828,8.180000305,140,0,1666874368,1666913280,0.100000001,,,0,,0.349999994,16093,4,270.8999939,,,,0,1.884062529,0,,,,,,,,,,,,
8029722067,"Oct 27, 2022, 9:24:08 PM",Afternoon Commute ,Ride,,7396,1.13,,,FALSE,Shooters ,,activities/8029722067.gpx,,,7396,567,1134.310059,4.194006443,2.000546932,0,0,290.3999939,292.2999878,3.311257839,0,,,,,,,,65.1259613,41.17295837,,,,,,,,,3,,,,,0,4,0,,1,,1666904448,2,18.37000084,18.37000084,3.660000086,0.379999995,1017.599976,5.21999979,6.800000191,120,0,1666874368,1666913280,0.100000001,,,0,,0.680000007,16093,1,274.1000061,,,,0,0.153368041,0,,,,,,,,,,,,
8032414079,"Oct 28, 2022, 12:57:18 PM",Morning Commute ,Ride,,7911,1.14,,,FALSE,Raider Express and Shooters ,,activities/8032414079.gpx,,,7911,585,1145.349976,4.376666546,1.957863212,0,0.100000001,290.3999939,292.2999878,3.021150351,-0.008730955,,,,,,,,54.24065399,35.37982178,,,,,,,,,3,,,,,0,4,0,,1,,1666958336,1,5.690000057,4.260000229,2.299999952,0.790000021,1023,1.919999957,3.470000029,76,0,1666960896,1666999552,0.129999995,,,0,,0.310000002,16093,0,299.5,,,,0,0.144779414,0,,,,,,,,,,,,
8033550689,"Oct 28, 2022, 7:07:41 PM",Lunch Commute ,Ride,,2467,1.12,,,FALSE,Shooters ,,activities/8033550689.gpx,,,2467,606,1121.420044,3.972503662,1.850528121,0,0,290.3999939,292.2999878,1.86915946,0,,,,,,,,62.91905975,42.51377869,,,,,,,,,3,,,,,0,5,0,,1,,1666983552,2,17.52000046,17.52000046,4.960000038,0.430000007,1024.199951,5.25,7.360000134,51,0,1666960896,1666999552,0.129999995,,,0,,0.360000014,16093,3,301.2999878,,,,0,0.454568326,0,,,,,,,,,,,,
8034180158,"Oct 28, 2022, 9:55:15 PM",Afternoon Commute ,Ride,,5541,1.14,,,FALSE,Shooters ,,activities/8034180158.gpx,,,5541,543,1147.430054,7.84375,2.113130808,0,0,290.3999939,292.2999878,1.910219431,0,,,,,,,,62.35496902,37.75250244,,,,,,,,,3,,,,,0,4,0,,1,,1666990848,2,18.71999931,18.71999931,3.599999905,0.370000005,1023.599976,5.050000191,6.360000134,62,0,1666960896,1666999552,0.129999995,,,0,,0.319999993,16093,1,297.5,,,,0,0.207079962,0,,,,,,,,,,,,
8037475383,"Oct 29, 2022, 12:59:59 PM",Morning Commute ,Ride,,6751,1.15,,,FALSE,Raider Express and Shooters ,,activities/8037475383.gpx,,,6751,581,1152.5,3.818005323,1.983648896,0,0,290.3999939,292.2999878,3.322261095,0,,,,,,,,63.50345993,41.13849258,,,,,,,,,3,,,,,0,4,0,,1,,1667044864,2,9.06000042,7.480000019,5.099999905,0.75999999,1022.5,2.839999914,5.119999886,59,0,1667047296,1667085952,0.170000002,,,0,,0.560000002,16093,0,294,,,,0,0.170715451,0,,,,,,,,,,,,
8047826935,"Oct 31, 2022, 12:48:01 PM",Morning Commute ,Ride,,6539,1.19,,,FALSE,Raider Express and Shooters ,,activities/8047826935.gpx,,,6539,582,1189.469971,5.196666718,2.043762922,0,0,290.3999939,292.2999878,1.990545511,0,,,,,,,,55.21414948,35.83011627,,,,,,,,,3,,,,,0,4,0,,1,,1667217664,2,8.430000305,7.760000229,7.929999828,0.970000029,1014,1.600000024,2.49000001,244,0,1667220224,1667258624,0.239999995,,,0,,0.680000007,15866,0,294.3999939,,,,0,0.181903958,0,,,,,,,,,,,,
8049844512,"Oct 31, 2022, 8:16:47 PM",Afternoon Commute ,Ride,,9319,1.1,,,FALSE,Shooters and Raider Express ,,activities/8049844512.gpx,,,9319,615,1104.140015,3.721997023,1.795349598,0,0,290.3999939,292.2999878,1.890360236,0,,,,,,,,61.21220779,41.97474289,,,,,,,,,3,,,,,0,5,0,,1,,1667246336,1,21.13999939,21.13999939,7.829999924,0.419999987,1014.099976,3.329999924,5.150000095,244,0,1667220224,1667258624,0.239999995,,,0,,0.029999999,16093,3,294.8999939,,,,0,0.118482672,0,,,,,,,,,,,,
8057908420,"Nov 2, 2022, 1:06:25 PM",Morning Commute ,Ride,,6148,1.21,,,FALSE,Raider Express and Shooters ,,activities/8057908420.gpx,,,6148,661,1209.069946,3.86000061,1.829152703,0,0.100000001,290.3999939,292.2999878,2.64552474,-0.00827082,,,,,,,,65.79696655,48.49335098,,,,,,,,,3,,,,,0,5,0,,1,,1667394048,1,11,11,8.850000381,0.870000005,1022.400024,4.070000172,9.199999809,171,0,1667393152,1667431296,0.319999993,,,0,,0.02,16093,0,275.6000061,,,,0,0.196660697,0,,,,,,,,,,,,
8058918066,"Nov 2, 2022, 6:03:54 PM",Lunch Commute ,Ride,,814,0.97,,,FALSE,Palluccas ,,activities/8058918066.gpx,,,814,498,974.0200195,3.849999905,1.955863476,0,0,290.3999939,292.2999878,2.09863615,0,,,,,,,,74.08650208,41.13801575,,,,,,,,,3,,,,,0,4,0,,1,,1667411968,1,20.87000084,20.87000084,12.46000004,0.589999974,1021.200012,7.300000191,10.27000046,188,0,1667393152,1667431296,0.319999993,,,0,,0.159999996,16093,4,275.5,,,,0,1.196584821,0,,,,,,,,,,,,
8078299626,"Nov 6, 2022, 3:45:35 PM",Morning Walk ,Walk,,726,0.61,,,FALSE,Raider Express ,,activities/8078299626.gpx,,,726,726,618.8499756,2.899993896,0.852410436,0,-1.5,290.5,292.2999878,2.066115618,0.242385074,,,,,,,,,77.60169983,,,,,,,,,3,,,,,0,6,0,,1,,1667746816,2,11.88000011,11.88000011,7.28000021,0.730000019,1012.299988,4.050000191,10.10999966,193,0,1667739008,1667776640,0.449999988,,,0,,0.379999995,16093,1,256.7000122,,,,0,0.852410436,0,,,,,,,,,,,,
8088159225,"Nov 8, 2022, 5:17:59 PM",Lunch Walk ,Walk,,2673,1.32,,,FALSE,Voting and Palluccas ,,activities/8088159225.gpx,,,2673,1407,1323.660034,8.973999023,0.940767586,2,2,290.2999878,292.2999878,3.100769281,0,,,,,,,,,165.9824982,,,,,,,,,3,,,,,0,11,0,,1,,1667926784,5,14.26000023,14.26000023,12.89000034,0.920000017,1026.699951,3.789999962,7.409999847,131,2.518300056,1667911936,1667949312,0.519999981,,,1,5,0.970000029,14671,3,243,,,,0,0.495196432,0,,,,,,,,,,,,
8091959441,"Nov 9, 2022, 1:14:12 PM",Morning Commute ,Ride,,1172,1.21,,,FALSE,Raider Express ,,activities/8091959441.gpx,,,1172,547,1215.530029,4.826666355,2.222175598,0,0,290.3999939,292.2999878,1.8761729,0,,,,,,,,56.89945602,34.70326233,,,,,,,,,3,,,,,0,4,0,,1,,1667998848,2,16.19000053,16.37000084,15.52999973,0.959999979,1022.099976,3.799999952,10.39000034,174,0,1667998464,1668035584,0.550000012,,,0,,0.409999996,16093,0,239.3999939,,,,0,1.037141681,0,,,,,,,,,,,,
8094002812,"Nov 9, 2022, 7:10:07 PM",Lunch Walk ,Walk,,1982,1.05,,,FALSE,Via Christi Heart Clinic to Walmart ,,activities/8094002812.gpx,,,1982,836,1049.51001,15.04820538,1.255394697,4.860000134,0.660000026,273.6000061,278.8999939,4.322764874,0.400186747,,,,,,,,,131.605011,,,,,,,,,3,,,,,0,6,0,,1,,1668020352,2,24.04999924,24.40999985,18.89999962,0.730000019,1018.799988,7.559999943,11.92000008,192,0,1667998336,1668035584,0.550000012,,,0,,0.479999989,16093,3,241.6999969,,,,0,0.52952069,0,,,,,,,,,,,,
8098120302,"Nov 10, 2022, 6:24:53 PM",Lunch Commute ,Ride,,664,0.95,,,FALSE,Palluccas ,,activities/8098120302.gpx,,,664,499,954.1300049,4.017999172,1.912084222,0,0,290.3999939,292.2999878,2.906974792,0,,,,,,,,66.21403503,36.84049606,,,,,,,,,3,,,,,0,4,0,,1,,1668103168,2,22.40999985,22.63999939,17.57999992,0.74000001,1011.599976,8.170000076,12.68000031,203,0,1668084864,1668121984,0.579999983,,,0,,0.680000007,16093,3,244.1999969,,,,0,1.436942816,0,,,,,,,,,,,,
8101940262,"Nov 11, 2022, 2:28:50 PM",Morning Commute ,Ride,,1440,1.16,,,FALSE,Raider Express ,,activities/8101940262.gpx,,,1440,565,1161.5,3.718000889,2.055752277,0,0,290.3999939,292.2999878,1.805869579,0,,,,,,,,48.97180176,30.85100937,,,,,,,,,3,,,,,0,4,0,,1,,1668175232,2,-0.649999976,-6.769999981,-4.800000191,0.730000019,1020.099976,7.039999962,11.59000015,353,0,1668171392,1668208384,0.620000005,,,0,,0.430000007,16093,0,257.2000122,,,,0,0.806597233,0,,,,,,,,,,,,
8107149228,"Nov 12, 2022, 2:39:38 PM",Morning Commute ,Ride,,2308,1.32,,,FALSE,Raider Express ,,activities/8107149228.gpx,,,2308,607,1320.76001,6.595995903,2.175881386,0,0,290.3999939,292.6000061,4.088597775,0,,,,,,,,56.80750275,38.44760132,,,,,,,,,3,,,,,0,5,0,,1,,1668261632,1,-3.440000057,-8.710000038,-8.010000229,0.709999979,1026.300049,4.269999981,8.069999695,331,0,1668257792,1668294656,0.649999976,,,0,,0.159999996,16093,0,284.2000122,,,,0,0.572253048,0,,,,,,,,,,,,
8109040775,"Nov 12, 2022, 9:12:35 PM",Afternoon Commute ,Ride,,7021,1.21,,,FALSE,Shooters ,,activities/8109040775.gpx,,,7021,663,1212.77002,3.698001146,1.829215765,0,0,290.3999939,292.2999878,1.896635175,0,,,,,,,,60.91942215,45.03437805,,,,,,,,,3,,,,,0,5,0,,1,,1668286848,1,2,-2.150000095,-5.420000076,0.579999983,1026.5,4.539999962,6.289999962,321,0,1668257792,1668294656,0.649999976,,,0,,0.200000003,16093,1,271.7999878,,,,0,0.172734663,0,,,,,,,,,,,,
8113109857,"Nov 13, 2022, 3:56:08 PM",Morning Walk ,Walk,,719,0.65,,,FALSE,Raider Express ,,activities/8113109857.gpx,,,719,719,652.6599731,4.820000172,0.907732904,0,-1.5,290.5,292.2999878,2.86533761,0.229828715,,,,,,,,,81.84135437,,,,,,,,,3,,,,,0,5,0,,1,,1668351616,2,-3.690000057,-7.449999809,-7.090000153,0.769999981,1030.300049,2.539999962,3.369999886,116,0,1668344320,1668381056,0.680000007,,,0,,0.430000007,16093,1,283.7999878,,,,0,0.907732904,0,,,,,,,,,,,,
8117070175,"Nov 14, 2022, 1:50:06 PM",Morning Commute ,Ride,,5792,1.22,,,FALSE,Raider Express and Shooters ,,activities/8117070175.gpx,,,5792,618,1228.060059,5.279091358,1.987152219,0,0,290.3999939,292.2999878,2.793295383,0,,,,,,,,54.94254684,37.85926056,,,,,,,,,3,,,,,0,5,0,,1,,1668430848,6,-1.539999962,-5.539999962,-4.550000191,0.800000012,1023.400024,3.210000038,6.21999979,137,0.0634,1668430720,1668467456,0.709999979,,,1,6,0.540000021,16093,0,299.5,,,,0,0.212026939,0,,,,,,,,,,,,
8119049252,"Nov 14, 2022, 10:00:57 PM",Afternoon Commute ,Ride,,4790,1.11,,,FALSE,Shooters ,,activities/8119049252.gpx,,,4790,578,1109.319946,3.469998121,1.919238687,0,0,290.3999939,292.2999878,2.777749538,0,,,,,,,,56.45184708,36.38151932,,,,,,,,,3,,,,,0,4,0,,1,,1668463232,3,4.78000021,2.940000057,-1.389999986,0.639999986,1020.5,2.170000076,3,61,0,1668430720,1668467456,0.709999979,,,0,,0.99000001,16093,0,295.8999939,,,,0,0.231590807,0,,,,,,,,,,,,
8121941900,"Nov 15, 2022, 1:43:06 PM",Morning Commute ,Ride,,8036,1.22,,,FALSE,Raider Express and Shooters ,,activities/8121941900.gpx,,,8036,642,1225.27002,5.281433105,1.908520222,0,0,290.3999939,292.2999878,2.785541773,0,,,,,,,,59.79780579,42.80506516,,,,,,,,,3,,,,,0,5,0,,1,,1668517248,3,0.379999995,-2.710000038,-1.110000014,0.899999976,1025.5,2.640000105,5,299,0,1668517248,1668553856,0.74000001,,,0,,0.939999998,14373,0,289.7999878,,,,0,0.15247263,0,,,,,,,,,,,,
8123944094,"Nov 15, 2022, 10:11:36 PM",Afternoon Commute ,Ride,,5507,1.51,,,FALSE,Shooters ,,activities/8123944094.gpx,,,5507,563,1512.589966,12.28800011,2.686660767,0,0.200000003,290.3999939,292.5,2.60416913,-0.013222354,,,,,,,,66.64176941,41.83403397,,,,,,,,,3,,,,,0,4,0,,1,,1668549632,2,4.820000172,1.309999943,-1.340000033,0.639999986,1027.599976,4.590000153,7.579999924,315,0,1668517248,1668553856,0.74000001,,,0,,0.319999993,16093,0,287.7999878,,,,0,0.274666786,0,,,,,,,,,,,,
8126655592,"Nov 16, 2022, 1:32:46 PM",Morning Commute ,Ride,,8645,1.16,,,FALSE,Raider Express and Shooters ,,activities/8126655592.gpx,,,8645,598,1162.290039,5.246666431,1.943628788,0,0.100000001,290.3999939,292.2999878,3.039534092,-0.008603704,,,,,,,,45.76008987,30.51145554,,,,,,,,,3,,,,,0,4,0,,1,,1668603648,2,-2.619999886,-6.090000153,-5.260000229,0.819999993,1030.599976,2.460000038,5.199999809,279,0,1668603648,1668640128,0.769999981,,,0,,0.449999988,16093,0,297.2999878,,,,0,0.134446502,0,,,,,,,,,,,,
8130934797,"Nov 17, 2022, 1:45:53 PM",Morning Commute ,Ride,,4518,1.17,,,FALSE,Raider Express and Shooters ,,activities/8130934797.gpx,,,4518,615,1174.410034,4.049999714,1.909609795,0,0,290.3999939,292.2999878,1.930501819,0,,,,,,,,62.2832489,42.70917892,,,,,,,,,3,,,,,0,5,0,,1,,1668690048,2,-5.050000191,-9.699999809,-7.239999771,0.850000024,1030,3.119999886,5.730000019,217,0,1668690176,1668726528,0.800000012,,,0,,0.610000014,16093,0,291.6000061,,,,0,0.259940237,0,,,,,,,,,,,,
8131732813,"Nov 17, 2022, 6:11:17 PM",Lunch Commute ,Ride,,666,1.04,,,FALSE,Palluccas ,,activities/8131732813.gpx,,,666,572,1043.459961,5.129004002,1.824230671,0,0,290.3999939,292.2999878,1.880584002,0,,,,,,,,64.83821106,41.35251617,,,,,,,,,3,,,,,0,4,0,,1,,1668707968,2,6.699999809,3.230000019,-2.849999905,0.50999999,1028.199951,5.550000191,7.809999943,242,0,1668690176,1668726528,0.800000012,,,0,,0.620000005,16093,3,288.3999939,,,,0,1.566756725,0,,,,,,,,,,,,
8132984527,"Nov 17, 2022, 10:49:01 PM",Afternoon Commute ,Ride,,4320,2.74,,,FALSE,Shooters ,,activities/8132984527.gpx,,,4320,2381,2745.310059,14.67800331,1.15300715,2.086363554,2.086363554,290.3999939,292.6000061,3.300298214,0,,,,,,,,48.08456039,127.6556091,,,,,,,,,3,,,,,0,19,0,,1,,1668722432,2,6.179999828,3.210000038,-1.809999943,0.569999993,1026.699951,4.179999828,6.510000229,306,0,1668690176,1668726528,0.800000012,,,0,,0.689999998,16093,0,287,,,,0,0.635488451,0,,,,,,,,,,,,
8135451140,"Nov 18, 2022, 2:05:12 PM",Morning Commute ,Ride,,6026,1.17,,,FALSE,Raider Express and Shooters ,,activities/8135451140.gpx,,,6026,575,1171.589966,4.215668678,2.037547827,0,0,290.3999939,292.2999878,3.184714079,0,,,,,,,,55.15686417,35.36244583,,,,,,,,,3,,,,,0,4,0,,1,,1668780032,6,-4.369999886,-10.22000027,-11.59000015,0.569999993,1034.5,4.760000229,8.609999657,327,0.071400002,1668776576,1668812928,0.829999983,,,0.970000029,6,0.910000026,16093,0,323.1000061,,,,0,0.194422498,0,,,,,,,,,,,,
8140377717,"Nov 19, 2022, 2:02:46 PM",Morning Commute ,Ride,,7529,2.19,,,FALSE,Raider Express and Shooters ,,activities/8140377717.gpx,,,7529,1589,2192.48999,4.900000095,1.379792333,2.148275852,2.148275852,290.3999939,292.6000061,6.230605602,0,,,,,,,,75.9252243,134.5193787,,,,,,,,,3,,,,,0,13,0,,1,,1668866432,1,-5.019999981,-11.63000011,-8.970000267,0.74000001,1028.800049,5.679999828,12.30000019,242,0,1668862976,1668899200,0.860000014,,,0,,0,16093,0,326,,,,0,0.291206002,0,,,,,,,,,,,,
8141854971,"Nov 19, 2022, 9:58:32 PM",Afternoon Ride,Ride,,7835,1.76,,,FALSE,Shooters ,,activities/8141854971.gpx,,,7835,1007,1762.790039,6.539990425,1.750536323,2.014385939,2.014389992,290.3999939,292.5,2.773926497,0,,,,,,,,63.46929932,71.26364899,,,,,,,,,3,,,,,0,8,0,,1,,1668891648,1,4.21999979,-0.079999998,-8.880000114,0.379999995,1028.800049,5.949999809,8.319999695,312,0,1668862976,1668899200,0.860000014,,,0,,0.01,16093,1,322.5,,,,0,0.224989161,0,,,,,,,,,,,,
8145404546,"Nov 20, 2022, 3:55:41 PM",Morning Walk ,Walk,,759,0.62,,,FALSE,Raider Express ,,activities/8145404546.gpx,,,759,741,627.1500244,1.877999902,0.846356332,0,-1.600000024,290.3999939,292.2999878,2.176279783,0.255122364,,,,,,,,,78.6424942,,,,,,,,,3,,,,,0,6,0,,1,,1668956416,1,-2.930000067,-6.829999924,-8.710000038,0.639999986,1033.199951,2.809999943,3.920000076,199,0,1668949504,1668985600,0.899999976,,,0,,0,16093,1,295.2000122,,,,0,0.826284587,0,,,,,,,,,,,,
8149014029,"Nov 21, 2022, 1:58:11 PM",Morning Commute ,Ride,,5556,1.88,,,FALSE,Raider Express and Shooters ,,activities/8149014029.gpx,,,5556,959,1884.27002,8.62800312,1.964828014,0,0,290.3999939,292.2999878,2.473206043,0,,,,,,,,67.26146698,71.92167664,,,,,,,,,3,,,,,0,7,0,,1,,1669035648,1,-1.330000043,-6.28000021,-5.110000134,0.75,1026.699951,4.53000021,9.460000038,211,0,1669035904,1669072000,0.930000007,,,0,,0,16093,0,289.8999939,,,,0,0.339141458,0,,,,,,,,,,,,
8150636318,"Nov 21, 2022, 9:21:37 PM",Afternoon Commute ,Ride,,4443,1.15,,,FALSE,Shooters ,,activities/8150636318.gpx,,,4443,513,1150.780029,11.1619997,2.243235826,0,0,290.3999939,292.2999878,1.913876176,0,,,,,,,,51.67035294,29.55518341,,,,,,,,,3,,,,,0,4,0,,1,,1669064448,1,13.57999992,13.57999992,-2.819999933,0.319999993,1025.199951,6.03000021,8.31000042,216,0,1669035904,1669072000,0.930000007,,,0,,0,16093,1,297.1000061,,,,0,0.259009689,0,,,,,,,,,,,,
8153555166,"Nov 22, 2022, 1:33:41 PM",Morning Commute ,Ride,,10248,1.14,,,FALSE,Raider Express and Shooters ,,activities/8153555166.gpx,,,10248,598,1145.969971,4.916666508,1.916337729,0,0,290.3999939,292.2999878,1.863064647,0,,,,,,,,55.82244492,37.22073364,,,,,,,,,3,,,,,0,4,0,,1,,1669122048,1,0.540000021,-3,0.419999987,0.99000001,1026.400024,3.180000067,6.269999981,198,0,1669122432,1669158400,0.970000029,,,0,,0.239999995,16093,0,280.1000061,,,,0,0.111823767,0,,,,,,,,,,,,
8155263432,"Nov 22, 2022, 9:39:55 PM",Afternoon Commute ,Ride,,4374,1.17,,,FALSE,Shooters ,,activities/8155263432.gpx,,,4374,681,1171.699951,3.819995165,1.720557928,0,0.100000001,290.3999939,292.2999878,3.021143198,-0.008534608,,,,,,,,69.80323792,53.0026474,,,,,,,,,3,,,,,0,5,0,,1,,1669150848,1,14.73999977,14.73999977,6.599999905,0.579999983,1023.200012,5.230000019,7.389999866,214,0,1669122432,1669158400,0.970000029,,,0,,0.050000001,16093,1,275.1000061,,,,0,0.267878354,0,,,,,,,,,,,,
8157977047,"Nov 23, 2022, 1:47:27 PM",Morning Commute ,Ride,,7611,1.19,,,FALSE,Raider Express and Shooters ,,activities/8157977047.gpx,,,7611,674,1191.880005,3.565997362,1.768368006,0,0,290.3999939,292.2999878,2.219753504,0,,,,,,,,58.59871674,44.03752136,,,,,,,,,3,,,,,0,5,0,,1,,1669208448,2,2.579999924,-0.379999995,1.980000019,0.959999979,1021.099976,2.980000019,6.71999979,174,0,1669208832,1669244672,0.01,,,0,,0.49000001,16093,0,272.1000061,,,,0,0.156599656,0,,,,,,,,,,,,
8160438153,"Nov 23, 2022, 9:42:39 PM",Evening Commute ,Ride,,289,0.53,,,FALSE,Shooters and don't care,,activities/8160438153.gpx,,,289,280,530.4899902,3.364001513,1.894607067,0,-1.700000048,290.3999939,292.2999878,2.02224493,0.320458442,,,,,,,,68.1272583,21.26933098,,,,,,,,,3,,,,,0,2,0,,1,,1669237248,3,13.40999985,13.40999985,7.179999828,0.660000026,1016.700012,4.840000153,8.770000458,180,0,1669208832,1669244672,0.01,,,0,,0.939999998,16093,1,274.1000061,,,,0,1.835605502,0,,,,,,,,,,,,
8166898466,"Nov 25, 2022, 1:50:41 PM",Morning Commute ,Ride,,7983,1.52,,,FALSE,Raider Express and Shooters ,,activities/8166898466.gpx,,,7983,820,1528.819946,10.22666454,1.864414573,0,0,290.3999939,292.2999878,2.330097198,0,,,,,,,,52.33010101,47.84541321,,,,,,,,,3,,,,,0,6,0,,1,,1669381248,1,0.899999976,-3.049999952,-0.980000019,0.870000005,1026.199951,3.809999943,9.010000229,6,0,1669381888,1669417472,0.079999998,,,0,,0.029999999,16093,0,297.3999939,,,,0,0.191509455,0,,,,,,,,,,,,
8168269725,"Nov 25, 2022, 9:19:49 PM",Afternoon Commute ,Ride,,5554,1.21,,,FALSE,Shooters ,,activities/8168269725.gpx,,,5554,573,1211.920044,6.168000221,2.11504364,0,0,290.3999939,292.2999878,1.665972948,0,,,,,,,,58.3462944,37.27715683,,,,,,,,,3,,,,,0,4,0,,1,,1669410048,1,12.15999985,12.15999985,4.199999809,0.579999983,1023.599976,3.50999999,5.269999981,43,0,1669381760,1669417472,0.079999998,,,0,,0.059999999,16093,1,282.6000061,,,,0,0.218206704,0,,,,,,,,,,,,
8171618827,"Nov 26, 2022, 1:44:51 PM",Morning Commute ,Ride,,7933,1.14,,,FALSE,Raider Express and Shooters ,,activities/8171618827.gpx,,,7933,670,1148.73999,4.020001411,1.714537263,0,0,290.3999939,292.2999878,3.236245871,0,,,,,,,,66.33090973,49.55250931,,,,,,,,,3,,,,,0,5,0,,1,,1669467648,2,1.919999957,-0.460000008,0.319999993,0.889999986,1017.799988,2.210000038,4.25,132,0,1669468288,1669503872,0.119999997,,,0,,0.779999971,16093,0,279.2000122,,,,0,0.144805238,0,,,,,,,,,,,,
8180497840,"Nov 28, 2022, 1:48:30 PM",Morning Commute ,Ride,,7914,1.17,,,FALSE,Raider Express and Shooters ,,activities/8180497840.gpx,,,7914,649,1172.829956,4.03199482,1.807134032,0,0,290.3999939,292.2999878,2.666666746,0,,,,,,,,57.30126953,41.46520615,,,,,,,,,3,,,,,0,5,0,,1,,1669640448,2,-1.179999948,-3.299999952,-2.650000095,0.899999976,1013.5,1.629999995,2.690000057,184,0,1669641216,1669676544,0.200000003,,,0,,0.370000005,14787,0,295.7999878,,,,0,0.148196861,0,,,,,,,,,,,,
8181733321,"Nov 28, 2022, 7:53:06 PM",Lunch Commute ,Ride,,3566,1.08,,,FALSE,Shooters ,,activities/8181733321.gpx,,,3566,553,1085.900024,4.111999512,1.963652849,0,-0.100000001,290.2999878,292.2999878,1.884126663,0.009208951,,,,,,,,59.71427917,36.81952667,,,,,,,,,3,,,,,0,4,0,,1,,1669661952,1,11.36999989,11.36999989,5.230000019,0.660000026,1011.400024,5.480000019,8.369999886,180,0,1669641216,1669676544,0.200000003,,,0,,0.059999999,16093,2,296.2000122,,,,0,0.304514855,0,,,,,,,,,,,,
8194553493,"Dec 1, 2022, 6:19:09 PM",Lunch Commute ,Ride,,1123,0.97,,,FALSE,Palluccas ,,activities/8194553493.gpx,,,1123,498,977.210022,4.972499847,1.962269068,0,0.100000001,290.3999939,292.2999878,2.107483625,-0.010233215,,,,,,,,61.23809433,34.00367737,,,,,,,,,3,,,,,0,4,0,,1,,1669917568,2,7.869999886,4.019999981,-3.920000076,0.430000007,1026.599976,7.579999924,12.97000027,191,0,1669900544,1669935744,0.300000012,,,0,,0.50999999,16093,2,281.1000061,,,,0,0.870178103,0,,,,,,,,,,,,
8203501831,"Dec 3, 2022, 9:07:55 PM",Afternoon Commute ,Ride,,795,1.04,,,FALSE,Palluccas ,,activities/8203501831.gpx,,,795,480,1041.880005,6.876000881,2.170583248,0,0,290.3999939,292.2999878,2.857142925,0,,,,,,,,60.79124451,32.53547668,,,,,,,,,3,,,,,0,4,0,,1,,1670101248,1,3.539999962,1.889999986,-9.180000305,0.389999986,1034,1.809999943,2.75999999,8,0,1670073472,1670108544,0.370000005,,,0,,0.209999993,16093,1,266.2000122,,,,0,1.310540915,0,,,,,,,,,,,,
8207187101,"Dec 4, 2022, 3:50:08 PM",Morning Walk ,Walk,,1118,0.89,,,FALSE,Raider Express ,,activities/8207187101.gpx,,,1118,1097,896.8099976,4.689990044,0.81751138,0,-1.600000024,290.3999939,292.2999878,2.06185317,0.178410143,,,,,,,,,112.4569473,,,,,,,,,3,,,,,0,9,0,,1,,1670166016,2,1.019999981,-0.779999971,-3.710000038,0.709999979,1026.300049,1.620000005,3.420000076,160,0,1670160000,1670194944,0.400000006,,,0,,0.680000007,16093,1,269.8999939,,,,0,0.802155614,0,,,,,,,,,,,,
8210699926,"Dec 5, 2022, 1:51:56 PM",Morning Commute ,Ride,,4953,1.22,,,FALSE,Raider Express and Shooters ,,activities/8210699926.gpx,,,4953,615,1223.52002,6.363989353,1.989463449,0,0.100000001,290.3999939,292.2999878,1.714529991,-0.00817314,,,,,,,,59.90675354,41.07955933,,,,,,,,,3,,,,,0,5,0,,1,,1670245248,3,3.549999952,0.620000005,1.25999999,0.850000024,1012,3.200000048,7.019999981,176,0,1670246400,1670281344,0.439999998,,,0,,1,16093,0,269.2999878,,,,0,0.247026056,0,,,,,,,,,,,,
8212480099,"Dec 5, 2022, 10:32:21 PM",Evening Commute ,Ride,,3522,1.14,,,FALSE,Shooters ,,activities/8212480099.gpx,,,3522,571,1141.380005,7.211999416,1.998914242,0,0,290.3999939,292.2999878,3.095975637,0,,,,,,,,61.42621994,39.10792542,,,,,,,,,3,,,,,0,4,0,,1,,1670277632,3,10.60000038,10.60000038,8.720000267,0.879999995,1007.900024,1.460000038,3.089999914,142,0,1670246400,1670281344,0.439999998,,,0,,0.930000007,10600,0,268.2999878,,,,0,0.324071556,0,,,,,,,,,,,,
8215096913,"Dec 6, 2022, 1:53:25 PM",Morning Commute ⁸,Ride,,5324,1.13,,,FALSE,Raider Express and Shooters ,,activities/8215096913.gpx,,,5324,605,1136.589966,3.51599741,1.878661156,0,0,290.3999939,292.2999878,2.857142925,0,,,,,,,,57.34368896,38.682621,,,,,,,,,3,,,,,0,5,0,,1,,1670331648,3,8.130000114,6.010000229,6.960000038,0.920000017,1011,3.440000057,6.579999924,41,0,1670332800,1670367744,0.469999999,,,0,,1,8081,0,270.1000061,,,,0,0.213484213,0,,,,,,,,,,,,
8217092265,"Dec 6, 2022, 10:08:38 PM",Evening Commute ,Ride,,6674,1.08,,,FALSE,Shooters ,,activities/8217092265.gpx,,,6674,519,1082.22998,3.621997118,2.085221529,0,0,290.3999939,292.2999878,2.047081947,0,,,,,,,,62.69764328,36.2821846,,,,,,,,,3,,,,,0,4,0,,1,,1670364032,3,6.5,4.900000095,4.329999924,0.860000014,1014.900024,2.25,3.559999943,346,0,1670332800,1670367744,0.469999999,,,0,,1,15700,0,271.6000061,,,,0,0.16215612,0,,,,,,,,,,,,
8219760635,"Dec 7, 2022, 1:54:54 PM",Morning Commute ,Ride,,9041,1.21,,,FALSE,Raider Express and Shooters ,,activities/8219760635.gpx,,,9041,617,1211.880005,6.184000015,1.964149117,0,0.100000001,290.3999939,292.2999878,1.934236646,-0.008251642,,,,,,,,57.82353592,39.77999115,,,,,,,,,3,,,,,0,5,0,,1,,1670418048,3,4.53000021,4.53000021,2.650000095,0.879999995,1022.599976,1.080000043,2.109999895,71,0,1670419328,1670454144,0.5,,,0,,1,10321,0,268.8999939,,,,0,0.134042695,0,,,,,,,,,,,,
8220950675,"Dec 7, 2022, 9:08:45 PM",Afternoon Commute ,Ride,,889,0.96,,,FALSE,Palluccas ,,activities/8220950675.gpx,,,889,483,963.6699829,3.747997999,1.995175958,0,0,290.3999939,292.2999878,1.966568708,0,,,,,,,,56.8458252,30.61403465,,,,,,,,,3,,,,,0,4,0,,1,,1670446848,3,10.28999996,10.28999996,7.099999905,0.810000002,1023,2.890000105,3.220000029,38,0,1670419328,1670454144,0.5,,,0,,1,16093,1,268.7000122,,,,0,1.083993196,0,,,,,,,,,,,,
8223972320,"Dec 8, 2022, 1:52:43 PM",Morning Walk ,Walk,,7728,1.34,,,FALSE,Raider Express and Shooters ,,activities/8223972320.gpx,,,7728,1636,1346.47998,5.556005955,0.823031783,0,0,290.3999939,292.2999878,2.554277897,0,,,,,,,,,168.8440399,,,,,,,,,3,,,,,0,13,0,,1,,1670504448,5,9.029999733,8.090000153,8.569999695,0.970000029,1020.900024,1.960000038,5.190000057,65,0.0583,1670505728,1670540544,0.529999971,,,1,5,0.99000001,11510,0,260.7000122,,,,0,0.174233958,0,,,,,,,,,,,,
8225489165,"Dec 8, 2022, 10:41:13 PM",Evening Commute ,Ride,,3408,1.07,,,FALSE,Shooters ,,activities/8225489165.gpx,,,3408,630,1078.410034,3.909997463,1.711761951,0,0,290.3999939,292.2999878,2.734730721,0,,,,,,,,61.42213821,43.14598083,,,,,,,,,3,,,,,0,5,0,,1,,1670536832,3,13.42000008,13.42000008,12.31999969,0.930000007,1017.900024,1.690000057,3.380000114,153,0,1670505728,1670540544,0.529999971,,,0,,0.939999998,11490,0,258.7999878,,,,0,0.31643486,0,,,,,,,,,,,,
8227811513,"Dec 9, 2022, 1:50:36 PM",Morning Commute ,Ride,,5038,1.11,,,FALSE,Raider Express and Shooters ,,activities/8227811513.gpx,,,5038,632,1117.939941,3.359997511,1.768892288,0,0,290.3999939,292.2999878,2.805049181,0,,,,,,,,66.74674988,47.03509903,,,,,,,,,3,,,,,0,5,0,,1,,1670590848,1,2.140000105,-0.620000005,-0.129999995,0.850000024,1022.900024,2.640000105,5.46999979,264,0,1670592128,1670626944,0.560000002,,,0,,0.140000001,16093,0,252.3000031,,,,0,0.221901536,0,,,,,,,,,,,,
8231948609,"Dec 10, 2022, 2:12:23 PM",Morning Commute ,Ride,,4114,1.25,,,FALSE,Raider Express and Shooters ,,activities/8231948609.gpx,,,4114,586,1251.069946,7.414000034,2.134931564,0,0,290.3999939,292.2999878,2.035277367,0,,,,,,,,55.95544815,36.56072998,,,,,,,,,3,,,,,0,4,0,,1,,1670680832,3,4.599999905,2.24000001,4.210000038,0.970000029,1021,2.720000029,5.360000134,57,0,1670678656,1670713344,0.589999974,,,0,,0.949999988,11545,0,257,,,,0,0.304100633,0,,,,,,,,,,,,
8233459429,"Dec 10, 2022, 10:01:33 PM",Afternoon Commute ,Ride,,4488,1.13,,,FALSE,Shooters ,,activities/8233459429.gpx,,,4488,564,1131.089966,7.443994045,2.005478621,0,0,290.3999939,292.2999878,1.97433424,0,,,,,,,,66.15000153,41.59908676,,,,,,,,,3,,,,,0,4,0,,1,,1670709632,3,8.829999924,7.230000019,7.199999809,0.889999986,1021.200012,2.799999952,4.920000076,7,0,1670678656,1670713344,0.589999974,,,0,,0.899999976,16093,0,268.5,,,,0,0.252025396,0,,,,,,,,,,,,
8236575349,"Dec 11, 2022, 3:50:29 PM",Morning Walk mo,Walk,,759,0.61,,,FALSE,Raider Express ,,activities/8236575349.gpx,,,759,742,613.7299805,1.730000854,0.827129364,0,-1.600000024,290.3999939,292.2999878,1.545594811,0.260700971,,,,,,,,,76.95967102,,,,,,,,,3,,,,,0,6,0,,1,,1670770816,2,3.349999905,0.75999999,2.980000019,0.970000029,1024.5,2.710000038,4.690000057,85,0,1670765056,1670799744,0.620000005,,,0,,0.870000005,16093,0,275.2999878,,,,0,0.808603406,0,,,,,,,,,,,,
8240066141,"Dec 12, 2022, 1:56:25 PM",Morning Commute ,Ride,,7531,1.19,,,FALSE,Raider Express and Shooters ,,activities/8240066141.gpx,,,7531,591,1196.790039,3.409997463,2.025025368,0,0.100000001,290.3999939,292.2999878,1.934236646,-0.008355685,,,,,,,,57.81452179,38.09774399,,,,,,,,,3,,,,,0,4,0,,1,,1670850048,3,7.659999847,5.380000114,6.590000153,0.930000007,1018.799988,3.539999962,7.150000095,126,0,1670851456,1670886144,0.649999976,,,0,,0.980000019,16093,0,266.8999939,,,,0,0.158915162,0,,,,,,,,,,,,
8241503458,"Dec 12, 2022, 9:50:18 PM",Afternoon Commute ,Ride,,3986,1.1,,,FALSE,Shooters ,,activities/8241503458.gpx,,,3986,557,1106.72998,4.786254883,1.986947894,0,0,290.3999939,292.2999878,2.525277376,0,,,,,,,,58.65289688,36.42667389,,,,,,,,,3,,,,,0,4,0,,1,,1670878848,3,10.56999969,10.56999969,8.590000153,0.879999995,1014.700012,5.699999809,8.93999958,128,0,1670851584,1670886144,0.649999976,,,0,,0.980000019,16093,1,270.1000061,,,,0,0.27765429,0,,,,,,,,,,,,
8243880383,"Dec 13, 2022, 1:57:46 PM",Morning Walk ,Walk,,5278,1.21,,,FALSE,Raider Express and Shooters ,,activities/8243880383.gpx,,,5278,1517,1218.01001,1.819331884,0.80290705,0,0,290.3999939,292.2999878,2.055496216,0,,,,,,,,,152.7343445,,,,,,,,,3,,,,,0,12,0,,1,,1670936448,5,10.31999969,10.31999969,8.81000042,0.899999976,1005.599976,7.170000076,14.03999996,143,2.34829998,1670937984,1670972544,0.680000007,,,1,5,1,14035,0,273.5,,,,0,0.230771124,0,,,,,,,,,,,,
8247947305,"Dec 14, 2022, 2:14:33 PM",Morning Commute ,Ride,,5465,1.08,,,FALSE,Shooters ,,activities/8247947305.gpx,,,5465,572,1080.189941,3.079998732,1.888443947,0,0,290.3999939,292.2999878,2.781640291,0,,,,,,,,51.51758194,32.856884,,,,,,,,,3,,,,,0,4,0,,1,,1671026432,1,-0.209999993,-4.039999962,-3.180000067,0.800000012,1008.599976,3.339999914,7.079999924,234,0,1671024384,1671058944,0.709999979,,,0,,0.310000002,16093,0,314.7999878,,,,0,0.197655976,0,,,,,,,,,,,,
8251554982,"Dec 15, 2022, 1:49:29 PM",Morning Commute ,Ride,,3754,1.27,,,FALSE,Raider Express and Shooters ,,activities/8251554982.gpx,,,3754,662,1276,6.786360264,1.927492499,0,0,290.3999939,292.2999878,1.949317336,0,,,,,,,,60.02972412,44.30973816,,,,,,,,,3,,,,,0,5,0,,1,,1671109248,1,-1.360000014,-7.099999905,-4.710000038,0.779999971,1010.799988,5.849999905,10.97000027,253,0,1671110912,1671145344,0.74000001,,,0,,0.189999998,16093,0,335,,,,0,0.3399041,0,,,,,,,,,,,,
8253140592,"Dec 15, 2022, 10:02:22 PM",Afternoon Commute ,Ride,,3834,1.13,,,FALSE,Shooters ,,activities/8253140592.gpx,,,3834,592,1130.040039,5.306671143,1.908851385,0,0,290.3999939,292.2999878,3.215449333,0,,,,,,,,47.70692062,31.49038506,,,,,,,,,3,,,,,0,4,0,,1,,1671141632,2,2.440000057,-2.710000038,-5.190000057,0.569999993,1011.700012,6.820000172,12.09000015,283,0,1671110912,1671145344,0.74000001,,,0,,0.419999987,16093,0,294.2000122,,,,0,0.29474178,0,,,,,,,,,,,,
8255508976,"Dec 16, 2022, 2:25:20 PM",Morning Commute ,Ride,,7104,1.16,,,FALSE,Raider Express and Shooters ,,activities/8255508976.gpx,,,7104,673,1161.390015,3.444000244,1.725690961,0,0.100000001,290.3999939,292.2999878,2.738476992,-0.008610372,,,,,,,,55.2693367,41.47383499,,,,,,,,,3,,,,,0,5,0,,1,,1671199232,1,-3.430000067,-9.840000153,-7.260000229,0.75,1015.900024,6.070000172,11.85000038,254,0,1671197312,1671231872,0.769999981,,,0,,0,16093,0,301.2000122,,,,0,0.163483948,0,,,,,,,,,,,,
8256694309,"Dec 16, 2022, 10:15:40 PM",Afternoon Commute ,Ride,,5387,1.12,,,FALSE,Shooters ,,activities/8256694309.gpx,,,5387,613,1125.619995,3.970000029,1.836247921,0,0,290.3999939,292.2999878,1.908397675,0,,,,,,,,58.74978638,40.1551857,,,,,,,,,3,,,,,0,5,0,,1,,1671228032,2,2,-3.329999924,-7.110000134,0.50999999,1015.099976,6.949999809,12,285,0,1671197312,1671231872,0.769999981,,,0,,0.670000017,16093,0,295.2999878,,,,0,0.208951175,0,,,,,,,,,,,,
8259341391,"Dec 17, 2022, 1:42:03 PM",Morning Commute ,Ride,,7290,1.93,,,FALSE,Raider Express and Shooters ,,activities/8259341391.gpx,,,7290,1678,1936.890015,4.093994141,1.154284835,0,0,290.3999939,292.2999878,3.89609766,0,,,,,,,,80.30127716,150.241272,,,,,,,,,3,,,,,0,13,0,,1,,1671282048,1,-4.980000019,-9.06000042,-8.270000458,0.779999971,1017.599976,2.619999886,7.800000191,253,0,1671283712,1671318272,0.810000002,,,0,,0.090000004,16093,0,316.7000122,,,,0,0.26569137,0,,,,,,,,,,,,
8260912127,"Dec 17, 2022, 10:09:52 PM",Evening Commute ,Ride,,8594,1.15,,,FALSE,Shooters ,,activities/8260912127.gpx,,,8594,613,1158.01001,6.334172726,1.889086485,0,0,290.3999939,292.2999878,3.267976522,0,,,,,,,,55.32959366,37.81750107,,,,,,,,,3,,,,,0,5,0,,1,,1671314432,1,1.769999981,-2.349999905,-10.14999962,0.409999996,1020,4.380000114,9.569999695,290,0,1671283712,1671318272,0.810000002,,,0,,0,16093,0,317.2000122,,,,0,0.134746343,0,,,,,,,,,,,,
8263840568,"Dec 18, 2022, 3:58:10 PM",Morning Walk ,Walk,,798,0.61,,,FALSE,Raider Express ,,activities/8263840568.gpx,,,798,798,617.5200195,1.771002173,0.773834586,0,-1.5,290.5,292.2999878,2.076843739,0.242907107,,,,,,,,,77.43492889,,,,,,,,,3,,,,,0,6,0,,1,,1671375616,1,-4.130000114,-7.389999866,-8.460000038,0.720000029,1026.900024,2.089999914,3.190000057,93,0,1671370112,1671404672,0.839999974,,,0,,0,16093,0,296.2999878,,,,0,0.773834586,0,,,,,,,,,,,,
8264924499,"Dec 18, 2022, 6:12:21 PM",Afternoon Commute ,Ride,,373,0.62,,,FALSE,Shooters ,,activities/8264924499.gpx,,,373,355,623.8699951,3.102001905,1.757380247,0,-1.5,290.3999939,292.3999939,3.030302763,0.240434706,,,,,,,,63.07456589,24.96648979,,,,,,,,,3,,,,,0,2,0,,1,,1671386368,1,3.359999895,0.800000012,-7.210000038,0.460000008,1026,2.680000067,3.980000019,146,0,1671370112,1671404672,0.839999974,,,0,,0.02,16093,2,301.2999878,,,,0,1.672573686,0,,,,,,,,,,,,
8266750408,"Dec 19, 2022, 1:58:39 PM",Morning Commute ,Ride,,2658,1.21,,,FALSE,Raider Express and Shooters ,,activities/8266750408.gpx,,,2658,584,1215.109985,6.4739995,2.080667734,0,0,290.3999939,292.2999878,2.618945122,0,,,,,,,,59.49085999,38.73806763,,,,,,,,,3,,,,,0,4,0,,1,,1671454848,5,2.450000048,-0.930000007,-1.669999957,0.74000001,1025,3.480000019,7.610000134,161,0.846899986,1671456640,1671491072,0.879999995,,,1,5,0.829999983,16093,0,306.2000122,,,,0,0.457151979,0,,,,,,,,,,,,
8299699225,"Dec 23, 2022, 9:22:33 PM",Morning Walk ,Walk,,719,0.56,,,FALSE,,,activities/8299699225.gpx,,,719,719,561.3599854,1.589001417,0.78075105,0,-1.700000048,290.3999939,292.2999878,2.051282167,0.302835971,,,,,,,,,70.39264679,,,,,,,,,3,,,,,0,5,0,,1,,1671829248,2,-11.25,-20.70999908,-18.29999924,0.560000002,1034.800049,7.550000191,11.76000023,299,0,1671802368,1671836800,0.029999999,,,0,,0.460000008,16093,1,329.7000122,,,,0,0.78075105,0,,,,,,,,,,,,
8300370708,"Dec 27, 2022, 9:39:28 PM",Afternoon Walk ,Walk,,737,0.56,,,FALSE,Shooters ,,activities/8300370708.gpx,,,737,677,565.6599731,2.783001661,0.835539103,0,-1.799999952,290.3999939,292.2999878,2.164502621,0.31821236,,,,,,,,,70.93185425,,,,,,,,,3,,,,,0,5,0,,1,,1672174848,1,2.299999952,-2.710000038,-2.789999962,0.689999998,1015.599976,6.400000095,11.89000034,184,0,1672147968,1672182528,0.180000007,,,0,,0.159999996,16093,1,313.2000122,,,,0,0.767516911,0,,,,,,,,,,,,
8304608081,"Dec 28, 2022, 9:45:54 PM",Afternoon Commute ,Ride,,6780,1.13,,,FALSE,Shooters ,,activities/8304608081.gpx,,,6780,596,1129.430054,7.144000053,1.895016909,0,0,290.3999939,292.2999878,3.28947258,0,,,,,,,,72.31266022,48.05465698,,,,,,,,,3,,,,,0,4,0,,1,,1672261248,8,13.14000034,13.14000034,7.039999962,0.660000026,1001.5,9.93999958,17.86000061,191,0,1672234496,1672269056,0.219999999,,,0,,0.330000013,16093,1,276.2000122,,,,0,0.166582599,0,,,,,,,,,,,,
8307076520,"Dec 29, 2022, 1:55:54 PM",Morning Commute ,Ride,,2227,1.41,,,FALSE,Raider Express ,,activities/8307076520.gpx,,,2227,937,1409.550049,8.843333244,1.50432241,0,0,290.3999939,292.2999878,1.937986016,0,,,,,,,,67.10099792,70.10410309,,,,,,,,,3,,,,,0,7,0,,1,,1672318848,2,14.48999977,14.48999977,13.28999996,0.920000017,1005.900024,9.140000343,15.60999966,193,0,1672320896,1672355456,0.25,,,0,,0.649999976,16093,0,280.2000122,,,,0,0.632936716,0,,,,,,,,,,,,
8308076802,"Dec 29, 2022, 5:45:10 PM",Lunch Commute ,Ride,,702,0.97,,,FALSE,Palluccas ,,activities/8308076802.gpx,,,702,503,972.2299805,6.460000038,1.932862759,0,0,290.3999939,292.2999878,1.933300853,0,,,,,,,,65.05699158,36.48688507,,,,,,,,,3,,,,,0,4,0,,1,,1672333184,2,17.48999977,17.48999977,13.94999981,0.800000012,1007.799988,10.18000031,16.38999939,205,0,1672320896,1672355456,0.25,,,0,,0.319999993,16093,2,282.3999939,,,,0,1.384943008,0,,,,,,,,,,,,
8311725400,"Dec 30, 2022, 2:22:59 PM",Morning Commute ,Ride,,2333,1.36,,,FALSE,Raider Express ,,activities/8311725400.gpx,,,2333,628,1368.559937,4.53199482,2.179235458,0,0,290.3999939,292.2999878,1.956946969,0,,,,,,,,53.13187027,37.20399857,,,,,,,,,3,,,,,0,5,0,,1,,1672408832,2,1.279999971,-1.25999999,1.279999971,1,1018.599976,2.25999999,6.190000057,353,0,1672407296,1672441856,0.289999992,,,0,,0.730000019,16093,0,309.2000122,,,,0,0.586609483,0,,,,,,,,,,,,
8313254480,"Dec 30, 2022, 7:32:58 PM",Afternoon Commute ,Ride,,7474,1.14,,,FALSE,Shooters ,,activities/8313254480.gpx,,,7474,610,1145.130005,9.657999992,1.877262354,0,0.100000001,290.3999939,292.2999878,2.567393064,-0.008732633,,,,,,,,62.42330933,42.45721436,,,,,,,,,3,,,,,0,5,0,,1,,1672426752,1,8.460000038,6.949999809,3.059999943,0.689999998,1016.599976,2.569999933,3.160000086,30,0,1672407296,1672441856,0.289999992,,,0,,0.119999997,16093,2,306.7999878,,,,0,0.15321514,0,,,,,,,,,,,,
8317283562,"Dec 31, 2022, 4:02:37 PM",Morning Commute ,Ride,,1443,1.86,,,FALSE,Raider Express ,,activities/8317283562.gpx,,,1443,928,1861.75,6.618005276,2.006196022,0,0,290.3999939,292.2999878,3.095974684,0,,,,,,,,57.14955902,59.13379288,,,,,,,,,3,,,,,0,7,0,,1,,1672502400,2,8.159999847,5.320000172,5.78000021,0.850000024,1010,4.929999828,11.77999973,182,0,1672493696,1672528384,0.319999993,,,0,,0.519999981,16093,1,300.2000122,,,,0,1.290194035,0,,,,,,,,,,,,
8326391601,"Jan 2, 2023, 3:47:21 PM",Morning Commute ,Ride,,1315,1.22,,,FALSE,Raider Express ,,activities/8326391601.gpx,,,1315,519,1225.72998,7.264994144,2.36171484,0,0,290.3999939,292.2999878,1.826484561,0,,,,,,,,52.52926636,30.39789963,,,,,,,,,3,,,,,0,4,0,,1,,1672671616,3,11.77999973,11.77999973,11.77999973,1,1011.400024,2.339999914,6.369999886,132,0,1672666496,1672701184,0.379999995,,,0,,0.930000007,15347,0,264.2000122,,,,0,0.932114065,0,,,,,,,,,,,,
8327956943,"Jan 2, 2023, 8:15:38 PM",Afternoon Commute ,Ride,,1989,3.27,,,FALSE,Pete's One Stop,,activities/8327956943.gpx,,,1989,1361,3270.340088,5.497998238,2.402894974,6.71818161,6.71818161,284.7999878,291.7000122,3.623175621,0,,,,,,,,58.99236679,89.52179718,,,,,,,,,3,,,,,0,11,0,,1,,1672689664,3,20.52000046,20.71999931,17,0.800000012,1005.599976,5.880000114,10.47000027,177,0,1672666496,1672701184,0.379999995,,,0,,1,16093,2,270.2999878,,,,0,1.6442132,0,,,,,,,,,,,,
8331560747,"Jan 3, 2023, 1:53:19 PM",Morning Commute ,Ride,,4507,1.15,,,FALSE,Raider Express and Shooters ,,activities/8331560747.gpx,,,4507,581,1152.560059,4.052001953,1.983752251,0,0,290.3999939,292.2999878,1.89214766,0,,,,,,,,52.37061691,33.92647171,,,,,,,,,3,,,,,0,4,0,,1,,1672750848,1,10.05000019,10.05000019,8.020000458,0.870000005,1003.5,6.019999981,11.55000019,232,0,1672752896,1672787584,0.409999996,,,0,,0.140000001,16093,0,292.6000061,,,,0,0.255726665,0,,,,,,,,,,,,
8332964518,"Jan 3, 2023, 7:12:08 PM",Lunch Commute ,Ride,,749,1.14,,,FALSE,Palluccas ,,activities/8332964518.gpx,,,749,510,1141.660034,7.56400156,2.238548994,0,0,290.3999939,292.2999878,1.812415719,0,,,,,,,,61.93662643,35.22026443,,,,,,,,,3,,,,,0,4,0,,1,,1672772352,1,9.720000267,6.25,3.289999962,0.639999986,1005.400024,8.220000267,11.36999989,239,0,1672752896,1672787584,0.409999996,,,0,,0.200000003,16093,2,289.3999939,,,,0,1.524245739,0,,,,,,,,,,,,
8334144731,"Jan 3, 2023, 10:01:21 PM",Evening Commute ,Ride,,6937,1.23,,,FALSE,Shooters ,,activities/8334144731.gpx,,,6937,600,1238.300049,12.8166666,2.063833475,0,0.100000001,290,292.2999878,3.2051332,-0.008075587,,,,,,,,56.86444092,38.04231262,,,,,,,,,3,,,,,0,5,0,,1,,1672783232,2,8.68999958,5.320000172,1.779999971,0.620000005,1006.5,6.809999943,10.86999989,257,0,1672752896,1672787584,0.409999996,,,0,,0.629999995,16093,0,288.7999878,,,,0,0.178506568,0,,,,,,,,,,,,
8336959450,"Jan 4, 2023, 2:05:41 PM",Morning Commute ,Ride,,3141,1.14,,,FALSE,Raider Express and Shooters ,,activities/8336959450.gpx,,,3141,591,1140.119995,3.473999023,1.929136992,0,0,290.3999939,292.2999878,3.105559349,0,,,,,,,,51.5811615,33.99018097,,,,,,,,,3,,,,,0,4,0,,1,,1672840832,1,-1,-5.010000229,-2.460000038,0.899999976,1014.599976,3.349999905,8.949999809,232,0,1672839296,1672874112,0.439999998,,,0,,0.119999997,16093,0,315.5,,,,0,0.362979949,0,,,,,,,,,,,,
8338961157,"Jan 4, 2023, 8:01:04 PM",Afternoon Commute ,Ride,,5172,1.12,,,FALSE,Shooters ,,activities/8338961157.gpx,,,5172,645,1123.540039,3.488000393,1.741922498,0,0,290.3999939,292.2999878,1.949318051,0,,,,,,,,81.37137604,58.52025986,,,,,,,,,3,,,,,0,5,0,,1,,1672862464,1,7.730000019,4.239999771,-2.359999895,0.49000001,1014.5,6.329999924,8.920000076,262,0,1672839296,1672874112,0.439999998,,,0,,0.090000004,16093,2,322.3999939,,,,0,0.217235118,0,,,,,,,,,,,,
8342739683,"Jan 5, 2023, 1:53:45 PM",Morning Commute ,Ride,,9122,1.13,,,FALSE,Raider Express and Shooters ,,activities/8342739683.gpx,,,9122,649,1136.27002,3.115997314,1.750801206,0,0,290.3999939,292.2999878,1.921230316,0,,,,,,,,47.52843094,34.39323807,,,,,,,,,3,,,,,0,5,0,,1,,1672923648,1,-1.059999943,-5.670000076,-3.460000038,0.839999974,1020.5,4.110000134,9.25,246,0,1672925696,1672960512,0.469999999,,,0,,0.01,16093,0,326.3999939,,,,0,0.124563694,0,,,,,,,,,,,,
8343221577,"Jan 5, 2023, 5:51:32 PM",Lunch Commute ,Ride,,677,1.02,,,FALSE,Palluccas ,,activities/8343221577.gpx,,,677,559,1019.340027,5.603332996,1.823506355,0,0,290.3999939,292.2999878,1.736863852,0,,,,,,,,51.39996719,32.03682709,,,,,,,,,3,,,,,0,4,0,,1,,1672937984,1,2.950000048,-1.519999981,-2.789999962,0.660000026,1022.200012,5.590000153,9.779999733,300,0,1672925696,1672960512,0.469999999,,,0,,0.02,16093,2,340.3999939,,,,0,1.505672097,0,,,,,,,,,,,,
8344519498,"Jan 5, 2023, 9:59:17 PM",Afternoon Commute ,Ride,,3395,1.12,,,FALSE,Shooters ,,activities/8344519498.gpx,,,3395,560,1127.069946,4.807995796,2.012624979,0,0,290.3999939,291.7999878,1.226994157,0,,,,,,,,51.7661438,32.32278061,,,,,,,,,3,,,,,0,4,0,,1,,1672952448,1,8.539999962,5.340000153,-3.470000029,0.430000007,1021.700012,6.119999886,9.729999542,291,0,1672925696,1672960512,0.469999999,,,0,,0,16093,1,306,,,,0,0.331979364,0,,,,,,,,,,,,
8347698715,"Jan 6, 2023, 2:18:25 PM",Morning Commute ,Ride,,3726,1.38,,,FALSE,Raider Express and Shooters ,,activities/8347698715.gpx,,,3726,616,1387.089966,5.680998325,2.251769543,0,-0.100000001,290.2999878,291.7999878,1.375512123,0.007209338,,,,,,,,56.6782074,38.92885971,,,,,,,,,3,,,,,0,5,0,,1,,1673013632,1,-2.039999962,-4.429999828,-5.369999886,0.779999971,1023.700012,1.720000029,4.25,158,0,1673012096,1673047040,0.5,,,0,,0.200000003,16093,0,299,,,,0,0.372273207,0,,,,,,,,,,,,
8349959647,"Jan 6, 2023, 9:34:53 PM",Afternoon Commute ,Ride,,335,0.52,,,FALSE,Shooters ,,activities/8349959647.gpx,,,335,314,526.5100098,3.305999756,1.676783442,0,-1.299999952,290.3999939,291.7999878,1.64271009,0.246908888,,,,,,,,105.5168457,36.94250488,,,,,,,,,3,,,,,0,2,0,,1,,1673038848,2,12.85999966,12.85999966,0.07,0.409999996,1017.5,4.949999809,8.31000042,138,0,1673012096,1673047040,0.5,,,0,,0.720000029,16093,1,292,,,,0,1.571671724,0,,,,,,,,,,,,
8352902701,"Jan 7, 2023, 2:19:57 PM",Morning Walk ,Walk,,779,0.59,,,FALSE,Raider Express ,,activities/8352902701.gpx,,,779,757,597.2800293,1.697003126,0.789009273,0,-1.299999952,290.3999939,291.7999878,3.125,0.217653349,,,,,,,,,74.89689636,,,,,,,,,3,,,,,0,6,0,,1,,1673100032,3,5.630000114,2.130000114,2.49000001,0.800000012,1020.200012,4.96999979,8.81000042,41,0,1673098496,1673133440,0.540000021,,,0,,0.99000001,16093,0,275.7999878,,,,0,0.766726613,0,,,,,,,,,,,,
8353234179,"Jan 7, 2023, 3:23:25 PM",Morning Commute ,Ride,,340,0.51,,,FALSE,Home from Shooters ,,activities/8353234179.gpx,,,340,242,515.5599976,3.480000257,2.130413294,0,1.299999952,290.3999939,291.7999878,0.938967645,-0.252153009,,,,,,,,38.57291031,10.40812874,,,,,,,,,3,,,,,0,2,0,,1,,1673103616,3,5.159999847,1.370000005,2.559999943,0.829999983,1020.900024,5.349999905,8.840000153,37,0,1673098496,1673133440,0.540000021,,,0,,1,16093,0,276.2000122,,,,0,1.516352892,0,,,,,,,,,,,,
8355293258,"Jan 7, 2023, 9:36:59 PM",Afternoon Commute ,Ride,,5435,1.11,,,FALSE,Shooters ,,activities/8355293258.gpx,,,5435,613,1113.119995,5.150000095,1.815856457,0,0,290.3999939,291.7999878,1,0,,,,,,,,62.30182648,42.58298874,,,,,,,,,3,,,,,0,5,0,,1,,1673125248,3,3.400000095,-0.970000029,0.039999999,0.790000021,1023.900024,5.630000114,7.039999962,10,0,1673098496,1673133440,0.540000021,,,0,,0.920000017,16093,1,291.6000061,,,,0,0.204805881,0,,,,,,,,,,,,
8359431181,"Jan 8, 2023, 4:02:01 PM",Morning Walk ,Walk,,937,0.88,,,FALSE,Raider Express ,,activities/8359431181.gpx,,,937,908,879.75,11.8160038,0.968887687,0,-1.299999952,290.3999939,291.7999878,1.589823008,0.147769257,,,,,,,,,110.3176804,,,,,,,,,3,,,,,0,7,0,,1,,1673193600,2,0.569999993,0.569999993,-1.600000024,0.850000024,1028,1.220000029,2.460000038,341,0,1673184896,1673219840,0.569999993,,,0,,0.629999995,15837,1,310.8999939,,,,0,0.938900769,0,,,,,,,,,,,,
8364570488,"Jan 9, 2023, 1:39:59 PM",Morning Commute ,Ride,,14944,1.2,,,FALSE,Raider Express and Shooters ,,activities/8364570488.gpx,,,14944,624,1201.390015,4.318328857,1.925304532,0,0,290.3999939,291.7999878,1.601923227,0,,,,,,,,56.18867493,39.09383011,,,,,,,,,3,,,,,0,5,0,,1,,1673269248,1,0.469999999,-2.819999933,-2.359999895,0.810000002,1021.400024,2.869999886,6.489999771,173,0,1673271296,1673306368,0.600000024,,,0,,0.159999996,16093,0,289,,,,0,0.0803928,0,,,,,,,,,,,,
8366461244,"Jan 9, 2023, 10:37:07 PM",Evening Commute ,Ride,,6022,1.1,,,FALSE,Shooters ,,activities/8366461244.gpx,,,6022,536,1100.719971,6.387996197,2.053581953,0,-0.100000001,290.2999878,291.7999878,2.702702761,0.009084963,,,,,,,,66.14826202,39.53284836,,,,,,,,,3,,,,,0,4,0,,1,,1673301632,1,14.32999992,14.32999992,3.859999895,0.49000001,1014.700012,6.96999979,11.05000019,210,0,1673271296,1673306368,0.600000024,,,0,,0.200000003,16093,0,293.8999939,,,,0,0.182783127,0,,,,,,,,,,,,
8369374261,"Jan 10, 2023, 2:01:37 PM",Morning Commute ,Ride,,6252,1.16,,,FALSE,Raider Express and Shooters ,,activities/8369374261.gpx,,,6252,614,1164.859985,5.472222328,1.897166133,0,0,290.3999939,291.7999878,1.138952374,0,,,,,,,,55.27769089,37.84365845,,,,,,,,,3,,,,,0,5,0,,1,,1673359232,1,0.119999997,-1.649999976,-2.230000019,0.839999974,1015.5,1.519999981,3.00999999,182,0,1673357696,1673392768,0.629999995,,,0,,0.100000001,16093,0,294.1000061,,,,0,0.18631798,0,,,,,,,,,,,,
8371485422,"Jan 10, 2023, 9:23:15 PM",Afternoon Commute ,Ride,,2598,1.35,,,FALSE,Shooters ,,activities/8371485422.gpx,,,2598,670,1352.459961,7.710909843,2.018596888,0,0,290.3999939,291.7999878,1.347707868,0,,,,,,,,70.21018982,52.45052338,,,,,,,,,3,,,,,0,5,0,,1,,1673384448,1,16.45999908,16.45999908,3.430000067,0.419999987,1008.799988,4.179999828,7.519999981,113,0,1673357696,1673392896,0.629999995,,,0,,0.289999992,16093,1,282.1000061,,,,0,0.520577371,0,,,,,,,,,,,,
8376778866,"Jan 11, 2023, 8:32:14 PM",Afternoon Commute ,Ride,,1829,2.92,,,FALSE,Pete's One Stop ,,activities/8376778866.gpx,,,1829,1096,2926.129883,7.4375,2.669826508,5.672727108,5.672727108,285.2999878,291,4.76565361,0,,,,,,,,47.82618332,58.44551086,,,,,,,,,3,,,,,0,9,0,,1,,1673467136,2,15.06999969,15.06999969,6.789999962,0.579999983,1006.200012,2.880000114,3.769999981,116,0,1673444096,1673479296,0.660000026,,,0,,0.639999986,16093,2,313.2999878,,,,0,1.599852324,0,,,,,,,,,,,,
8380166379,"Jan 12, 2023, 2:04:31 PM",Morning Commute ,Ride,,3129,1.18,,,FALSE,Raider Express and Shooters ,,activities/8380166379.gpx,,,3129,592,1182.859985,6.821997166,1.998074293,0,0,290.3999939,291.7999878,1.459852695,0,,,,,,,,94.14950562,62.1462059,,,,,,,,,3,,,,,0,4,0,,1,,1673532032,5,0.319999993,-5.840000153,-1.049999952,0.899999976,1019.5,7.820000172,15.14999962,353,0.100500003,1673530496,1673565696,0.689999998,,,1,5,1,9951,0,361.2000122,,,,0,0.378031313,0,,,,,,,,,,,,
8382655237,"Jan 12, 2023, 10:08:09 PM",Afternoon Commute ,Ride,,6000,1.08,,,FALSE,Shooters ,,activities/8382655237.gpx,,,6000,574,1087.22998,5.56666708,1.894128919,0,0,290.3999939,291.7999878,1.277138948,0,,,,,,,,77.26973724,49.45340729,,,,,,,,,3,,,,,0,4,0,,1,,1673560832,2,0.910000026,-4.849999905,-1.470000029,0.839999974,1025.400024,7.239999771,11.32999992,329,0,1673530496,1673565696,0.689999998,,,0,,0.819999993,15842,0,374.5,,,,0,0.18120499,0,,,,,,,,,,,,
8385592196,"Jan 13, 2023, 1:48:19 PM",Morning Commute ,Ride,,7727,1.13,,,FALSE,Raider Express and Shooters ,,activities/8385592196.gpx,,,7727,641,1137.939941,3.517993212,1.775257349,0,0,290.3999939,291.7999878,1.257861853,0,,,,,,,,50.28690338,35.94080353,,,,,,,,,3,,,,,0,5,0,,1,,1673614848,2,-3.799999952,-8.899999619,-6.150000095,0.839999974,1030,3.930000067,8.270000458,347,0,1673616896,1673652224,0.720000029,,,0,,0.639999986,15241,0,332.7000122,,,,0,0.147268012,0,,,,,,,,,,,,
8391175084,"Jan 14, 2023, 2:14:42 PM",Morning Commute ,Ride,,6737,1.16,,,FALSE,Raider Express and Shooters ,,activities/8391175084.gpx,,,6737,611,1167.900024,3.478330374,1.911456704,0,0,290.3999939,291.7999878,1.881466627,0,,,,,,,,55.96440125,38.12658691,,,,,,,,,3,,,,,0,5,0,,1,,1673704832,2,-4.619999886,-8.81000042,-6.78000021,0.850000024,1025.400024,2.779999971,4.889999866,164,0,1673703296,1673738624,0.75,,,0,,0.360000014,16093,0,292.1000061,,,,0,0.173356101,0,,,,,,,,,,,,
8392986215,"Jan 14, 2023, 9:12:41 PM",Afternoon Commute ,Ride,,8337,1.2,,,FALSE,Shooters ,,activities/8392986215.gpx,,,8337,603,1207.920044,6.177499771,2.00318408,0,-0.100000001,290.2999878,291.7999878,1.618122935,0.008278694,,,,,,,,55.63230133,37.40409851,,,,,,,,,3,,,,,0,5,0,,1,,1673730048,2,10.07999992,10.07999992,0.050000001,0.5,1018.799988,5.96999979,9,171,0,1673703296,1673738624,0.75,,,0,,0.360000014,16093,1,299.2000122,,,,0,0.144886658,0,,,,,,,,,,,,
8397119283,"Jan 15, 2023, 4:05:49 PM",Morning Walk ,Walk,,784,0.68,,,FALSE,Raider Express ,,activities/8397119283.gpx,,,784,764,679.5800171,2.029999971,0.889502645,0,-1.299999952,290.3999939,291.7999878,1.519759893,0.191294625,,,,,,,,,85.21704102,,,,,,,,,3,,,,,0,6,0,,1,,1673798400,8,9.039999962,4.96999979,4.71999979,0.74000001,1009.700012,9.840000153,18.69000053,189,0,1673789568,1673825152,0.779999971,,,0,,0.479999989,16093,1,305.8999939,,,,0,0.866811275,0,,,,,,,,,,,,
8401294509,"Jan 16, 2023, 1:54:26 PM",Morning Commute,Ride,,4120,1.12,,,FALSE,Raider Express and Shooters ,,activities/8401294509.gpx,,,4120,591,1126.469971,3.626000881,1.906040549,0,0,290.3999939,291.7999878,1.751313806,0,,,,,,,,62.50490189,41.18854141,,,,,,,,,3,,,,,0,4,0,,1,,1673874048,2,14.92000008,14.92000008,12.39999962,0.850000024,999.4000244,10.34000015,15.94999981,206,0,1673875968,1673911552,0.819999993,,,0,,0.720000029,16093,0,343,,,,0,0.273415029,0,,,,,,,,,,,,
8404235088,"Jan 16, 2023, 9:27:26 PM",Evening Commute ,Ride,,14606,1.36,,,FALSE,Sh,,activities/8404235088.gpx,,,14606,597,1368.52002,5.433996677,2.292328358,0,0,290.3999939,291.7999878,1.795332193,0,,,,,,,,76.15981293,50.69615936,,,,,,,,,3,,,,,0,4,0,,1,,1673902848,1,16.05999947,16.05999947,3.369999886,0.430000007,1001.5,7.159999847,10.48999977,253,0,1673875968,1673911552,0.819999993,,,0,,0.219999999,16093,1,327.2000122,,,,0,0.093695745,0,,,,,,,,,,,,
8411972802,"Jan 18, 2023, 1:10:13 PM",Morning Walk ,Walk,,2324,1.38,,,FALSE,Raider Express ,,activities/8411972802.gpx,,,2324,1547,1379.310059,4.944283485,0.891603112,0,0,290.3999939,291.7999878,1.587300777,0,,,,,,,,,172.9608307,,,,,,,,,3,,,,,0,12,0,,1,,1674046848,5,8.430000305,5.409999847,6.519999981,0.879999995,1007.299988,5.550000191,12.26000023,87,3.322900057,1674048768,1674084480,0.889999986,,,1,5,1,14550,0,303.7000122,,,,0,0.593506932,0,,,,,,,,,,,,
8418449567,"Jan 19, 2023, 5:47:21 PM",Lunch Commute ,Ride,,672,0.93,,,FALSE,Palluccas ,,activities/8418449567.gpx,,,672,527,930.9000244,3.296008348,1.766413689,0,0,290.3999939,291.7999878,1.685629249,0,,,,,,,,53.82379532,31.62713242,,,,,,,,,3,,,,,0,4,0,,1,,1674147584,2,1.899999976,-3.730000019,-1.830000043,0.75999999,1014.099976,7.639999866,10.96000004,281,0,1674135168,1674171008,0.930000007,,,0,,0.860000014,16093,2,331.3999939,,,,0,1.385267854,0,,,,,,,,,,,,
8422226993,"Jan 20, 2023, 12:38:36 PM",Morning Commute ,Ride,,1993,1.35,,,FALSE,Raider Express ,,activities/8422226993.gpx,,,1993,643,1349.040039,10.30399132,2.098040581,0,0,290.3999939,291.7999878,1.109467745,0,,,,,,,,43.79732513,31.40027237,,,,,,,,,3,,,,,0,5,0,,1,,1674215936,1,-3.460000038,-3.460000038,-4.449999809,0.930000007,1025.300049,1.309999943,3.130000114,316,0,1674221440,1674257408,0.970000029,,,0,,0.159999996,16093,0,305.7000122,,,,0,0.676889122,0,,,,,,,,,,,,
8424730114,"Jan 20, 2023, 9:49:38 PM",Afternoon Commute ,Ride,,5527,1.09,,,FALSE,Shooters ,,activities/8424730114.gpx,,,5527,627,1096.339966,3.683753967,1.748548627,0,-0.100000001,290.2999878,291.7999878,3.257328987,0.009121259,,,,,,,,56.09103775,39.21352386,,,,,,,,,3,,,,,0,5,0,,1,,1674248448,1,7.570000172,7.570000172,-0.25,0.579999983,1025.099976,0.850000024,1.919999957,336,0,1674221440,1674257408,0.970000029,,,0,,0.050000001,16093,1,317.5,,,,0,0.198360771,0,,,,,,,,,,,,
8430526263,"Jan 21, 2023, 6:32:01 PM",Afternoon Commute ,Ride,,17954,1.03,,,FALSE,Shooters ,,activities/8430526263.gpx,,,17954,562,1035.209961,3.802001953,1.842010617,0,0,290.3999939,291.7999878,1.929571033,0,,,,,,,,79.38878632,49.74739456,,,,,,,,,3,,,,,0,4,0,,1,,1674323968,5,6.619999886,4.730000019,1.090000033,0.680000007,1019.5,2.609999895,3.960000038,120,0.266600013,1674307840,1674343936,0.01,,,1,5,0.980000019,16093,2,335.2999878,,,,0,0.057659015,0,,,,,,,,,,,,
8434649985,"Jan 22, 2023, 3:56:44 PM",Morning Walk ,Walk,,1753,1.13,,,FALSE,Raider Express ,,activities/8434649985.gpx,,,1753,1149,1132.130005,6.385707378,0.985317647,0,-1.399999976,290.3999939,291.7999878,1.605137587,0.123660713,,,,,,,,,141.9652863,,,,,,,,,3,,,,,0,9,0,,1,,1674399616,3,0.899999976,-2.529999971,0.779999971,0.99000001,1014.200012,3.130000114,7.159999847,346,0,1674394240,1674430336,0.050000001,,,0,,0.959999979,9230,0,373.7000122,,,,0,0.645824313,0,,,,,,,,,,,,
8441218188,"Jan 23, 2023, 9:42:00 PM",Afternoon Commute ,Ride,,4928,1.14,,,FALSE,Shooters ,,activities/8441218188.gpx,,,4928,551,1140.030029,8.244000435,2.069020033,0,0,290.3999939,291.7999878,1.444044232,0,,,,,,,,48.0983696,29.54995537,,,,,,,,,3,,,,,0,4,0,,1,,1674507648,1,7.039999962,4.150000095,0.050000001,0.610000014,1024.800049,4.429999828,5.489999771,242,0,1674480640,1674516864,0.090000004,,,0,,0.230000004,16093,1,325.1000061,,,,0,0.231337264,0,,,,,,,,,,,,
8444456058,"Jan 24, 2023, 1:46:26 PM",Morning Commute ,Ride,,6791,1.12,,,FALSE,Raider Express and Shooters ,,activities/8444456058.gpx,,,6791,609,1123.150024,3.483999968,1.844252944,0,0.100000001,290.3999939,291.7999878,0.999000013,-0.00890353,,,,,,,,52.19701004,35.44359589,,,,,,,,,3,,,,,0,5,0,,1,,1674565248,2,-1.610000014,-1.610000014,-3.109999895,0.889999986,1022.299988,1.120000005,2.099999905,134,0,1674566912,1674603264,0.129999995,,,0,,0.769999981,16093,0,332.2000122,,,,0,0.165388018,0,,,,,,,,,,,,
8447119646,"Jan 24, 2023, 10:02:44 PM",Evening Walk ,Walk,,7639,1.12,,,FALSE,Shooters ,,activities/8447119646.gpx,,,7639,1398,1127.910034,2.244999886,0.806802571,0,-0.100000001,289,291.8999939,23.72582436,0.008865955,,,,,,,,,141.4361115,,,,,,,,,3,,,,,0,11,0,,1,,1674597632,5,1.440000057,-0.99000001,0.709999979,0.949999988,1018.400024,2.190000057,3.420000076,54,0.1479,1674566912,1674603264,0.129999995,,,1,5,1,6580,0,339.1000061,,,,0,0.147651523,0,,,,,,,,,,,,
8450200720,"Jan 25, 2023, 1:48:17 PM",Morning Walk ,Walk,,8237,1.77,,,FALSE,Raider Express and Shooters ,,activities/8450200720.gpx,,,8237,2014,1778.290039,9.061999321,0.882964253,0,0,290.3999939,292.2000122,3.246735334,0,,,,,,,,,222.9915619,,,,,,,,,3,,,,,0,16,0,,1,,1674651648,3,0.649999976,-2.99000001,-0.090000004,0.949999988,1013.799988,3.329999924,8.779999733,322,0,1674653312,1674689792,0.159999996,,,0,,1,8339,0,347.1000061,,,,0,0.215890497,0,,,,,,,,,,,,
8452448448,"Jan 25, 2023, 10:09:53 PM",Afternoon Walk ,Walk,,5701,1.2,,,FALSE,Shooters ,,activities/8452448448.gpx,,,5701,1456,1203.109985,4.409997463,0.826311827,0,0,290.3999939,291.7999878,1.572326899,0,,,,,,,,,150.8659363,,,,,,,,,3,,,,,0,12,0,,1,,1674684032,3,2.920000076,-1.679999948,-0.059999999,0.810000002,1017.599976,5.840000153,10.42000008,307,0,1674653312,1674689792,0.159999996,,,0,,0.959999979,16093,0,357.7000122,,,,0,0.211034909,0,,,,,,,,,,,,
8455328198,"Jan 26, 2023, 2:01:47 PM",Morning Commute ,Ride,,4873,1.17,,,FALSE,Raider Express and Shooters ,,activities/8455328198.gpx,,,4873,642,1176.040039,3.684008837,1.831838012,0,0,290.3999939,291.7999878,1.277138948,0,,,,,,,,61.91982651,44.32406998,,,,,,,,,3,,,,,0,5,0,,1,,1674741632,1,-5.489999771,-9.970000267,-8.220000267,0.810000002,1026.300049,2.880000114,8.130000114,287,0,1674739712,1674776192,0.200000003,,,0,,0.310000002,16093,0,367,,,,0,0.241338,0,,,,,,,,,,,,
8457564677,"Jan 26, 2023, 9:33:57 PM",Afternoon Walk ,Walk,,5937,1.19,,,FALSE,Shooters ,,activities/8457564677.gpx,,,5937,1439,1198.849976,3.548329592,0.833113253,0,0,290.3999939,291.7999878,1.533744931,0,,,,,,,,,150.3317413,,,,,,,,,3,,,,,0,11,0,,1,,1674766848,2,1.960000038,-1.49000001,-3.380000114,0.680000007,1024.5,3.440000057,5.550000191,259,0,1674739712,1674776192,0.200000003,,,0,,0.790000021,16093,1,372.1000061,,,,0,0.201928586,0,,,,,,,,,,,,
8460510864,"Jan 27, 2023, 2:08:10 PM",Morning Commute ,Ride,,4689,1.19,,,FALSE,Raider Express and Shooters ,,activities/8460510864.gpx,,,4689,961,1196.23999,3.509000301,1.24478662,0,0,290.3999939,291.7999878,2.732240438,0,,,,,,,,74.37690735,79.69596863,,,,,,,,,3,,,,,0,8,0,,1,,1674828032,2,0.860000014,-4.75,-3.049999952,0.75,1017.200012,6.849999905,12.05000019,231,0,1674825984,1674862720,0.230000004,,,0,,0.419999987,16093,0,354,,,,0,0.255116224,0,,,,,,,,,,,,
8466326006,"Jan 28, 2023, 2:08:00 PM",Morning Commute ,Ride,,7048,1.19,,,FALSE,Raider Express and Shooters ,,activities/8466326006.gpx,,,7048,660,1189.959961,3.309997559,1.802969694,0,0,290.3999939,291.7999878,1.540832162,0,,,,,,,,55.42167282,40.78480911,,,,,,,,,3,,,,,0,5,0,,1,,1674914432,1,4.559999943,-0.25,0.730000019,0.75999999,1014.700012,7.559999943,13.47999954,183,0,1674912384,1674949120,0.270000011,,,0,,0.119999997,16093,0,308.2000122,,,,0,0.168836549,0,,,,,,,,,,,,
8477020984,"Jan 30, 2023, 1:54:57 PM",Morning Commute ,Ride,,7941,1.16,,,FALSE,Raider Express and Shooters ,,activities/8477020984.gpx,,,7941,524,1166.829956,7.81125021,2.226774693,0,0,290.3999939,291.7999878,1.338689208,0,,,,,,,,46.7665062,27.32379723,,,,,,,,,3,,,,,0,4,0,,1,,1675083648,3,-9.260000229,-16.79000092,-12.46000004,0.779999971,1030.5,5.400000095,8.039999962,22,0,1675085056,1675122176,0.330000013,,,0,,0.959999979,16093,0,288.1000061,,,,0,0.146937415,0,,,,,,,,,,,,
8479247671,"Jan 30, 2023, 10:29:28 PM",Afternoon Commute ,Ride,,5026,1.17,,,FALSE,Shooters ,,activities/8479247671.gpx,,,5026,533,1178.48999,5.867993355,2.211050749,0,0,290.3999939,291.7999878,1.627339125,0,,,,,,,,68.98194122,40.99562073,,,,,,,,,3,,,,,0,4,0,,1,,1675116032,2,-5.5,-11.93000031,-11.56000042,0.620000005,1029.400024,5.210000038,6.949999809,22,0,1675085056,1675122176,0.330000013,,,0,,0.730000019,16093,1,291.7000122,,,,0,0.234478712,0,,,,,,,,,,,,
8487759544,"Feb 1, 2023, 1:40:43 PM",Morning Commute ,Ride,,8822,1.19,,,FALSE,Raider Express and Shooters ,,activities/8487759544.gpx,,,8822,525,1192.439941,5.453000069,2.271314144,0,0.100000001,290.3999939,291.7999878,1.592357039,-0.008386167,,,,,,,,62.31630707,36.47840881,,,,,,,,,3,,,,,0,4,0,,1,,1675256448,2,-8.5,-8.5,-10.47999954,0.860000014,1029.699951,1.049999952,2.529999971,289,0,1675257728,1675294976,0.389999986,,,0,,0.689999998,16093,0,274.3999939,,,,0,0.135166615,0,,,,,,,,,,,,
8490406864,"Feb 1, 2023, 9:48:26 PM",Afternoon Commute ,Ride,,6678,1.07,,,FALSE,Shooters ,,activities/8490406864.gpx,,,6678,487,1069.640015,5.845711708,2.196386099,0,0,290.3999939,291.7999878,1.694916964,0,,,,,,,,52.91322708,28.73214722,,,,,,,,,3,,,,,0,4,0,,1,,1675285248,2,1.309999943,-0.689999998,-11.34000015,0.379999995,1026.800049,1.799999952,1.970000029,239,0,1675257728,1675294976,0.389999986,,,0,,0.660000026,16093,2,270.7999878,,,,0,0.160173714,0,,,,,,,,,,,,
8493304005,"Feb 2, 2023, 2:00:53 PM",Morning Commute ,Ride,,4174,1.2,,,FALSE,Raider Express and Shooters ,,activities/8493304005.gpx,,,4174,591,1207.359985,7.82800293,2.042910337,0,0,290.3999939,291.7999878,2.525277376,0,,,,,,,,52.90279388,34.8610878,,,,,,,,,3,,,,,0,4,0,,1,,1675346432,1,-4.610000134,-7.820000172,-7.389999866,0.810000002,1026.900024,2,5.010000229,267,0,1675344128,1675381504,0.419999987,,,0,,0.300000012,16093,0,291.2000122,,,,0,0.289257318,0,,,,,,,,,,,,
8494191913,"Feb 2, 2023, 5:56:30 PM",Lunch Commute ,Ride,,656,1,,,FALSE,Palluccas ,,activities/8494191913.gpx,,,656,589,1005.450012,8.579999924,1.707045913,0,0.100000001,290.3999939,291.7999878,1.300389647,-0.009945795,,,,,,,,69.14427185,45.40946198,,,,,,,,,3,,,,,0,4,0,,1,,1675357184,1,1.529999971,-2.049999952,-6.849999905,0.540000021,1027.800049,3.49000001,4.789999962,258,0,1675344128,1675381504,0.419999987,,,0,,0.25,16093,3,300.5,,,,0,1.532698154,0,,,,,,,,,,,,
8495674035,"Feb 2, 2023, 9:52:45 PM",Afternoon Commute ,Ride,,5306,1.18,,,FALSE,Shooters ,,activities/8495674035.gpx,,,5306,584,1184.550049,7.84499979,2.028339148,0,0.100000001,290.3999939,291.7999878,1.536095977,-0.008442024,,,,,,,,58.01189423,37.77502441,,,,,,,,,3,,,,,0,4,0,,1,,1675371648,1,7.349999905,5.449999809,-7.300000191,0.349999994,1025.900024,2.819999933,4.369999886,293,0,1675344128,1675381504,0.419999987,,,0,,0.050000001,16093,2,305.3999939,,,,0,0.223247275,0,,,,,,,,,,,,
8511865034,"Feb 5, 2023, 5:43:36 PM",Lunch Walk ,Walk,,7751,1.18,,,FALSE,Walmart and Starbucks ,,activities/8511865034.gpx,,,7751,1492,1185.52002,6.623331547,0.794584453,7.340820789,2.740820646,285.7000122,290.7999878,6.249996185,0.388015389,,,,,,,,,148.660202,,,,,,,,,3,,,,,0,12,0,,1,,1675616384,1,8.5,7.480000019,1.539999962,0.620000005,1022.5,1.960000038,2.609999895,230,0,1675603200,1675640832,0.50999999,,,0,,0.02,16093,3,306.2000122,,,,0,0.152950585,0,,,,,,,,,,,,
8517676728,"Feb 6, 2023, 8:56:18 PM",Afternoon Commute ,Ride,,7326,1.11,,,FALSE,Shooters ,,activities/8517676728.gpx,,,7326,519,1109.310059,4.941432476,2.137398958,0,-0.100000001,290.2999878,291.7999878,2.341920376,0.009014612,,,,,,,,45.94761658,26.58919525,,,,,,,,,3,,,,,0,4,0,,1,,1675713536,8,18.78000069,18.78000069,12.47000027,0.670000017,1007.200012,11.38000011,18.64999962,193,0,1675689600,1675727360,0.540000021,,,0,,0.689999998,16093,3,282.1000061,,,,0,0.151420981,0,,,,,,,,,,,,
8520961037,"Feb 7, 2023, 2:38:52 PM",Morning Commute ,Ride,,1728,1.29,,,FALSE,Raider Express ,,activities/8520961037.gpx,,,1728,540,1296.949951,5.461999893,2.401759148,0,0.100000001,290.3999939,291.7999878,1.374098897,-0.007710398,,,,,,,,71.76017761,43.20680237,,,,,,,,,3,,,,,0,4,0,,1,,1675778432,2,4.119999886,1.610000014,1.590000033,0.839999974,1022.099976,2.799999952,9.409999847,357,0,1675775872,1675813888,0.569999993,,,0,,0.75,16093,0,283.1000061,,,,0,0.750549734,0,,,,,,,,,,,,
8523644643,"Feb 7, 2023, 10:14:57 PM",Afternoon Commute ,Ride,,4757,1.16,,,FALSE,Shooters ,,activities/8523644643.gpx,,,4757,583,1163.849976,5.949999809,1.996312141,0,0.100000001,290.3999939,291.7999878,1.787309766,-0.008592173,,,,,,,,75.23613739,48.90687561,,,,,,,,,3,,,,,0,4,0,,1,,1675807232,3,10.44999981,10.44999981,0.5,0.5,1023.099976,1.960000038,3.630000114,356,0,1675775872,1675813888,0.569999993,,,0,,0.939999998,16093,1,279.8999939,,,,0,0.244660497,0,,,,,,,,,,,,
8533298172,"Feb 9, 2023, 6:07:18 PM",Lunch Commute ,Ride,,677,1.03,,,FALSE,Palluccas ,,activities/8533298172.gpx,,,677,557,1029.5,3.755999804,1.848294377,0,0,290.3999939,291.7999878,1.328021407,0,,,,,,,,82.28012085,51.10047913,,,,,,,,,3,,,,,0,4,0,,1,,1675965568,1,9.359999657,7.050000191,2.769999981,0.629999995,1017.799988,4.360000134,6.53000021,276,0,1675948544,1675986816,0.629999995,,,0,,0.059999999,16093,4,298.3999939,,,,0,1.520679474,0,,,,,,,,,,,,
8534768832,"Feb 9, 2023, 10:13:40 PM",Afternoon Commute ,Ride,,5090,1.14,,,FALSE,Shooters ,,activities/8534768832.gpx,,,5090,540,1144.449951,6.267499924,2.119351864,0,0.100000001,290.3999939,291.7999878,1.816530108,-0.008737822,,,,,,,,65.58810425,39.49060059,,,,,,,,,3,,,,,0,4,0,,1,,1675980032,1,10.39000034,10.39000034,2.569999933,0.579999983,1019.400024,4.190000057,5.730000019,306,0,1675948544,1675986816,0.629999995,,,0,,0.310000002,16093,1,300.5,,,,0,0.224842817,0,,,,,,,,,,,,
8538100785,"Feb 10, 2023, 1:39:24 PM",Morning Commute ,Ride,,11603,1.2,,,FALSE,Raider Express and Shooters ,,activities/8538100785.gpx,,,11603,611,1202.859985,3.705999851,1.968674302,0,0,290.3999939,291.7999878,2.109704494,0,,,,,,,,59.63793945,40.62923813,,,,,,,,,3,,,,,0,5,0,,1,,1676034048,3,-0.469999999,-4.889999866,-1.850000024,0.899999976,1029.199951,4.039999962,7.090000153,348,0,1676034944,1676073216,0.670000017,,,0,,0.980000019,16093,0,349.3999939,,,,0,0.103668019,0,,,,,,,,,,,,
8539717565,"Feb 10, 2023, 10:05:36 PM",Afternoon Commute ,Ride,,6102,1.13,,,FALSE,Shooters ,,activities/8539717565.gpx,,,6102,552,1138,3.847998142,2.061594248,0,0,290.3999939,291.7999878,1.620746017,0,,,,,,,,62.72257233,38.60448837,,,,,,,,,3,,,,,0,4,0,,1,,1676066432,1,4.159999847,0.560000002,-4.159999847,0.550000012,1029.900024,4.480000019,5.829999924,17,0,1676034944,1676073216,0.670000017,,,0,,0.140000001,16093,1,351.2999878,,,,0,0.186496228,0,,,,,,,,,,,,
8543332741,"Feb 11, 2023, 2:04:02 PM",Morning Commute ,Ride,,4678,1.11,,,FALSE,Raider Express and Shooters ,,activities/8543332741.gpx,,,4678,511,1116.599976,3.51600337,2.185127258,0,0,290.3999939,291.7999878,1.025641084,0,,,,,,,,44.24012756,25.20647812,,,,,,,,,3,,,,,0,4,0,,1,,1676124032,1,-5.170000076,-5.170000076,-6.110000134,0.930000007,1030.800049,0.800000012,1.909999967,57,0,1676121216,1676159744,0.699999988,,,0,,0.029999999,16093,0,313.7999878,,,,0,0.238691747,0,,,,,,,,,,,,
8545531671,"Feb 11, 2023, 9:00:22 PM",Afternoon Commute ,Ride,,8407,1.2,,,FALSE,Shooters ,,activities/8545531671.gpx,,,8407,609,1208.77002,3.640004396,1.984844089,0,0,290.3999939,291.7999878,1.282050729,0,,,,,,,,63.48813248,43.11066437,,,,,,,,,3,,,,,0,5,0,,1,,1676149248,1,9.340000153,9.340000153,-5.880000114,0.340000004,1025.5,0.560000002,0.949999988,167,0,1676121216,1676159744,0.699999988,,,0,,0,16093,2,297.5,,,,0,0.143781379,0,,,,,,,,,,,,
8550083349,"Feb 12, 2023, 4:01:17 PM",Morning Walk ,Walk,,1404,4.96,,,FALSE,Raider Express ,,activities/8550083349.gpx,,,1404,1283,4961.100098,21.60600662,3.866796732,14.2877779,15.08777809,282.7000122,291.7999878,5.563327789,-0.016125455,,,,,,,,,622.1052246,,,,,,,,,3,,,,,0,10,0,,1,,1676217600,1,5.369999886,1.909999967,0.180000007,0.689999998,1019.5,4.78000021,9.199999809,194,0,1676207616,1676246144,0.730000019,,,0,,0.050000001,16093,2,294.2999878,,,,0,3.533547163,0,,,,,,,,,,,,
8554647711,"Feb 13, 2023, 1:55:41 PM",Morning Commute ,Ride,,7395,1.11,,,FALSE,Raider Express and Shooters ,,activities/8554647711.gpx,,,7395,589,1117.170044,3.87400198,1.89672339,0,0,290.3999939,291.7999878,1.358696222,0,,,,,,,,58.63555908,38.50802231,,,,,,,,,3,,,,,0,4,0,,1,,1676293248,1,0.430000007,-2.119999886,-1.029999971,0.899999976,1016.099976,2.140000105,5.53000021,305,0,1676293888,1676332672,0.769999981,,,0,,0.039999999,16093,0,311.7000122,,,,0,0.151070997,0,,,,,,,,,,,,
8556936951,"Feb 13, 2023, 8:23:39 PM",Afternoon Commute ,Ride,,11336,1.05,,,FALSE,Shooters ,,activities/8556936951.gpx,,,11336,522,1057.680054,3.741998196,2.02620697,0,0,290.3999939,291.7999878,1.105583429,0,,,,,,,,56.25724411,32.74340439,,,,,,,,,3,,,,,0,4,0,,1,,1676318464,1,14.67000008,14.67000008,0.709999979,0.389999986,1014.900024,1.120000005,1.769999981,147,0,1676293888,1676332672,0.769999981,,,0,,0.01,16093,3,306.2000122,,,,0,0.093302757,0,,,,,,,,,,,,
8560304090,"Feb 14, 2023, 2:27:51 PM",Morning Walk ,Walk,,5611,1.22,,,FALSE,Raider Express and Shooters ,,activities/8560304090.gpx,,,5611,1424,1219,2.819999695,0.856039345,0,-0.100000001,290.2999878,291.7999878,1.552794456,0.008203445,,,,,,,,,152.85849,,,,,,,,,3,,,,,0,11,0,,1,,1676383232,5,9.949999809,6.610000134,7.579999924,0.850000024,998.2000122,7.989999771,15.15999985,139,0.737399995,1676380160,1676419072,0.800000012,,,1,5,1,6032,0,299.7999878,,,,0,0.217251822,0,,,,,,,,,,,,
8562673719,"Feb 14, 2023, 10:20:20 PM",Afternoon Commute ,Ride,,4947,1.09,,,FALSE,Shooters ,,activities/8562673719.gpx,,,4947,547,1092.52002,4.709997654,1.997294426,0,0,290.3999939,291.7999878,1.41843915,0,,,,,,,,69.37379456,42.31142426,,,,,,,,,3,,,,,0,4,0,,1,,1676412032,2,13.06000042,13.06000042,7.809999943,0.699999988,992.7000122,9.630000114,16.92000008,196,0,1676380160,1676419072,0.800000012,,,0,,0.720000029,16093,1,322,,,,0,0.220844954,0,,,,,,,,,,,,
8565930850,"Feb 15, 2023, 1:51:02 PM",Morning Commute ,Ride,,7694,1.22,,,FALSE,Raider Express and Shooters ,,activities/8565930850.gpx,,,7694,761,1221.150024,3.647998095,1.604664922,0,0,290.3999939,291.7999878,1.142422199,0,,,,,,,,59.26547241,50.28763962,,,,,,,,,3,,,,,0,6,0,,1,,1676466048,1,2.089999914,-0.150000006,0.50999999,0.889999986,1011,2.109999895,5.599999905,306,0,1676466560,1676505600,0.839999974,,,0,,0,16093,0,285.7999878,,,,0,0.158714592,0,,,,,,,,,,,,
8568081128,"Feb 15, 2023, 9:41:41 PM",Afternoon Commute ,Ride,,3767,1.11,,,FALSE,Shooters ,,activities/8568081128.gpx,,,3767,556,1111.130005,5.590828896,1.998435259,0,0,290.3999939,291.7999878,1.44300139,0,,,,,,,,61.13762665,37.90166092,,,,,,,,,3,,,,,0,4,0,,1,,1676494848,1,12.06000042,12.06000042,4.440000057,0.600000024,1011.299988,5.880000114,7.699999809,45,0,1676466560,1676505600,0.839999974,,,0,,0.109999999,16093,2,290.1000061,,,,0,0.294964164,0,,,,,,,,,,,,
8582012807,"Feb 18, 2023, 2:55:05 PM",Morning Commute ,Ride,,2193,1.33,,,FALSE,Raider Express ,,activities/8582012807.gpx,,,2193,608,1335.76001,14.40095139,2.196973801,0,0.100000001,290.3999939,291.7999878,1.983144999,-0.007486375,,,,,,,,58.22676086,39.47308731,,,,,,,,,3,,,,,0,5,0,,1,,1676728832,2,0.50999999,-4.980000019,-3.559999943,0.74000001,1027.800049,6.369999886,11.10999966,200,0,1676725504,1676764928,0.949999988,,,0,,0.319999993,16093,0,288,,,,0,0.609101713,0,,,,,,,,,,,,
8584135128,"Feb 18, 2023, 10:05:56 PM",Afternoon Commute ,Ride,,5263,1.11,,,FALSE,Shooters ,,activities/8584135128.gpx,,,5263,521,1115.199951,6.699999809,2.140498877,0,0.100000001,290.3999939,291.7999878,1.547389388,-0.008967002,,,,,,,,60.27586746,35.01515579,,,,,,,,,3,,,,,0,4,0,,1,,1676757632,3,8.619999886,4.730000019,-3.809999943,0.409999996,1020.799988,8.569999695,14.42000008,196,0,1676725504,1676764928,0.949999988,,,0,,0.899999976,16093,1,281.2999878,,,,0,0.211894348,0,,,,,,,,,,,,
8587341137,"Feb 19, 2023, 1:13:17 PM",Morning Commute ,Ride,,1321,1.27,,,FALSE,Raider Express ,,activities/8587341137.gpx,,,1321,591,1275.599976,6.372499943,2.158375502,0,0.100000001,290.3999939,291.7999878,1.578532219,-0.007839448,,,,,,,,55.55705261,36.6101532,,,,,,,,,3,,,,,0,4,0,,1,,1676811648,1,1.75999999,-3.059999943,-0.689999998,0.839999974,1014.200012,5.670000076,12.07999992,204,0,1676811904,1676851456,0.99000001,,,0,,0.01,16093,0,307.2000122,,,,0,0.965632081,0,,,,,,,,,,,,
8589320954,"Feb 19, 2023, 6:24:25 PM",Lunch Commute ,Ride,,1735,2.01,,,FALSE,Raider Express ,,activities/8589320954.gpx,,,1735,773,2018.670044,7.959997654,2.611474752,0,0.100000001,290.2999878,291.7999878,2.272735596,-0.004953756,,,,,,,,49.77260971,42.89876175,,,,,,,,,3,,,,,0,6,0,,1,,1676829568,1,12.01000023,12.01000023,2.019999981,0.5,1014.200012,7.03000021,10.10999966,219,0,1676811904,1676851456,0.99000001,,,0,,0.189999998,16093,4,309.6000061,,,,0,1.16349864,0,,,,,,,,,,,,
8593268209,"Feb 20, 2023, 1:58:47 PM",Morning Commute ,Ride,,8364,1.22,,,FALSE,Raider Express and Shooters ,,activities/8593268209.gpx,,,8364,605,1219.26001,4.238000393,2.015305758,0,0,290.3999939,291.7999878,1.445609093,0,,,,,,,,57.84973907,39.02399063,,,,,,,,,3,,,,,0,5,0,,1,,1676898048,2,3.930000067,2.109999895,1.50999999,0.839999974,1009.099976,2.019999981,3.319999933,39,0,1676898176,1676937856,0.029999999,,,0,,0.660000026,16093,0,325,,,,0,0.145774752,0,,,,,,,,,,,,
8595462938,"Feb 20, 2023, 9:16:11 PM",Afternoon Commute ,Ride,,6610,1.85,,,FALSE,Shooters ,,activities/8595462938.gpx,,,6610,848,1853.26001,5.349999905,2.18544817,0,0,290.3999939,291.7999878,2.148242474,0,,,,,,,,51.97064972,49.13928986,,,,,,,,,3,,,,,0,7,0,,1,,1676926848,1,18.28000069,18.28000069,-3.50999999,0.230000004,1008,0.589999974,2.420000076,270,0,1676898176,1676937856,0.029999999,,,0,,0.119999997,16093,2,332,,,,0,0.280372173,0,,,,,,,,,,,,
8598747992,"Feb 21, 2023, 2:11:01 PM",Morning Commute,Ride,,4543,1.22,,,FALSE,Raider Express and Shooters ,,activities/8598747992.gpx,,,4543,615,1226.150024,3.638002634,1.993739843,0,-0.100000001,290.2999878,291.7999878,1.293660998,0.008155609,,,,,,,,44.19501877,30.30562973,,,,,,,,,3,,,,,0,5,0,,1,,1676988032,2,4.440000057,1.429999948,1.059999943,0.790000021,1009.799988,3.579999924,7.610000134,75,0,1676984576,1677024384,0.07,,,0,,0.469999999,16093,0,315.7999878,,,,0,0.269898742,0,,,,,,,,,,,,
8601657300,"Feb 21, 2023, 9:43:59 PM",Evening Commute ,Ride,,12729,1.13,,,FALSE,Shooters ,,activities/8601657300.gpx,,,12729,596,1130.349976,8.409999847,1.896560311,0,0.100000001,290.3999939,291.7999878,1.592990756,-0.008846818,,,,,,,,66.2173233,44.00405884,,,,,,,,,3,,,,,0,4,0,,1,,1677013248,2,17.01000023,17.01000023,3.049999952,0.389999986,1000.400024,6.480000019,11.03999996,151,0,1676984576,1677024384,0.07,,,0,,0.699999988,16093,2,303.2000122,,,,0,0.08880116,0,,,,,,,,,,,,
8609607036,"Feb 23, 2023, 2:40:47 PM",Morning Commute ,Ride,,1315,1.24,,,FALSE,Raider Express ,,activities/8609607036.gpx,,,1315,596,1245.400024,4.806005955,2.089597464,0,0,290.3999939,291.7999878,1.335115194,0,,,,,,,,51.75345993,34.39224243,,,,,,,,,3,,,,,0,4,0,,1,,1677160832,1,-4.809999943,-11.52999973,-8.220000267,0.769999981,1020.799988,5.940000057,9.960000038,308,0,1677157120,1677197312,0.140000001,,,0,,0.079999998,16093,0,273.7000122,,,,0,0.947072268,0,,,,,,,,,,,,
8620360655,"Feb 25, 2023, 1:52:45 PM",Morning Commute ,Ride,,5637,1.13,,,FALSE,Raider Express and Shooters ,,activities/8620360655.gpx,,,5637,587,1135.23999,3.710000515,1.933969378,0,0,290.3999939,291.7999878,1.332445502,0,,,,,,,,48.08317566,31.47067833,,,,,,,,,3,,,,,0,4,0,,1,,1677330048,3,-1.320000052,-1.320000052,-1.75999999,0.970000029,1027.599976,0.660000026,1.980000019,13,0,1677329792,1677370240,0.209999993,,,0,,1,16093,0,263,,,,0,0.201390803,0,,,,,,,,,,,,
8622381386,"Feb 25, 2023, 9:32:47 PM",Afternoon Commute ,Ride,,6838,1.11,,,FALSE,Shooters ,,activities/8622381386.gpx,,,6838,555,1111.52002,3.556005955,2.002738714,0,0,290.3999939,291.7999878,1.828153133,0,,,,,,,,67.66716766,41.87413406,,,,,,,,,3,,,,,0,4,0,,1,,1677358848,3,7.920000076,6.050000191,2.559999943,0.689999998,1021.900024,2.930000067,4.920000076,209,0,1677329792,1677370240,0.209999993,,,0,,0.930000007,16093,2,267.6000061,,,,0,0.162550449,0,,,,,,,,,,,,
8626578780,"Feb 26, 2023, 3:49:39 PM",Morning Walk ,Walk,,740,0.61,,,FALSE,Raider Express ,,activities/8626578780.gpx,,,740,725,612.1799927,1.590000153,0.84438622,0,-1.299999952,290.3999939,291.7999878,1.572326899,0.212355852,,,,,,,,,76.76530457,,,,,,,,,3,,,,,0,6,0,,1,,1677423616,3,7.380000114,4.679999828,6.429999828,0.939999998,1015.700012,4.190000057,8.949999809,177,0,1677416064,1677456640,0.239999995,,,0,,1,14205,1,282.2000122,,,,0,0.827270269,0,,,,,,,,,,,,
8631235687,"Feb 27, 2023, 1:47:42 PM",Morning Ride,Ride,,7262,1.17,,,FALSE,Raider Express and Shooters ,,activities/8631235687.gpx,,,7262,530,1178.849976,5.246999741,2.22424531,0,0.100000001,290.3999939,291.7999878,1.396650314,-0.008482844,,,,,,,,55.25041962,32.65022278,,,,,,,,,3,,,,,0,4,0,,1,,1677502848,8,10.85999966,10.85999966,6.449999809,0.74000001,994.9000244,10.09000015,19.09000015,239,0,1677502464,1677543168,0.280000001,,,0,,0.189999998,16093,0,303.2999878,,,,0,0.162331313,0,,,,,,,,,,,,
8633372413,"Feb 27, 2023, 10:02:44 PM",Afternoon Commute ,Ride,,4790,1.06,,,FALSE,Shooters ,,activities/8633372413.gpx,,,4790,549,1062.430054,3.90599966,1.935209513,0,0,290.3999939,291.7999878,1.919387579,0,,,,,,,,64.0098114,39.18264771,,,,,,,,,3,,,,,0,4,0,,1,,1677535232,1,19.09000015,19.09000015,5.139999866,0.400000006,1003,6.659999847,9.520000458,237,0,1677502464,1677543168,0.280000001,,,0,,0,16093,1,282.7999878,,,,0,0.221801683,0,,,,,,,,,,,,
8636480774,"Feb 28, 2023, 2:13:31 PM",Morning Commute ,Ride,,3463,1.15,,,FALSE,Raider Express and Shooters ,,activities/8636480774.gpx,,,3463,502,1152.369995,4.826001167,2.295557737,0,0,290.3999939,291.7999878,1.355932236,0,,,,,,,,47.70015335,26.6992054,,,,,,,,,3,,,,,0,4,0,,1,,1677592832,1,6.230000019,3.140000105,3.319999933,0.819999993,1008.400024,4.449999809,10.03999996,85,0,1677588736,1677629568,0.310000002,,,0,,0.02,16093,0,277,,,,0,0.332766384,0,,,,,,,,,,,,
8637714450,"Feb 28, 2023, 6:30:39 PM",Lunch Commute ,Ride,,1202,1.42,,,FALSE,City Hall and Palluccas ,,activities/8637714450.gpx,,,1202,754,1425.329956,5.969997883,1.89035809,0,0,290.3999939,291.7999878,2.92397666,0,,,,,,,,51.65583801,43.42757797,,,,,,,,,3,,,,,0,6,0,,1,,1677607168,1,18.68000031,18.68000031,5.5,0.419999987,1005.299988,6.510000229,10.61999989,170,0,1677588736,1677629568,0.310000002,,,0,,0.029999999,16093,6,276.7999878,,,,0,1.185798645,0,,,,,,,,,,,,
8642446377,"Mar 1, 2023, 1:45:29 PM",Morning Commute ,Ride,,8536,1.21,,,FALSE,Raider Express and Shooters ,,activities/8642446377.gpx,,,8536,580,1215.73999,6.611999512,2.09610343,0,0,290.3999939,291.7999878,1.096491337,0,,,,,,,,51.69182968,33.42910767,,,,,,,,,3,,,,,0,4,0,,1,,1677675648,1,7.559999943,4.730000019,2.450000048,0.699999988,1007.099976,4.579999924,9.680000305,323,0,1677675008,1677716096,0.340000004,,,0,,0.07,16093,0,274.5,,,,0,0.142425016,0,,,,,,,,,,,,
8644545589,"Mar 1, 2023, 9:54:53 PM",Afternoon Commute ,Ride,,3608,1.49,,,FALSE,Shooters ,,activities/8644545589.gpx,,,3608,827,1497.540039,7.802001953,1.810810208,0,0,290.3999939,291.7999878,1.064962745,0,,,,,,,,56.47571945,52.07654572,,,,,,,,,3,,,,,0,6,0,,1,,1677704448,2,15.75,15.75,-0.50999999,0.330000013,1010,4.679999828,6.230000019,38,0,1677675008,1677716096,0.340000004,,,0,,0.730000019,16093,3,268.8999939,,,,0,0.415060997,0,,,,,,,,,,,,
8653296282,"Mar 3, 2023, 1:36:08 PM",Morning Walk ,Walk,,8585,1.36,,,FALSE,Raider Express and Shooters ,,activities/8653296282.gpx,,,8585,1660,1361.689941,3.467325926,0.820295155,0,0,290.3999939,291.7999878,1.560063362,0,,,,,,,,,170.7513275,,,,,,,,,3,,,,,0,13,0,,1,,1677848448,5,4.269999981,-0.090000004,3.420000076,0.939999998,998,6.150000095,10.43000031,355,0.623600006,1677847680,1677889024,0.400000006,,,1,5,1,11654,0,416,,,,0,0.158612683,0,,,,0,,,,,,,,
8658953201,"Mar 4, 2023, 2:06:08 PM",Morning Commute ,Ride,,6700,3.32,,,FALSE,Raider Express and Shooters ,,activities/8658953201.gpx,,,6700,1932,3325.529785,11.74899864,1.721288681,0,0,290.3999939,291.7999878,2.141344786,0,,,,,,,,60.35031891,130.0054474,,,,,,,,,3,,,,,0,16,0,,1,,1677938432,1,1.919999957,0.649999976,0.800000012,0.920000017,1014.799988,1.360000014,3.099999905,199,0,1677934080,1677975424,0.430000007,,,0,,0.300000012,16093,0,324.8999939,,,,0,0.496347725,0,,,,,,,,,,,,
8666902522,"Mar 5, 2023, 8:47:09 PM",Afternoon Commute ,Ride,,1537,1.86,,,FALSE,Raider Express ,,activities/8666902522.gpx,,,1537,702,1867.77002,4.160009861,2.660640955,0,0,290.3999939,291.7999878,2.382838488,0,,,,,,,,46.62211227,36.49252319,,,,,,,,,3,,,,,0,5,0,,1,,1678046464,1,21.80999947,21.80999947,8.989999771,0.439999998,1010.900024,10.31999969,14.77000046,188,0,1678020352,1678061824,0.460000008,,,0,,0.170000002,16093,4,301.6000061,,,,0,1.215204954,0,,,,,,,,,,,,
8670339704,"Mar 6, 2023, 1:32:34 PM",Morning Commute ,Ride,,10251,1.22,,,FALSE,Raider Express and Shooters ,,activities/8670339704.gpx,,,10251,608,1226.900024,4.047003269,2.017927647,0,0,290.3999939,291.7999878,1.771477818,0,,,,,,,,58.23347473,39.47763824,,,,,,,,,3,,,,,0,5,0,,1,,1678107648,2,14.27999973,14.27999973,9.649999619,0.74000001,1009.799988,6.019999981,11.56000042,217,0,1678106624,1678148352,0.49000001,,,0,,0.699999988,16093,0,292.3999939,,,,0,0.119685888,0,,,,,,,,,,,,
8672399557,"Mar 6, 2023, 9:59:23 PM",Afternoon Commute ,Ride,,5586,1.11,,,FALSE,Shooters ,,activities/8672399557.gpx,,,5586,518,1117.640015,4.150000095,2.157606125,0,-0.100000001,290.2999878,291.7999878,1.555209875,0.008947425,,,,,,,,83.18489838,48.04510117,,,,,,,,,3,,,,,0,4,0,,1,,1678136448,2,20.44000053,20.44000053,8.699999809,0.469999999,1014.400024,5.03000021,6.489999771,17,0,1678106624,1678148352,0.49000001,,,0,,0.430000007,16093,3,287.2999878,,,,0,0.200078771,0,,,,,,,,,,,,
8675824008,"Mar 7, 2023, 1:48:34 PM",Morning Commute ,Ride,,8634,1.16,,,FALSE,Raider Express and Shooters ,,activities/8675824008.gpx,,,8634,555,1163.01001,4.530004978,2.095513582,0,0,290.3999939,291.7999878,1.624695659,0,,,,,,,,52.26248932,32.3413353,,,,,,,,,3,,,,,0,4,0,,1,,1678194048,2,2.200000048,-2.74000001,0.25999999,0.870000005,1022.900024,6.179999828,10.76000023,47,0,1678193024,1678234752,0.519999981,,,0,,0.75999999,16093,0,281.2000122,,,,0,0.134701177,0,,,,,,,,,,,,
8678082364,"Mar 7, 2023, 10:07:17 PM",Afternoon Commute ,Ride,,4601,1.1,,,FALSE,Shooters ,,activities/8678082364.gpx,,,4601,514,1099.390015,7.773999691,2.138890982,0,0,290.3999939,291.7999878,1.03087461,0,,,,,,,,62.17976761,35.63584518,,,,,,,,,3,,,,,0,4,0,,1,,1678226432,3,11.82999992,11.82999992,5.639999866,0.660000026,1019,5.239999771,9.300000191,70,0,1678193024,1678234752,0.519999981,,,0,,0.99000001,16093,1,276.8999939,,,,0,0.238945886,0,,,,,,,,,,,,
8681357452,"Mar 8, 2023, 1:37:57 PM",Morning Commute ,Ride,,8831,1.22,,,FALSE,Raider Express and Shooters ,,activities/8681357452.gpx,,,8831,550,1226.869995,7.581999779,2.230672836,0,0.100000001,290.2999878,291.7999878,2.915451527,-0.008150822,,,,,,,,56.3531189,34.55854797,,,,,,,,,3,,,,,0,4,0,,1,,1678280448,3,7.03000021,4.659999847,7.019999981,1,1021.099976,3.440000057,6.670000076,97,0,1678279296,1678321152,0.550000012,,,0,,1,16093,0,287.2999878,,,,0,0.138927639,0,,,,,,,,,,,,
8686292737,"Mar 9, 2023, 1:51:01 PM",Morning Commute ,Ride,,4539,1.13,,,FALSE,Raider Express and Shooters ,,activities/8686292737.gpx,,,4539,543,1132.829956,4.015999794,2.086242914,0,0,290.3999939,291.7999878,1.537277818,0,,,,,,,,53.81791687,32.58378983,,,,,,,,,3,,,,,0,4,0,,1,,1678366848,3,8.239999771,7.159999847,7.960000038,0.980000019,1016.900024,1.980000019,5.03000021,114,0,1678365568,1678407680,0.579999983,,,0,,1,10929,0,308.3999939,,,,0,0.249576986,0,,,,,,,,,,,,
8688644838,"Mar 9, 2023, 9:37:30 PM",Afternoon Commute ,Ride,,7815,1.13,,,FALSE,Raider Express and Shooters ,,activities/8688644838.gpx,,,7815,497,1130.660034,3.968005419,2.274969816,0,0,290.3999939,291.7999878,1.598719716,0,,,,,,,,53.14154053,29.44865227,,,,,,,,,3,,,,,0,4,0,,1,,1678395648,3,8.649999619,5.880000114,7.21999979,0.910000026,1017.400024,5.059999943,7.909999847,333,0,1678365568,1678407680,0.579999983,,,0,,0.99000001,16093,2,311.2999878,,,,0,0.14467819,0,,,,,,,,,,,,
8691559680,"Mar 10, 2023, 1:57:55 PM",Morning Commute ,Ride,,7891,1.25,,,FALSE,Raider Express and Shooters ,,activities/8691559680.gpx,,,7891,704,1250.579956,8.973999977,1.776391983,0,0,290.3999939,292,2.949857473,0,,,,,,,,56.65058517,44.46844101,,,,,,,,,3,,,,,0,5,0,,1,,1678453248,2,0.99000001,-2.869999886,-0.649999976,0.889999986,1024.199951,3.720000029,6.739999771,350,0,1678451840,1678494080,0.610000014,,,0,,0.689999998,16093,0,336.7000122,,,,0,0.158481807,0,,,,,,,,,,,,
8693162145,"Mar 10, 2023, 9:50:43 PM",Afternoon Commute ,Ride,,4922,1.15,,,FALSE,Shooters ,,activities/8693162145.gpx,,,4922,558,1154.819946,9.061999321,2.069569826,0,0,290.3999939,291.7999878,1.027748823,0,,,,,,,,68.26200104,42.47056961,,,,,,,,,3,,,,,0,4,0,,1,,1678482048,2,7.849999905,5.739999771,0.819999993,0.610000014,1021,3.289999962,3.710000038,53,0,1678451840,1678494080,0.610000014,,,0,,0.589999974,16093,3,328.8999939,,,,0,0.234624133,0,,,,,,,,,,,,
8696701256,"Mar 11, 2023, 2:03:10 PM",Morning Commute ,Ride,,3349,1.08,,,FALSE,Raider Express and Shooters ,,activities/8696701256.gpx,,,3349,506,1083.339966,6.669999599,2.140988111,0,0,290.3999939,291.7999878,1.461987495,0,,,,,,,,48.07374954,27.12272835,,,,,,,,,3,,,,,0,4,0,,1,,1678543232,3,6.590000153,2.690000057,3.690000057,0.819999993,1008,6.619999886,12.18000031,133,0,1678538240,1678580608,0.649999976,,,0,,1,16093,1,293.1000061,,,,0,0.323481619,0,,,,,,,,,,,,
8702974258,"Mar 12, 2023, 2:53:37 PM",Morning Walk ,Walk,,750,0.59,,,FALSE,Raider Express ,,activities/8702974258.gpx,,,750,750,592.6099854,2.004004002,0.790146649,0,-1.299999952,290.3999939,291.7999878,1.612904072,0.219368562,,,,,,,,,74.31129456,,,,,,,,,3,,,,,0,6,0,,1,,1678629632,3,2.019999981,-2.680000067,0.5,0.899999976,1016.5,5.570000172,9.739999771,16,0,1678624512,1678667008,0.680000007,,,0,,0.949999988,16093,0,315.2999878,,,,0,0.790146649,0,,,,,,,,,,,,
8707705274,"Mar 13, 2023, 12:58:51 PM",Morning Commute ,Ride,,6909,1.21,,,FALSE,Raider Express and Shooters ,,activities/8707705274.gpx,,,6909,630,1216.829956,5.470000267,1.931476116,0,0,290.3999939,291.7999878,1.426533103,0,,,,,,,,59.05490875,41.48311996,,,,,,,,,3,,,,,0,5,0,,1,,1678708736,1,-2.730000019,-7.510000229,-6.429999828,0.75999999,1025.199951,3.839999914,8.979999542,349,0,1678710784,1678753536,0.709999979,,,0,,0.150000006,16093,0,321.3999939,,,,0,0.176122442,0,,,,,,,,,,,,
8710005463,"Mar 13, 2023, 9:05:19 PM",Afternoon Commute ,Ride,,6549,1.07,,,FALSE,Shooters ,,activities/8710005463.gpx,,,6549,561,1077.349976,3.831994534,1.920409918,0,0,290.3999939,291.7999878,1.740645528,0,,,,,,,,56.58788681,35.39657211,,,,,,,,,3,,,,,0,4,0,,1,,1678741248,2,4.989999771,1.809999943,-5.159999847,0.479999989,1027.300049,4.059999943,5.079999924,333,0,1678710784,1678753536,0.709999979,,,0,,0.400000006,16093,3,334.3999939,,,,0,0.164506033,0,,,,,,,,,,,,
8734913591,"Mar 18, 2023, 1:00:37 PM",Morning Commute ,Ride,,1926,1.22,,,FALSE,Raider Express ,,activities/8734913591.gpx,,,1926,589,1221.619995,3.604000807,2.074057817,0,0,290.3999939,291.7999878,1.477651,0,,,,,,,,53.65759277,35.23881912,,,,,,,,,3,,,,,0,4,0,,1,,1679144448,1,-3.99000001,-10.10999966,-9.430000305,0.660000026,1028.699951,5.309999943,11.48999977,332,0,1679142400,1679185792,0.899999976,,,0,,0.02,16093,0,323.6000061,,,,0,0.634278297,0,,,,,,,,,,,,
8737634594,"Mar 18, 2023, 8:21:44 PM",Afternoon Commute ,Ride,,6780,1.09,,,FALSE,Shooters ,,activities/8737634594.gpx,,,6780,531,1095.619995,3.805999756,2.063314438,0,0,290.3999939,291.7999878,1.254704952,0,,,,,,,,51.11720657,30.26470757,,,,,,,,,3,,,,,0,4,0,,1,,1679169536,2,2.390000105,-3.079999924,-11.31000042,0.360000014,1029.300049,7.619999886,9.979999542,323,0,1679142400,1679185792,0.899999976,,,0,,0.409999996,16093,4,329.7999878,,,,0,0.161595866,0,,,,,,,,,,,,
8741931622,"Mar 19, 2023, 2:44:05 PM",Morning Walk ,Walk,,805,0.65,,,FALSE,Raider Express ,,activities/8741931622.gpx,,,805,786,650.2000122,2.531994581,0.82722646,0,-1.299999952,290.3999939,291.7999878,1.587300777,0.199938476,,,,,,,,,81.53288269,,,,,,,,,3,,,,,0,6,0,,1,,1679234432,1,-4.789999962,-8.609999657,-11.09000015,0.610000014,1035.5,2.430000067,4.010000229,293,0,1679228672,1679272320,0.939999998,,,0,,0.02,16093,1,332.5,,,,0,0.807701886,0,,,,,,,,,,,,
8761034040,"Mar 22, 2023, 9:10:53 PM",Afternoon Commute ,Ride,,6206,1.1,,,FALSE,Shooters ,,activities/8761034040.gpx,,,6206,482,1100.599976,4.059999943,2.283402443,0,0,290.3999939,291.7999878,1.626016259,0,,,,,,,,59.09273529,31.75820732,,,,,,,,,3,,,,,0,4,0,,1,,1679518848,8,24.19000053,25.03000069,17.40999985,0.660000026,1008.52002,8.81000042,14.18000031,205,0,1679487616,1679531520,0.125,,,0.550000012,5,0.930000007,24130.5,3,,,,,0,0.177344501,0,,,,,,,,,,,,
8764675360,"Mar 23, 2023, 4:40:18 PM",Lunch Commute ,Ride,,662,1.06,,,FALSE,Palluccas ,,activities/8764675360.gpx,,,662,536,1059.599976,10.31999969,1.976865649,0,0,290.3999939,291.7999878,1.265822768,0,,,,,,,,70.30586243,42.01759338,,,,,,,,,3,,,,,0,4,0,,1,,1679587200,3,12.69999981,12.31000042,10.76000023,0.879999995,1013.609985,5.329999924,7.400000095,343,0,1679573888,1679618048,0.125,,,0.920000017,5,0.920000017,19610.23047,3,,,,,0,1.600604177,0,,,,,,,,,,,,
8766615305,"Mar 23, 2023, 9:27:03 PM",Afternoon Commute ,Ride,,6338,1.08,,,FALSE,Shooters ,,activities/8766615305.gpx,,,6338,556,1087.540039,4.597998142,1.956007242,0,0,290.3999939,291.7999878,1.148105741,0,,,,,,,,66.04063416,40.94123077,,,,,,,,,3,,,,,0,4,0,,1,,1679605248,5,10.31999969,9.640000343,6.960000038,0.800000012,1013.090027,5.260000229,7.650000095,17,0.400000006,1679573888,1679618048,0.125,,,0.920000017,5,1,19189.96094,3,,,,,0,0.171590418,0,,,,,,,,,,,,
8769547328,"Mar 24, 2023, 12:51:21 PM",Morning Commute ,Ride,,8184,1.14,,,FALSE,Raider Express and Shooters ,,activities/8769547328.gpx,,,8184,569,1144.660034,3.818005323,2.011704922,0,0,290.3999939,291.7999878,1.023431182,0,,,,,,,,53.09561539,33.68571854,,,,,,,,,3,,,,,0,4,0,,1,,1679659264,3,4.769999981,1.159999967,3.779999971,0.930000007,1011.059998,4.75,8.140000343,29,0,1679660160,1679704448,0.125,,,0.959999979,5,0.99000001,15441.82031,0,,,,,0,0.139865592,0,,,,,,,,,,,,
8771532315,"Mar 24, 2023, 8:59:50 PM",Afternoon Walk ,Walk,,7299,1.17,,,FALSE,Shooters ,,activities/8771532315.gpx,,,7299,1408,1178.300049,2.148998976,0.836860836,0,0,290.3999939,291.7999878,1.574803472,0,,,,,,,,,147.7548523,,,,,,,,,3,,,,,0,11,0,,1,,1679687936,5,9.68999958,7.630000114,8.159999847,0.899999976,1003.890015,3.950000048,6.460000038,35,0.400000006,1679660160,1679704448,0.125,,,0.959999979,5,0.99000001,15033.69043,4,,,,,0,0.161433086,0,,,,,,,,,,,,
8775125555,"Mar 25, 2023, 12:49:22 PM",Morning Commute ,Ride,,7905,1.17,,,FALSE,Raider Express and Shooters ,,activities/8775125555.gpx,,,7905,597,1170.099976,4.540002346,1.959966421,0,0,290.3999939,291.7999878,1.932366014,0,,,,,,,,56.12365341,37.35898972,,,,,,,,,3,,,,,0,4,0,,1,,1679745536,1,3.019999981,2.279999971,2.190000057,0.939999998,1008.349976,0.610000014,1.450000048,263,0,1679746560,1679790976,0.125,,,0,1,0.230000004,16253.76953,0,,,,,0,0.148020238,0,,,,,,,,,,,,
8776812773,"Mar 25, 2023, 7:08:41 PM",Afternoon Commute ,Ride,,4264,1.09,,,FALSE,Shooters ,,activities/8776812773.gpx,,,4264,506,1092.429932,6.292500019,2.158952475,0,0,290.3999939,291.7999878,1.721169949,0,,,,,,,,61.28219223,34.57479858,,,,,,,,,3,,,,,0,4,0,,1,,1679770752,1,13.85999966,12.97000027,5.639999866,0.579999983,1010.650024,2.460000038,4.010000229,206,0,1679746560,1679790976,0.125,,,0,1,0.289999992,27304.01953,5,,,,,0,0.256198376,0,,,,,,,,,,,,
8777381470,"Mar 25, 2023, 10:12:32 PM",Afternoon Commute ,Ride,,1024,0.58,,,FALSE,Shooters ,,activities/8777381470.gpx,,,1024,388,587.4299927,3.490002394,1.513994813,0,-1.299999952,290.3999939,291.7999878,1.669448614,0.221302971,,,,,,,,60.06251526,25.9842453,,,,,,,,,3,,,,,0,3,0,,1,,1679781632,1,15.44999981,14.59000015,6.650000095,0.560000002,1009.309998,2.089999914,4.360000134,185,0,1679746560,1679790976,0.125,,,0,1,0.300000012,29427.25,2,,,,,0,0.573662102,0,,,,,,,,,,,,
8781487777,"Mar 26, 2023, 2:51:55 PM",Morning Commute ,Walk,,2476,9.14,,,FALSE,Raider Express and Walmart ,,activities/8781487777.gpx,,,2476,2090,9146.719727,26.31665039,4.376420975,20.37090874,20.37090874,282.7000122,291.8999939,4.286876202,0,,,,,,,,,1146.967773,,,,,,,,,3,,,,,0,17,0,,1,,1679839232,1,5.460000038,3.089999914,1.799999952,0.769999981,1015.880005,2.930000067,5.380000114,283,0,1679832832,1679877376,0.125,,,0.349999994,5,0.140000001,23024.61914,1,,,,,0,3.69415164,0,,,,,,,,,,,,
8786406022,"Mar 27, 2023, 12:57:00 PM",Morning Commute ,Ride,,9723,1.18,,,FALSE,Raider Express and Shooters ,,activities/8786406022.gpx,,,9723,642,1188.5,3.740002394,1.851246119,0,0,290.3999939,291.7999878,1.017294049,0,,,,,,,,55.06150436,39.41467667,,,,,,,,,3,,,,,0,5,0,,1,,1679918336,1,-0.670000017,-1.429999948,-2.160000086,0.899999976,1022.039978,1.00999999,2.450000048,14,0,1679919104,1679963776,0.125,,,0,1,0.090000004,18193.33008,0,,,,,0,0.122235939,0,,,,,,,,,,,,
8788761176,"Mar 27, 2023, 9:02:58 PM",Afternoon Commute ,Ride,,8763,1.02,,,FALSE,Shooters ,,activities/8788761176.gpx,,,8763,431,1023.159973,3.985998631,2.373921156,0,0,290.3999939,291.7999878,1.628664613,0,,,,,,,,43.65240097,20.97781563,,,,,,,,,3,,,,,0,3,0,,1,,1679950848,2,12.40999985,11.31000042,1.210000038,0.460000008,1021.369995,2.539999962,5.289999962,62,0,1679919104,1679963776,0.125,,,0,1,0.400000006,32253.28906,3,,,,,0,0.116759099,0,,,,,,,,,,,,
8791852173,"Mar 28, 2023, 12:44:25 PM",Morning Commute ,Ride,,8125,1.24,,,FALSE,Raider Express and Shooters ,,activities/8791852173.gpx,,,8125,614,1244.26001,6.590000153,2.026482105,0,0.100000001,290.3999939,291.7999878,1.222492695,-0.008036905,,,,,,,,75.43333435,51.64241409,,,,,,,,,3,,,,,0,5,0,,1,,1680004864,3,3.269999981,-0.439999998,1.620000005,0.889999986,1028.98999,4.269999981,8.510000229,343,0,1680005376,1680050304,0.25,,,0,1,0.870000005,15012.87012,0,,,,,0,0.153139696,0,,,,,,,,,,,,
8794225286,"Mar 28, 2023, 8:58:59 PM",Afternoon Commute ,Ride,,4342,1.08,,,FALSE,Shooters ,,activities/8794225286.gpx,,,4342,503,1087.469971,5.743751526,2.161968231,0,0,290.3999939,291.7999878,1.270648837,0,,,,,,,,68.90562439,38.6453743,,,,,,,,,3,,,,,0,4,0,,1,,1680033536,2,9.340000153,7.78000021,0.360000014,0.529999971,1029.130005,2.880000114,5.760000229,10,0,1680005376,1680050304,0.25,,,0,1,0.50999999,28453.5,4,,,,,0,0.250453711,0,,,,,,,,,,,,
8797600212,"Mar 29, 2023, 12:49:11 PM",Morning Commute ,Ride,,7073,1.14,,,FALSE,Raider Express and Shooters ,,activities/8797600212.gpx,,,7073,554,1146,4.045996189,2.068592072,0,-0.100000001,290.2999878,291.7999878,2.762431145,0.008726004,,,,,,,,58.85706711,36.3565979,,,,,,,,,3,,,,,0,4,0,,1,,1680091136,1,-1.25,-2.00999999,-2.769999981,0.889999986,1024.880005,0.930000007,3.039999962,159,0,1680091776,1680136704,0.375,,,0,1,0.300000012,19497.38086,0,,,,,0,0.162024602,0,,,,,,,,,,,,
8799758833,"Mar 29, 2023, 7:52:11 PM",Afternoon Commute ,Ride,,4641,1.86,,,FALSE,Shooters and Jefferson loop ,,activities/8799758833.gpx,,,4641,739,1862.430054,4,2.520203114,0,0,290.3999939,291.7999878,1.945531249,0,,,,,,,,50.7028923,41.77842331,,,,,,,,,3,,,,,0,6,0,,1,,1680116352,1,15.27000046,14.17000008,3.299999952,0.449999988,1021.299988,3.970000029,6.170000076,202,0,1680091776,1680136704,0.375,,,0,1,0.039999999,34651.92188,7,,,,,0,0.401299298,0,,,,,,,,,,,,
8802928952,"Mar 30, 2023, 12:57:05 PM",Morning Commute ,Ride,,3174,1.24,,,FALSE,Raider Express and Shooters ,,activities/8802928952.gpx,,,3174,531,1244.189941,11.36400127,2.343107224,0,0,290.3999939,291.7999878,1.440922499,0,,,,,,,,59.0153656,34.94093323,,,,,,,,,3,,,,,0,4,0,,1,,1680177664,1,9.989999771,8.340000153,4.889999866,0.709999979,1016.799988,3.269999981,6.929999828,155,0,1680178048,1680223232,0.375,,,0.439999998,5,0.189999998,24011.34961,0,,,,,0,0.391994298,0,,,,,,,,,,,,
8804108123,"Mar 30, 2023, 5:25:03 PM",Lunch Commute ,Ride,,642,1.12,,,FALSE,Palluccas ,,activities/8804108123.gpx,,,642,521,1125.369995,8.136666298,2.160019159,0,0,290.3999939,291.7999878,1.366633534,0,,,,,,,,64.25782776,37.32833481,,,,,,,,,3,,,,,0,4,0,,1,,1680195584,8,16.92000008,16.29000092,9.329999924,0.610000014,1015.25,7.179999828,14.42000008,177,0,1680178048,1680223232,0.375,,,0.579999983,5,0.800000012,25041.25977,4,,,,,0,1.75291276,0,,,,,,,,,,,,
8805978140,"Mar 30, 2023, 8:45:19 PM",Afternoon Commute ,Ride,,15162,1.29,,,FALSE,Shooters ,,activities/8805978140.gpx,,,15162,1535,1297.77002,5.112500191,0.845452785,0,0,290.3999939,291.7999878,1.424500585,0,,,,,,,,71.49983215,122.3737488,,,,,,,,,3,,,,,0,12,0,,1,,1680206336,8,19.86000061,19.36000061,10.88000011,0.560000002,1011.330017,7.349999905,12.65999985,174,0,1680178048,1680223232,0.375,,,0.600000024,5,0.980000019,27875.7793,4,,,,,0,0.085593589,0,,,,,,,,,,,,
8808270426,"Mar 31, 2023, 12:50:23 PM",Morning Commute ,Ride,,5367,1.2,,,FALSE,Raider Express and Shooters ,,activities/8808270426.gpx,,,5367,532,1203.079956,4.176666737,2.261428595,0,-0.100000001,290.2999878,291.7999878,1.436781645,0.008312,,,,,,,,53.74307632,31.87931824,,,,,,,,,3,,,,,0,4,0,,1,,1680263936,8,18.84000015,19.37999916,16.76000023,0.879999995,1002.460022,8.010000229,15.80000019,190,0,1680264320,1680309632,0.375,,,0.730000019,5,0.970000029,16988.24023,0,,,,,0,0.224162459,0,,,,,,,,,,,,
8809247975,"Mar 31, 2023, 5:43:25 PM",Lunch Commute ,Ride,,839,0.98,,,FALSE,Palluccas ,,activities/8809247975.gpx,,,839,499,983.8300171,4.911993504,1.971603274,0,-0.100000001,290.2999878,291.7999878,2.754820824,0.010164358,,,,,,,,51.3216095,28.55457497,,,,,,,,,3,,,,,0,4,0,,1,,1680281984,5,22.94000053,23.79000092,17.59000015,0.720000029,999.9500122,10.39999962,16.73999977,213,0.300000012,1680264320,1680309632,0.375,,,0.790000021,5,0.430000007,16543.30078,5,,,,,0,1.172622204,0,,,,,,,,,,,,
8813746785,"Apr 1, 2023, 12:47:55 PM",Morning Commute ,Ride,,7400,1.15,,,FALSE,Raider Express and Shooters ,,activities/8813746785.gpx,,,7400,599,1157.219971,3.653995752,1.931919813,0,-0.100000001,290.2999878,291.7999878,1.848428845,0.008641399,,,,,,,,58.93843842,39.36410141,,,,,,,,,3,,,,,0,4,0,,1,,1680350464,8,2.660000086,-2.49000001,-4.659999847,0.589999974,1017.549988,6.940000057,14.46000004,302,0,1680350720,1680396032,0.375,,,0,1,0,27454.14063,0,,,,,0,0.156381071,0,,,,,,,,,,,,
8815725235,"Apr 1, 2023, 8:38:51 PM",Afternoon Commute ,Ride,,6276,1.31,,,FALSE,Shooters ,,activities/8815725235.gpx,,,6276,950,1310.609985,5.263000488,1.379589438,0,0,290.3999939,291.7999878,1.531980038,0,,,,,,,,58.28338623,61.73667908,,,,,,,,,3,,,,,0,7,0,,1,,1680379136,1,14.61999989,13.25,-2.339999914,0.310000002,1019.429993,4.179999828,8.670000076,303,0,1680350720,1680396032,0.375,,,0,1,0,51338.98828,6,,,,,0,0.208828866,0,,,,,,,,,,,,
8820090323,"Apr 2, 2023, 2:55:41 PM",Morning Walk ,Walk,,957,1.01,,,FALSE,Raider Express ,,activities/8820090323.gpx,,,957,957,1015.280029,7.170996189,1.060898662,0,-1.399999976,290.3999939,291.7999878,1.612908006,0.137892991,,,,,,,,,127.3126907,,,,,,,,,3,,,,,0,7,0,,1,,1680444032,1,11.09000015,10.02999973,1.149999976,0.5,1013.039978,5.550000191,11.81000042,160,0,1680436992,1680482560,0.375,,,0,1,0.059999999,26677.34961,1,,,,,0,1.060898662,0,,,,,,,,,,,,
8825147900,"Apr 3, 2023, 1:04:52 PM",Morning Commute ,Ride,,6541,1.19,,,FALSE,Raider Express and Shooters ,,activities/8825147900.gpx,,,6541,640,1195.150024,3.573998928,1.867421865,0,0,290.3999939,291.7999878,1.029866219,0,,,,,,,,64.63044739,46.12028503,,,,,,,,,3,,,,,0,5,0,,1,,1680526848,3,15.05000019,14.86999989,12.73999977,0.860000014,1002.5,5.320000172,10.72999954,177,0,1680523264,1680568960,0.375,,,0,1,0.709999979,17937.58984,0,,,,,0,0.182716712,0,,,,,,,,,,,,
8827790819,"Apr 3, 2023, 8:42:25 PM",Afternoon Commute ,Ride,,10253,2.14,,,FALSE,Shooters and Jefferson loop ,,activities/8827790819.gpx,,,10253,883,2141.659912,9.115991592,2.42543602,0,0.100000001,290.2999878,291.7999878,3.22580409,-0.004669276,,,,,,,,62.7804718,61.81019974,,,,,,,,,3,,,,,0,7,0,,1,,1680551936,8,26.53000069,26.70000076,14.71000004,0.479999989,999.6500244,6.96999979,10.14999962,197,0,1680523264,1680568960,0.375,,,0,1,0.01,32090.32031,6,,,,,0,0.208881289,0,,,,,,,,,,,,
8830936359,"Apr 4, 2023, 12:53:09 PM",Morning Commute ,Ride,,5594,1.19,,,FALSE,Raider Express and Shooters ,,activities/8830936359.gpx,,,5594,623,1191.599976,6.967999935,1.912680507,0,0,290.3999939,291.7999878,1.758242965,0,,,,,,,,77.38301086,53.75372314,,,,,,,,,3,,,,,0,5,0,,1,,1680609536,8,20.81999969,21.72999954,18.04999924,0.839999974,998.0700073,6.710000038,12.82999992,183,0,1680609664,1680655488,0.375,,,0.529999971,5,0.189999998,19884.86914,0,,,,,0,0.213013932,0,,,,,,,,,,,,
8833483415,"Apr 4, 2023, 8:51:05 PM",Afternoon Commute ,Ride,,3092,1.18,,,FALSE,Shooters ,,activities/8833483415.gpx,,,3092,571,1185.280029,4.346666813,2.075796843,0,-0.100000001,290.2999878,291.7999878,1.600000024,0.008436825,,,,,,,,67.71598816,43.11240005,,,,,,,,,3,,,,,0,4,0,,1,,1680638464,8,26.39999962,27.92000008,19.23999977,0.649999976,996.7700195,10.35000038,17.15999985,194,0,1680609664,1680655488,0.375,,,0.379999995,5,0.939999998,21656.85938,4,,,,,0,0.383337647,0,,,,,,,,,,,,
8839602593,"Apr 5, 2023, 9:11:29 PM",Afternoon Commute ,Ride,,6811,1.07,,,FALSE,Shooters ,,activities/8839602593.gpx,,,6811,559,1071.109985,7.976000309,1.916118026,0,0.100000001,290.2999878,291.7999878,1.547987819,-0.009336109,,,,,,,,59.44034195,37.04827499,,,,,,,,,3,,,,,0,4,0,,1,,1680728448,1,12.34000015,11.15999985,-0.5,0.409999996,1018.390015,5.309999943,8.930000305,315,0,1680695936,1680741888,0.5,,,0.730000019,5,0,30302.16992,5,,,,,0,0.157261774,0,,,,,,,,,,,,
8850590937,"Apr 7, 2023, 9:46:07 PM",Afternoon Commute ,Ride,,4950,1.89,,,FALSE,Shooters and Jefferson loop ,,activities/8850590937.gpx,,,4950,777,1898.550049,4.933996677,2.443436384,0,0,290.3999939,291.7999878,1.667130232,0,,,,,,,,57.01382828,49.39421463,,,,,,,,,3,,,,,0,6,0,,1,,1680901248,1,18.01000023,16.52000046,-1.049999952,0.270000011,1025.329956,3.660000086,5.309999943,94,0,1680868480,1680914816,0.5,,,0,1,0.159999996,55148.85156,4,,,,,0,0.383545458,0,,,,,,,,,,,,
8854629428,"Apr 8, 2023, 12:49:59 PM",Morning Commute ,Ride,,8760,1.12,,,FALSE,Raider Express and Shooters ,,activities/8854629428.gpx,,,8760,554,1119.089966,3.920000076,2.020018101,0,0,290.3999939,291.7999878,1.738375068,0,,,,,,,,53.52661514,33.0639267,,,,,,,,,3,,,,,0,4,0,,1,,1680955136,1,4.590000153,3.25,-2.819999933,0.589999974,1025.47998,1.669999957,3.529999971,104,0,1680954880,1681001216,0.625,,,0,1,0.25,30947.57031,0,,,,,0,0.127749994,0,,,,,,,,,,,,
8856695674,"Apr 8, 2023, 8:46:30 PM",Afternoon Commute ,Ride,,7232,2.32,,,FALSE,Shooters and Leighton loop,,activities/8856695674.gpx,,,7232,847,2322.590088,5.093994141,2.742136955,3.07058835,3.07058835,288.2999878,291.7999878,2.601901531,0,,,,,,,,42.19826126,39.85224915,,,,,,,,,3,,,,,0,7,0,,1,,1680984064,1,19.47999954,17.87999916,-1.450000048,0.239999995,1022.080017,3.680000067,5.860000134,102,0,1680954880,1681001216,0.625,,,0,1,0,49722.55078,6,,,,,0,0.321154594,0,,,,,,,,,,,,
8860731621,"Apr 9, 2023, 2:51:02 PM",Morning Walk ,Walk,,768,0.59,,,FALSE,Raider Express ,,activities/8860731621.gpx,,,768,745,597.5900269,1.626000047,0.802134275,0,-1.299999952,290.3999939,291.7999878,1.602562666,0.217540443,,,,,,,,,74.93576813,,,,,,,,,3,,,,,0,6,0,,1,,1681048832,1,12.42000008,11.71000004,7.380000114,0.709999979,1025.47998,3.960000038,7.849999905,146,0,1681041152,1681087744,0.625,,,0,1,0.01,24366.23047,1,,,,,0,0.778111994,0,,,,,,,,,,,,
8866534837,"Apr 10, 2023, 1:02:08 PM",Morning Commute ,Ride,,7801,1.81,,,FALSE,"Raider Express, Shooters and Jefferson loop ",,activities/8866534837.gpx,,,7801,844,1811.25,3.632006884,2.146030903,0,0,290.3999939,291.7999878,2.417410612,0,,,,,,,,51.44367218,48.41158295,,,,,,,,,3,,,,,0,7,0,,1,,1681131648,3,10.69999981,10.19999981,9.390000343,0.920000017,1025.280029,2.660000086,5.420000076,185,0,1681127424,1681174144,0.625,,,0.370000005,5,0.829999983,16965.43945,0,,,,,0,0.232181773,0,,,,,,,,,,,,
8868545867,"Apr 10, 2023, 8:43:00 PM",Afternoon Commute ,Ride,,6288,1.26,,,FALSE,Shooters ,,activities/8868545867.gpx,,,6288,591,1262.5,10.12166309,2.136209726,0,0,290.3999939,291.7999878,1.226992488,0,,,,,,,,74.96207428,49.39738083,,,,,,,,,3,,,,,0,4,0,,1,,1681156864,2,21.93000031,21.71999931,12.85999966,0.560000002,1023.140015,4.210000038,6.039999962,186,0,1681127424,1681174144,0.625,,,0,1,0.569999993,28338.03906,4,,,,,0,0.200779259,0,,,,,,,,,,,,
8871838367,"Apr 11, 2023, 1:00:23 PM",Morning Commute ,Ride,,3857,1.8,,,FALSE,"Raider Express, Shooters and Jefferson loop ",,activities/8871838367.gpx,,,3857,834,1808.640015,3.82800293,2.168633223,0,0,290.3999939,291.7999878,2.534849644,0,,,,,,,,47.4146347,44.09134293,,,,,,,,,3,,,,,0,6,0,,1,,1681218048,1,11.09000015,10.46000004,7.96999979,0.810000002,1025.339966,2.279999971,5.110000134,182,0,1681213824,1681260672,0.625,,,0,1,0.01,20232.98047,0,,,,,0,0.468924046,0,,,,,,,,,,,,
8875670167,"Apr 11, 2023, 7:27:47 PM",Evening Commute ,Ride,,28750,1.22,,,FALSE,Shooters ,,activities/8875670167.gpx,,,28750,631,1220.699951,7.742000103,1.934548259,0,0,290.3999939,291.7999878,2.762428761,0,,,,,,,,72.22147369,50.8125,,,,,,,,,3,,,,,0,5,0,,1,,1681239552,1,23.18000031,22.69000053,11.38000011,0.469999999,1023.02002,4.690000057,7.590000153,202,0,1681213824,1681260672,0.625,,,0,1,0.319999993,32680.63086,7,,,,,0,0.04245913,0,,,,,,,,,,,,
8883363474,"Apr 13, 2023, 12:29:41 PM",Morning Commute ,Ride,,1500,1.35,,,FALSE,Raider Express ,,activities/8883363474.gpx,,,1500,571,1358.699951,12.53599834,2.379509449,0,0,290.3999939,291.7999878,1.886792779,0,,,,,,,,63.23271561,40.25805664,,,,,,,,,3,,,,,0,4,0,,1,,1681387264,2,10.31000042,9.609999657,6.760000229,0.790000021,1012.330017,3.130000114,6.28000021,177,0,1681386368,1681433600,0.875,,,0,1,0.49000001,23210.21094,0,,,,,0,0.905799985,0,,,,,,,,,,,,
8884574520,"Apr 13, 2023, 4:35:32 PM",Lunch Commute ,Ride,,1277,1.87,,,FALSE,Palluccas 2 different times ,,activities/8884574520.gpx,,,1277,887,1875.47998,4.495995998,2.114408016,0,0,290.3999939,291.7999878,1.84928298,0,,,,,,,,64.44687653,63.73828506,,,,,,,,,3,,,,,0,7,0,,1,,1681401600,1,21.03000069,20.79000092,12.69999981,0.589999974,1011.419983,4.809999943,8.119999886,195,0,1681386368,1681433600,0.875,,,0,1,0.230000004,29114.96094,5,,,,,0,1.468660951,0,,,,,,,,,,,,
8890967413,"Apr 14, 2023, 7:03:20 PM",Afternoon Commute ,Ride,,4353,7.71,,,FALSE," HC/SEK, Walmart and Starbucks ",,activities/8890967413.gpx,,,4353,2774,7711.419922,5.702050686,2.779891729,15.32656384,15.42656422,285.5,292,4.681571007,-0.001296778,,,,,,,,46.49796677,143.8186798,,,,,,,,,3,,,,,0,23,0,,1,,1681498752,8,26.17000008,25.72999954,11.93999958,0.409999996,1004.460022,7.03000021,10.51000023,171,0,1681472768,1681520000,0.875,,,0.349999994,5,0.140000001,34895.16016,8,,,,,0,1.771518469,0,,,,,,,,,,,,
8894107801,"Apr 15, 2023, 11:24:50 AM",Morning Commute ,Ride,,1744,0.59,,,FALSE,Raider Express ,,activities/8894107801.gpx,,,1744,275,597.1300049,4.059997559,2.17138195,0,-1.399999976,290.2999878,291.7999878,1.602564216,0.234454811,,,,,,,,44.18166733,13.54720402,,,,,,,,,3,,,,,0,2,0,,1,,1681556352,3,17.79000092,17.76000023,13.77000046,0.769999981,1004.830017,3.670000076,6.889999866,179,0,1681559040,1681606400,0.875,,,0.709999979,5,0.860000014,22297.46094,0,,,,,0,0.342391044,0,,,,,,,,,,,,
8901971041,"Apr 16, 2023, 2:55:54 PM",Morning Walk ,Walk,,926,0.8,,,FALSE,Raider Express ,,activities/8901971041.gpx,,,926,874,804.8699951,4.538000584,0.920903862,0,-1.299999952,290.3999939,291.7999878,1.567396879,0.161516771,,,,,,,,,100.9279785,,,,,,,,,3,,,,,0,7,0,,1,,1681653632,1,7.980000019,4.53000021,-0.090000004,0.569999993,1020.619995,6.389999866,13.53999996,297,0,1681645440,1681692928,0.875,,,0,1,0.050000001,29221.13086,1,,,,,0,0.869190037,0,,,,,,,,,,,,
8907327545,"Apr 17, 2023, 12:50:17 PM",Morning Commute ,Ride,,10216,1.14,,,FALSE,Raider Express and Shooters ,,activities/8907327545.gpx,,,10216,555,1144.099976,3.680000067,2.061441422,0,0,290.3999939,291.7999878,1.176470637,0,,,,,,,,69.08908081,42.75405121,,,,,,,,,3,,,,,0,4,0,,1,,1681732864,1,1.399999976,0.540000021,-3.569999933,0.699999988,1018.950012,0.99000001,3.609999895,271,0,1681731712,1681779328,0.875,,,0,1,0,22829.90039,0,,,,,0,0.111990996,0,,,,,,,,,,,,
8909506201,"Apr 17, 2023, 8:44:25 PM",Afternoon Commute ,Ride,,6294,1.88,,,FALSE,Shooters and Jefferson loop ,,activities/8909506201.gpx,,,6294,834,1881.699951,4.239999771,2.256235123,0,0,290.3999939,291.7999878,3.278688431,0,,,,,,,,61.01224518,56.73589706,,,,,,,,,3,,,,,0,6,0,,1,,1681761536,1,21.31999969,19.86000061,2.390000105,0.289999992,1013.349976,4.789999962,8.31000042,211,0,1681731712,1681779328,0.875,,,0,1,0,43210.78906,7,,,,,0,0.298967272,0,,,,,,,,,,,,
8912696951,"Apr 18, 2023, 12:51:04 PM",Morning Commute ,Ride,,3824,1.15,,,FALSE,Raider Express and Shooters ,,activities/8912696951.gpx,,,3824,576,1156,4.320000172,2.006944418,0,0,290.3999939,291.7999878,2,0,,,,,,,,71.74034882,46.07452393,,,,,,,,,3,,,,,0,4,0,,1,,1681819136,5,15.25,14.36999989,6.389999866,0.560000002,1009.27002,5.760000229,10.47999954,205,0.400000006,1681817984,1681865856,0,,,0.389999986,5,0.860000014,28819.73047,0,,,,,0,0.302301258,0,,,,,,,,,,,,
8915386065,"Apr 18, 2023, 7:59:02 PM",Afternoon Commute ,Ride,,4675,1.11,,,FALSE,Shooters ,,activities/8915386065.gpx,,,4675,552,1110.400024,3.480000019,2.011594296,0,0,290.3999939,291.7999878,2,0,,,,,,,,73.41007996,45.18243408,,,,,,,,,3,,,,,0,4,0,,1,,1681844352,8,25.79000092,25.53000069,12.80000019,0.449999988,1007.159973,7.460000038,12.53999996,190,0,1681817984,1681865856,0,,,0.349999994,5,0.180000007,33813.66016,8,,,,,0,0.237518713,0,,,,,,,,,,,,
8919352825,"Apr 19, 2023, 12:50:25 PM",Morning Commute ,Ride,,8851,1.18,,,FALSE,Raider Express and Shooters ,,activities/8919352825.gpx,,,8851,597,1180.900024,3.5,1.978056908,0,0,290.3999939,291.7999878,1.190476179,0,,,,,,,,56.5920372,37.67077255,,,,,,,,,3,,,,,0,4,0,,1,,1681905664,8,16.90999985,16.68000031,12.47999954,0.75,1006.340027,7.329999924,13.85999966,186,0,1681904384,1681952256,0,,,0.310000002,5,0.439999998,23628.03906,0,,,,,0,0.133419946,0,,,,,,,,,,,,
8931024479,"Apr 21, 2023, 12:33:53 PM",Morning Commute ,Ride,,10128,1.15,,,FALSE,Raider Express and Shooters ,,activities/8931024479.gpx,,,10128,568,1158.47998,3.59400034,2.039577484,0,0,290.3999939,291.7999878,1.962708116,0,,,,,,,,51.18785095,32.41828918,,,,,,,,,3,,,,,0,4,0,,1,,1682078464,3,4.559999943,3.829999924,3.50999999,0.930000007,1017.909973,0.340000004,0.99000001,291,0,1682076928,1682125184,0.125,,,0,1,0.790000021,17181.75977,0,,,,,0,0.114383884,0,,,,,,,,,,,,
8932931941,"Apr 21, 2023, 8:38:11 PM",Afternoon Commute ,Ride,,6285,1.23,,,FALSE,Shooters ,,activities/8932931941.gpx,,,6285,659,1237.880005,11.5783329,1.878421903,0,0.100000001,290.3999939,291.7999878,2.785512209,-0.008078327,,,,,,,,64.43334961,47.3446579,,,,,,,,,3,,,,,0,5,0,,1,,1682107136,1,18.61000061,17.11000061,-0.75999999,0.270000011,1016.169983,4.760000229,9.909999847,303,0,1682076928,1682125184,0.125,,,0,1,0.079999998,46973.82813,5,,,,,0,0.196957842,0,,,,,,,,,,,,
8937235645,"Apr 22, 2023, 12:48:21 PM",Morning Commute ,Ride,,9288,1.15,,,FALSE,Raider Express and Shooters ,,activities/8937235645.gpx,,,9288,612,1157.880005,3.489996433,1.89196074,0,0,290.3999939,291.7999878,1.041666865,0,,,,,,,,53.62318802,36.59139252,,,,,,,,,3,,,,,0,5,0,,1,,1682164736,1,2.289999962,-0.560000002,-3.74000001,0.639999986,1020.710022,2.75999999,7.320000172,324,0,1682163328,1682211584,0.125,,,0,1,0.300000012,26616.08008,0,,,,,0,0.124664083,0,,,,,,,,,,,,
8943566886,"Apr 22, 2023, 8:03:28 PM",Afternoon Commute ,Ride,,291,0.52,,,FALSE,Shooters ,,activities/8943566886.gpx,,,291,249,525,5.800000191,2.108433723,0,-1.200000048,290.5,291.7999878,1.724137902,0.22857143,,,,,,,,62.83057404,17.44396591,,,,,,,,,3,,,,,0,2,0,,1,,1682193664,2,11.42000008,10.22000027,-2.079999924,0.389999986,1020.559998,4.409999847,9.460000038,322,0,1682163328,1682211584,0.125,,,0,1,0.519999981,35234.12109,4,,,,,0,1.804123759,0,,,,,,,,,,,,
8943717673,"Apr 23, 2023, 2:52:59 PM",Morning Walk ,Walk,,1198,1.24,,,FALSE,Raider Express ,,activities/8943717673.gpx,,,1198,1198,1247.069946,5.482007027,1.040959835,0,-1.399999976,290.3999939,291.7999878,1.536099553,0.112263151,,,,,,,,,156.3783569,,,,,,,,,3,,,,,0,9,0,,1,,1682258432,1,6.389999866,5.409999847,-1.610000014,0.569999993,1024.030029,1.129999995,2.779999971,184,0,1682249600,1682298112,0.125,,,0,1,0.059999999,27233.91016,2,,,,,0,1.040959835,0,,,,,,,,,,,,
8948266145,"Apr 24, 2023, 12:42:19 PM",Morning Commute ,Ride,,1564,1.23,,,FALSE,Raider Express ,,activities/8948266145.gpx,,,1564,573,1233.609985,4.388000488,2.15289712,0,-0.100000001,290.2999878,291.7999878,1.483129382,0.008106289,,,,,,,,45.98961639,29.38253403,,,,,,,,,3,,,,,0,4,0,,1,,1682337536,1,2.599999905,1.24000001,-3.039999962,0.660000026,1022.039978,1.470000029,4.309999943,167,0,1682336000,1682384512,0.125,,,0,1,0.170000002,26162.9707,0,,,,,0,0.788753211,0,,,,,,,,,,,,
8963140151,"Apr 26, 2023, 9:46:14 PM",Afternoon Commute ,Ride,,916,1.06,,,FALSE,Palluccas ,,activities/8963140151.gpx,,,916,446,1059.26001,6.347918034,2.375022411,0,0,290.3999939,291.7999878,1.197605014,0,,,,,,,,53.86227036,26.78516769,,,,,,,,,3,,,,,0,3,0,,1,,1682542848,3,18.95000076,17.72999954,3.910000086,0.370000005,1015.799988,6.110000134,9.279999733,110,0,1682508544,1682557440,0.125,,,0.349999994,5,0.970000029,34756.85156,3,,,,,0,1.156397343,0,,,,,,,,,,,,
8969157462,"Apr 27, 2023, 8:50:37 PM",Afternoon Commute ,Ride,,7007,1.17,,,FALSE,Shooters ,,activities/8969157462.gpx,,,7007,564,1169.949951,4.073998928,2.074379444,0,0.100000001,290.3999939,291.7999878,1.230012774,-0.008547374,,,,,,,,59.08971024,37.1591568,,,,,,,,,3,,,,,0,4,0,,1,,1682625536,3,15.68000031,15.09000015,9.420000076,0.660000026,1009.22998,3.819999933,6.139999866,101,0,1682594944,1682643840,0.25,,,0.790000021,5,0.850000024,19320.81055,4,,,,,0,0.166968733,0,,,,,,,,,,,,
8972052369,"Apr 28, 2023, 1:15:49 PM",Morning Commute ,Ride,,1445,2.09,,,FALSE,Raider Express ,,activities/8972052369.gpx,,,1445,578,2095.449951,20.95349693,3.625345945,0,0.5,289.7000122,291.7999878,3.236409664,-0.023861224,,,,,,,,123.0017548,79.27094269,,,,,,,,,3,,,,,0,4,0,,1,,1682686848,3,7.699999809,7.079999924,7.03000021,0.959999979,1011.539978,0.889999986,2.599999905,345,0,1682681216,1682730368,0.375,,,0.469999999,5,0.800000012,9475.040039,1,,,,,0,1.45013833,0,,,,,,,,,,,,
8974378811,"Apr 28, 2023, 9:04:43 PM",Afternoon Commute ,Ride,,6920,1.06,,,FALSE,Shooters ,,activities/8974378811.gpx,,,6920,487,1064.540039,3.635998487,2.185913801,0,0,290.3999939,291.7999878,1.485881686,0,,,,,,,,55.11051559,29.92528534,,,,,,,,,3,,,,,0,4,0,,1,,1682715648,3,17.69000053,17.11000061,9.989999771,0.610000014,1010.5,1.669999957,3.319999933,208,0,1682681216,1682730368,0.375,,,0.600000024,5,0.99000001,20763.48047,3,,,,,0,0.153835267,0,,,,,,,,,,,,
8978385904,"Apr 29, 2023, 2:39:54 PM",Morning Commute ,Ride,,1537,1.34,,,FALSE,Raider Express ,,activities/8978385904.gpx,,,1537,683,1345.609985,3.934497118,1.970146418,0,-0.100000001,290.2999878,291.7999878,1.47601521,0.007431574,,,,,,,,57.94480515,44.12757492,,,,,,,,,3,,,,,0,5,0,,1,,1682776832,1,11.46000004,10.71000004,6.449999809,0.709999979,1013.820007,5.239999771,9.56000042,356,0,1682767616,1682816768,0.375,,,0,1,0.219999999,22749.36914,2,,,,,0,0.875478208,0,,,,,,,,,,,,
8980429877,"Apr 29, 2023, 7:56:46 PM",Afternoon Commute ,Ride,,7957,1.18,,,FALSE,Shooters ,,activities/8980429877.gpx,,,7957,535,1184.01001,7.216000557,2.213102818,0,0.100000001,290.3999939,291.7999878,1.044932127,-0.008445875,,,,,,,,46.84658432,27.94515991,,,,,,,,,3,,,,,0,4,0,,1,,1682794752,1,17.76000023,16.57999992,3.769999981,0.389999986,1011,3.089999914,7.449999809,325,0,1682767616,1682816768,0.375,,,0,1,0.029999999,36744.78906,7,,,,,0,0.148801059,0,,,,,,,,,,,,
8984812664,"Apr 30, 2023, 2:44:14 PM",Morning Walk ,Walk,,918,0.84,,,FALSE,Raider Express ,,activities/8984812664.gpx,,,918,918,842.3900146,3.803002834,0.917636156,0,-1.299999952,290.3999939,291.7999878,1.574801683,0.154322818,,,,,,,,,105.6328659,,,,,,,,,3,,,,,0,7,0,,1,,1682863232,1,11.90999985,10.85999966,1.899999976,0.5,1012.380005,6.349999905,13.57999992,331,0,1682853888,1682903296,0.375,,,0,1,0.029999999,31199.78906,2,,,,,0,0.917636156,0,,,,,,,,,,,,
8996407857,"May 2, 2023, 1:12:14 PM",Morning Commute ,Ride,,1421,1.37,,,FALSE,Raider Express and City Hall,,activities/8996407857.gpx,,,1421,680,1374.589966,5.633996487,2.021455765,0,0,290.3999939,291.7999878,1.300389647,0,,,,,,,,65.32984924,49.5330925,,,,,,,,,3,,,,,0,5,0,,1,,1683032448,1,8.449999809,6.03000021,-1.039999962,0.50999999,1015.97998,4.119999886,9.130000114,343,0,1683026560,1683076224,0.375,,,0,1,0,30469.69922,1,,,,,0,0.967339873,0,,,,,,,,,,,,
8999272860,"May 2, 2023, 8:57:50 PM",Afternoon Commute ,Ride,,3621,0.81,,,FALSE,Shooters ,,activities/8999272860.gpx,,,3621,712,810.6599731,5.316666603,1.138567328,0,0,290.3999939,292,5.75263834,0,,,,,,,,65.78598022,52.2261734,,,,,,,,,3,,,,,0,5,0,,1,,1683057664,1,19.15999985,17.64999962,-0.280000001,0.270000011,1014.070007,4.559999943,9.449999809,316,0,1683026560,1683076224,0.375,,,0,1,0,47206.53906,7,,,,,0,0.22387737,0,,,,,,,,,,,,
9006021317,"May 3, 2023, 9:49:31 PM",Afternoon Commute ,Ride,,5029,1.2,,,FALSE,Shooters ,,activities/9006021317.gpx,,,5029,614,1202.209961,6.59833765,1.957996726,0,0,290.3999939,291.7999878,0.987816095,0,,,,,,,,68.14403534,46.65208817,,,,,,,,,3,,,,,0,5,0,,1,,1683147648,1,23.09000015,21.45999908,1.399999976,0.239999995,1013.150024,1.960000038,4.019999981,234,0,1683112960,1683162624,0.375,,,0,1,0.129999995,49573.71094,5,,,,,0,0.23905547,0,,,,,,,,,,,,
9009597184,"May 4, 2023, 12:52:24 PM",Morning Commute ,Ride,,8239,1.17,,,FALSE,Raider Express and Shooters ,,activities/9009597184.gpx,,,8239,645,1177.349976,4.754004002,1.825348854,0,0,290.3999939,291.7999878,1.511716247,0,,,,,,,,65.39464569,47.03019333,,,,,,,,,3,,,,,0,5,0,,1,,1683201536,3,11.25,10.46000004,5.889999866,0.699999988,1013.400024,0.720000029,2.279999971,142,0,1683199232,1683249024,0.5,,,0.889999986,5,0.949999988,25326.18945,0,,,,,0,0.142899618,0,,,,,,,,,,,,
9010518384,"May 4, 2023, 5:20:36 PM",Lunch Commute ,Ride,,573,0.71,,,FALSE,Palluccas ,,activities/9010518384.gpx,,,573,564,716.4299927,3.414001465,1.270265937,0,-0.100000001,290.3999939,291.7999878,1.21506691,0.013958098,,,,,,,,49.24612045,30.96891594,,,,,,,,,3,,,,,0,4,0,,1,,1683219584,3,20.92000008,20.03000069,8.06000042,0.439999998,1013.48999,3.940000057,6.690000057,183,0,1683199232,1683249024,0.5,,,0.790000021,5,0.99000001,36757.05859,4,,,,,0,1.250314116,0,,,,,,,,,,,,
9015611423,"May 5, 2023, 12:39:53 PM","
Morning Commute ",Ride,,8623,1.11,,,FALSE,Raider Express and Shooters ,,activities/9015611423.gpx,,,8623,578,1114.849976,3.633999586,1.928806186,0,0,290.3999939,291.7999878,2.134469271,0,,,,,,,,67.54846954,43.5329628,,,,,,,,,3,,,,,0,4,0,,1,,1683288064,1,12.80000019,12.47999954,11.47999954,0.920000017,1011.190002,3.730000019,7.110000134,141,0,1683285632,1683335552,0.625,,,0.680000007,5,0.360000014,16920.21094,0,,,,,0,0.129287943,0,,,,,,,,,,,,
9021938567,"May 6, 2023, 12:53:48 PM",Morning Commute ,Ride,,8958,1.19,,,FALSE,Raider Express and Shooters ,,activities/9021938567.gpx,,,8958,613,1194.290039,5.257995605,1.948270917,0,0,290.3999939,292,4.354165554,0,,,,,,,,57.75349045,39.47422028,,,,,,,,,3,,,,,0,5,0,,1,,1683374336,2,20.06999969,21,18.26000023,0.889999986,1009.51001,5.360000134,10.84000015,170,0,1683371904,1683421952,0.625,,,0.519999981,5,0.419999987,17826.15039,0,,,,,0,0.133321062,0,,,,,,,,,,,,
9023949391,"May 6, 2023, 8:48:18 PM",Afternoon Commute ,Ride,,6628,1.28,,,FALSE,Shooters ,,activities/9023949391.gpx,,,6628,677,1286.079956,5.423998833,1.899675012,0,-0.100000001,290.2999878,291.7999878,1.196172118,0.007775567,,,,,,,,65.759552,49.63892746,,,,,,,,,3,,,,,0,5,0,,1,,1683403264,8,30.42000008,32.75,20.54000092,0.560000002,1008.289978,7.829999924,12.64000034,203,0,1683371904,1683421952,0.625,,,0.310000002,6,0.039999999,30562.67969,8,,,,,0,0.194037408,0,,,,,,,,,,,,
9028455214,"May 7, 2023, 2:56:16 PM",Morning Walk ,Walk,,793,0.72,,,FALSE,Raider Express ,,activities/9028455214.gpx,,,793,793,719.8400269,10.00666714,0.907742798,0,-1.200000048,290.2999878,291.7999878,2.038739681,0.166703701,,,,,,,,,90.26551056,,,,,,,,,3,,,,,0,6,0,,1,,1683468032,2,23.42000008,23.95000076,16.32999992,0.639999986,1012.440002,5.110000134,9.130000114,192,0,1683458304,1683508480,0.625,,,0.469999999,5,0.479999989,28214.07031,2,,,,,0,0.907742798,0,,,,,,,,,,,,
9034073893,"May 8, 2023, 12:44:41 PM",Morning Commute,Ride,,9006,1.24,,,FALSE,Raider Express and Shooters ,,activities/9034073893.gpx,,,9006,565,1248.51001,9.149993896,2.209752321,0,0,290.3999939,291.7999878,1.976058841,0,,,,,,,,60.19695282,37.9225769,,,,,,,,,3,,,,,0,4,0,,1,,1683547136,1,20.48999977,21.86000061,19.79000092,0.959999979,1009.400024,3.710000038,7.429999828,185,0,1683544576,1683594880,0.625,,,0.629999995,5,0.270000011,17437.98047,0,,,,,0,0.138630912,0,,,,,,,,,,,,
9034792498,"May 8, 2023, 4:40:28 PM",Lunch Commute ,Ride,,1732,1.42,,,FALSE,Hair salon Jefferson and Leighton ,,activities/9034792498.gpx,,,1732,759,1428.810059,4.730000019,1.882490158,0,0,290.3999939,291.5,3.076923132,0,,,,,,,,62.26296234,52.69221115,,,,,,,,,3,,,,,0,6,0,,1,,1683561600,1,26.90999985,28.85000038,20.27000046,0.670000017,1010.049988,5.150000095,7.739999771,217,0,1683544576,1683594880,0.625,,,0.610000014,5,0.140000001,26275.41016,6,,,,,0,0.824948072,0,,,,,,,,,,,,
9036169587,"May 8, 2023, 7:51:48 PM",Afternoon Commute ,Ride,,6838,2.15,,,FALSE,"Jefferson and Leighton, Shooters ",,activities/9036169587.gpx,,,6838,959,2150.48999,5.840014458,2.242429495,0,0,290.3999939,291.7999878,2.244660378,0,,,,,,,,47.87207413,51.18889236,,,,,,,,,3,,,,,0,7,0,,1,,1683572352,2,28.60000038,30.79000092,20.56999969,0.620000005,1009.869995,3.130000114,4.929999828,226,0,1683544576,1683594880,0.625,,,0.649999976,5,0.460000008,25827.08984,7,,,,,0,0.314491063,0,,,,,,,,,,,,
9042130453,"May 9, 2023, 6:50:59 PM",Afternoon Commute ,Ride,,7352,7.54,,,FALSE,Walmart and Starbucks ,,activities/9042130453.gpx,,,7352,2970,7543.379883,5.756005764,2.53985858,11.63500023,11.63500023,285.5,292,4.373109341,0,,,,,,,,53.87313461,178.4035797,,,,,,,,,3,,,,,0,24,0,,1,,1683655168,1,28.02000046,30.29999924,20.90999985,0.649999976,1014,2.779999971,5.239999771,130,0,1683630976,1683681408,0.625,,,0.74000001,5,0.239999995,24526.49023,9,,,,,0,1.026031017,0,,,,,,,,,,,,
9051686406,"May 11, 2023, 12:44:50 PM",Morning Commute ,Ride,,1224,1.35,,,FALSE,Raider Express ,,activities/9051686406.gpx,,,1224,575,1357.51001,5.615499973,2.360887051,0,0.100000001,290.3999939,291.7999878,1.009589672,-0.007366428,,,,,,,,62.03512573,39.7722702,,,,,,,,,3,,,,,0,4,0,,1,,1683806464,5,17.78000069,18.26000023,16.53000069,0.920000017,1010.98999,3.779999971,7.78000021,117,0.699999988,1683803648,1683854208,0.75,,,0.970000029,5,0.99000001,11846.75,0,,,,,0,1.109076858,0,,,,,,,,,,,,
9053114362,"May 11, 2023, 5:18:50 PM",Lunch Commute ,Ride,,570,0.99,,,FALSE,Palluccas ,,activities/9053114362.gpx,,,570,541,994.1900024,4.539327145,1.837689519,0,0,290.3999939,291.7999878,1.47819674,0,,,,,,,,70.89329529,42.76390076,,,,,,,,,3,,,,,0,4,0,,1,,1683824384,5,20.79000092,21.59000015,17.64999962,0.819999993,1010.559998,3.720000029,6.550000191,135,0.699999988,1683803648,1683854208,0.75,,,0.939999998,5,0.980000019,12307.66016,4,,,,,0,1.744192958,0,,,,,,,,,,,,
9054546248,"May 11, 2023, 8:59:44 PM",Afternoon Commute ,Ride,,3778,1.3,,,FALSE,Shooters ,,activities/9054546248.gpx,,,3778,1437,1305.909912,4.163998604,0.908775151,0,0,290.3999939,291.7999878,1.324502826,0,,,,,,,,48.10030746,77.0689621,,,,,,,,,3,,,,,0,11,0,,1,,1683835136,2,24.21999931,25.75,19.62999916,0.75999999,1008.880005,2.680000067,5.260000229,147,0,1683803648,1683854208,0.75,,,0.939999998,5,0.589999974,17978.28906,5,,,,,0,0.3456617,0,,,,,,,,,,,,
9066056501,"May 13, 2023, 6:46:39 PM",Afternoon Commute ,Ride,,5614,1.2,,,FALSE,Shooters ,,activities/9066056501.gpx,,,5614,674,1200.420044,4.969995022,1.781038642,0,0,290.3999939,291.7999878,1.368925333,0,,,,,,,,63.66137695,47.84216309,,,,,,,,,3,,,,,0,5,0,,1,,1684000768,2,25.88999939,27.29000092,19,0.660000026,1015.840027,3.029999971,4.789999962,235,0,1683976320,1684027136,0.875,,,0.74000001,5,0.449999988,25898.98047,8,,,,,0,0.21382615,0,,,,,,,,,,,,
9070868262,"May 14, 2023, 2:50:54 PM",Morning Walk ,Walk,,784,0.6,,,FALSE,Raider Express ,,activities/9070868262.gpx,,,784,768,605.3200073,2.170007229,0.788177073,0,-1.299999952,290.3999939,291.7999878,1.56494534,0.214762434,,,,,,,,,75.9050827,,,,,,,,,3,,,,,0,6,0,,1,,1684072832,2,22.77000046,24.37999916,20.12999916,0.850000024,1020.390015,1.519999981,3.99000001,197,0,1684062592,1684113664,0.875,,,0.800000012,5,0.610000014,19799.30078,2,,,,,0,0.772091866,0,,,,,,,,,,,,
9075493101,"May 15, 2023, 1:07:21 PM",Morning Commute ,Ride,,1192,1.22,,,FALSE,Raider Express ,,activities/9075493101.gpx,,,1192,579,1224.969971,4.688000679,2.115664959,0,-0.100000001,290.2999878,291.7999878,1.550387621,0.008163465,,,,,,,,45.80943298,29.57388306,,,,,,,,,3,,,,,0,4,0,,1,,1684155648,5,19.54000092,20.43000031,18.15999985,0.920000017,1021.289978,2.329999924,3.690000057,39,1.899999976,1684148992,1684200064,0.875,,,0.939999998,5,0.930000007,14215.09961,1,,,,,0,1.027659416,0,,,,,,,,,,,,
9078206990,"May 15, 2023, 9:26:50 PM",Afternoon Commute ,Ride,,1560,1.69,,,FALSE,Raider Express ,,activities/9078206990.gpx,,,1560,695,1693.829956,13.68499756,2.437165499,0,-0.100000001,290.2999878,292.2000122,3.541873932,0.00590378,,,,,,,,52.54182434,40.7159729,,,,,,,,,3,,,,,0,5,0,,1,,1684184448,5,22.09000015,23.63999939,20.06999969,0.879999995,1018.72998,4.170000076,6.809999943,16,0.5,1684148992,1684200064,0.875,,,0.860000014,5,0.99000001,14783.38965,4,,,,,0,1.085788488,0,,,,,,,,,,,,
9081674575,"May 16, 2023, 1:26:49 PM",Morning Commute ,Ride,,1202,1.78,,,FALSE,Raider Express ,,activities/9081674575.gpx,,,1202,736,1781.920044,7.778002739,2.421087027,0,0,290.3999939,292.2999878,4.398822308,0,,,,,,,,58.44326019,47.96087646,,,,,,,,,3,,,,,0,6,0,,1,,1684242048,3,15.14999962,15.14999962,13.98999977,0.930000007,1017.469971,3.319999933,6.03000021,336,0,1684235392,1684286464,0.875,,,0,1,0.980000019,17116.2793,1,,,,,0,1.482462645,0,,,,,,,,,,,,
9088006439,"May 17, 2023, 1:47:37 PM",Morning Commute ,Ride,,1243,1.26,,,FALSE,Raider Express ,,activities/9088006439.gpx,,,1243,500,1262.359985,6.063704967,2.524719954,0,0.100000001,290.3999939,291.7999878,1.430615544,-0.007921671,,,,,,,,48.06388092,26.79561234,,,,,,,,,3,,,,,0,4,0,,1,,1684328448,2,16.05999947,16.09000015,14.18999958,0.889999986,1014.570007,1.289999962,3.24000001,343,0,1684321664,1684372992,0,,,0,1,0.449999988,16902.11914,1,,,,,0,1.015575171,0,,,,,,,,,,,,
9089904807,"May 17, 2023, 7:08:27 PM",Lunch Commute ,Ride,,904,0.99,,,FALSE,Palluccas ,,activities/9089904807.gpx,,,904,419,994.1300049,7.547500134,2.372625351,0,0,290.3999939,291.7999878,2.304145336,0,,,,,,,,52.83641815,24.68438148,,,,,,,,,3,,,,,0,3,0,,1,,1684349952,2,23.36000061,23.39999962,14.18999958,0.560000002,1012.97998,1.419999957,3.5,59,0,1684321664,1684372992,0,,,0.310000002,6,0.389999986,30004.41016,8,,,,,0,1.099701285,0,,,,,,,,,,,,
9094228103,"May 18, 2023, 1:22:18 PM",Morning Commute ,Ride,,1345,1.28,,,FALSE,Raider Express ,,activities/9094228103.gpx,,,1345,591,1284.550049,6.236663818,2.173519611,0,0,290.3999939,291.7999878,1.924001098,0,,,,,,,,43.72016144,28.81005478,,,,,,,,,3,,,,,0,4,0,,1,,1684414848,2,16.23999977,16.35000038,14.63000011,0.899999976,1014.659973,0.439999998,1.49000001,88,0,1684408064,1684459392,0,,,0,1,0.589999974,15284.70996,1,,,,,0,0.955055773,0,,,,,,,,,,,,
9097069991,"May 18, 2023, 9:05:24 PM",Afternoon Commute ,Ride,,4173,2.25,,,FALSE,Shooters ,,activities/9097069991.gpx,,,4173,1018,2254.620117,4.29600811,2.214754581,2.053947449,2.053947449,289.2999878,291.7999878,2.938307047,0,,,,,,,,46.33442307,52.5928154,,,,,,,,,3,,,,,0,8,0,,1,,1684443648,2,26.39999962,26.96999931,16.26000023,0.540000021,1013.119995,2.359999895,4.090000153,188,0,1684408064,1684459392,0,,,0.319999993,5,0.469999999,32027.7793,5,,,,,0,0.540287614,0,,,,,,,,,,,,
9100258994,"May 19, 2023, 1:27:55 PM",Morning Commute ,Ride,,1159,1.33,,,FALSE,Raider Express ,,activities/9100258994.gpx,,,1159,547,1335.709961,7.719991207,2.441882849,0,0,290.3999939,292.2999878,2.754817247,0,,,,,,,,54.97203064,33.52771759,,,,,,,,,3,,,,,0,4,0,,1,,1684501248,3,18.54999924,19,16.35000038,0.870000005,1015.22998,1.549999952,3.200000048,184,0,1684494464,1684545920,0,,,0.870000005,5,0.949999988,22038.59961,1,,,,,0,1.152467608,0,,,,,,,,,,,,
9106556960,"May 20, 2023, 1:25:00 PM",Morning Commute ,Ride,,2754,1.27,,,FALSE,Raider Express ,,activities/9106556960.gpx,,,2754,559,1273.76001,5.388000488,2.278640509,0,0,290.3999939,291.7999878,1.65152657,0,,,,,,,,54.07481766,33.70402145,,,,,,,,,3,,,,,0,4,0,,1,,1684587648,1,10.80000019,10.21000004,8.359999657,0.850000024,1023.950012,3.819999933,7.269999981,15,0,1684580736,1684632320,0.125,,,0,1,0.07,19376.5293,1,,,,,0,0.462512702,0,,,,,,,,,,,,
9109054711,"May 20, 2023, 8:45:30 PM",Afternoon Commute ,Ride,,4570,0.58,,,FALSE,Shooters ,,activities/9109054711.gpx,,,4570,289,581.0599976,3.960000515,2.010588169,0,-1.299999952,290.3999939,291.7999878,1.264621973,0.223729044,,,,,,,,54.70014572,17.62630081,,,,,,,,,3,,,,,0,2,0,,1,,1684612864,1,19.85000038,19.30999947,10.63000011,0.550000012,1022.580017,2.660000086,4.679999828,21,0,1684580736,1684632320,0.125,,,0,1,0.209999993,30466.15039,7,,,,,0,0.127146602,0,,,,,,,,,,,,
9113782529,"May 21, 2023, 2:50:53 PM",Morning Walk ,Walk,,801,0.65,,,FALSE,Raider Express ,,activities/9113782529.gpx,,,801,801,656.6900024,2.514282227,0.819837689,0,-1.299999952,290.3999939,291.7999878,1.526720405,0.197962508,,,,,,,,,82.34671021,,,,,,,,,3,,,,,0,6,0,,1,,1684677632,3,15.81999969,15.43999958,11.35000038,0.75,1021.98999,1.289999962,3.339999914,99,0,1684667136,1684718720,0.125,,,0,1,0.649999976,23129.00977,2,,,,,0,0.819837689,0,,,,,,,,,,,,
9115079349,"May 21, 2023, 5:50:15 PM",Lunch Commute ,Ride,,817,2.26,,,FALSE,High school loop ,,activities/9115079349.gpx,,,817,773,2267.040039,9.484000206,2.932781458,2.029365063,2.329365015,289.2999878,291.7999878,2.998499393,-0.013233114,,,,,,,,35.55337143,30.6432724,,,,,,,,,3,,,,,0,6,0,,1,,1684688384,3,20.56999969,20.04999924,10.85000038,0.540000021,1020.559998,2.170000076,4.099999905,133,0,1684667136,1684718720,0.125,,,0,1,0.769999981,32494.36914,5,,,,,0,2.774834871,0,,,,,,,,,,,,
9118570559,"May 22, 2023, 12:10:17 PM",Morning Ride,Ride,,771,2.16,,,FALSE,High school loop ,,activities/9118570559.gpx,,,771,749,2167.48999,4.818005562,2.893845081,2.064529896,1.964529872,289.2999878,291.7999878,2.524188042,0.004613631,,,,,,,,39.78884888,33.22905731,,,,,,,,,3,,,,,0,6,0,,1,,1684756736,1,11.97999954,11.46000004,9.470000267,0.850000024,1018.25,1.49000001,3.180000067,129,0,1684753536,1684805248,0.125,,,0,1,0.280000001,21780.36914,0,,,,,0,2.811270952,0,,,,,,,,,,,,
9120617217,"May 22, 2023, 5:52:11 PM",Lunch Ride ,Ride,,984,2.89,,,FALSE,Sunset Manor loop,,activities/9120617217.gpx,,,984,956,2889.820068,8.420000076,3.022824287,2.493750095,2.59375,289.5,292,3.139719725,-0.003460423,,,,,,,,43.10852051,45.95109558,,,,,,,,,3,,,,,0,7,0,,1,,1684774784,2,23.12999916,22.79999924,12.30000019,0.50999999,1017.849976,2.630000114,4.630000114,125,0,1684753536,1684805248,0.125,,,0,1,0.400000006,29540.53906,7,,,,,0,2.936809063,0,,,,,,,,,,,,
9121978092,"May 22, 2023, 9:43:21 PM",Afternoon Commute ,Ride,,3259,2.02,,,FALSE,Shooters ,,activities/9121978092.gpx,,,3259,811,2025.02002,5.476664066,2.496942043,0,0,290.3999939,291.7999878,2.12766099,0,,,,,,,,53.53304672,48.40806198,,,,,,,,,3,,,,,0,6,0,,1,,1684789248,2,24.92000008,24.62000084,12.55000019,0.460000008,1015.419983,1.909999967,3.619999886,144,0,1684753536,1684805248,0.125,,,0,1,0.409999996,35612.78906,5,,,,,0,0.621362388,0,,,,,,,,,,,,
9125410974,"May 23, 2023, 1:46:47 PM",Morning Commute ,Ride,,1205,1.27,,,FALSE,Raider Express ,,activities/9125410974.gpx,,,1205,500,1274.22998,8.128403664,2.548460007,0,0,290.3999939,291.7999878,1.850139141,0,,,,,,,,52.83107376,29.45332527,,,,,,,,,3,,,,,0,4,0,,1,,1684846848,1,16.40999985,16.14999962,12.26000023,0.75999999,1017,1.50999999,4.110000134,101,0,1684839808,1684891648,0.125,,,0,1,0.239999995,23957.03906,1,,,,,0,1.057452321,0,,,,,,,,,,,,
9128050321,"May 23, 2023, 8:50:03 PM",Afternoon Commute ,Ride,,833,0.98,,,FALSE,Palluccas ,,activities/9128050321.gpx,,,833,498,982.1500244,4.83933115,1.97218883,0,0,290.3999939,291.7999878,1.60771668,0,,,,,,,,59.8931427,33.25686646,,,,,,,,,3,,,,,0,4,0,,1,,1684871936,2,26.21999931,25.88999939,12.5,0.430000007,1015.869995,3.029999971,5.010000229,123,0,1684839808,1684891648,0.125,,,0,1,0.529999971,34863.12891,6,,,,,0,1.179051638,0,,,,,,,,,,,,
9134637365,"May 24, 2023, 9:29:54 PM",Afternoon Ride ,Ride,,1643,2.3,,,FALSE,Raider Express ,,activities/9134637365.gpx,,,1643,882,2303.290039,5.50333643,2.611439943,2.053571463,2.153571367,289.2999878,291.7999878,2.305927515,-0.004341616,,,,,,,,50.89076614,50.04750443,,,,,,,,,3,,,,,0,7,0,,1,,1684962048,3,27.23999977,28.07999992,17.09000015,0.540000021,1015.830017,2.130000114,5.010000229,137,0,1684926208,1684978048,0.125,,,0.550000012,5,0.74000001,32162.11914,4,,,,,0,1.401880741,0,,,,,,,,,,,,
9138050108,"May 25, 2023, 1:26:57 PM",Morning Ride ,Ride,,2021,2.29,,,FALSE,Raider Express ,,activities/9138050108.gpx,,,2021,906,2297.379883,4.915991306,2.535739422,2.06356287,1.963562727,289.2999878,291.7999878,2.205886364,0.004352785,,,,,,,,45.36104965,45.82327652,,,,,,,,,3,,,,,0,7,0,,1,,1685019648,1,17.81999969,17.95000076,14.75,0.819999993,1017.590027,0.99000001,2.299999952,93,0,1685012608,1685064576,0.125,,,0.379999995,5,0.310000002,20151.25977,1,,,,,0,1.136754036,0,,,,,,,,,,,,
9139371702,"May 25, 2023, 5:30:50 PM",Lunch Commute ,Ride,,718,1.15,,,FALSE,Palluccas ,,activities/9139371702.gpx,,,718,577,1149.469971,4.411999702,1.992148995,0,0,290.3999939,291.7999878,1.176470637,0,,,,,,,,53.4315567,34.37545776,,,,,,,,,3,,,,,0,4,0,,1,,1685033984,2,26.84000015,27.23999977,15.59000015,0.5,1017.820007,2.589999914,6.230000019,105,0,1685012608,1685064576,0.125,,,0.310000002,5,0.389999986,31860.24023,7,,,,,0,1.600933075,0,,,,,,,,,,,,
9140897631,"May 25, 2023, 10:06:48 PM",Afternoon Commute ,Ride,,1926,2.07,,,FALSE,Raider Express ,,activities/9140897631.gpx,,,1926,869,2069.560059,7.524999142,2.381541967,0,0,290.3999939,292.2000122,6.472563267,0,,,,,,,,48.00675583,46.51542282,,,,,,,,,3,,,,,0,7,0,,1,,1685052032,3,28.02000046,27.70000076,12.60000038,0.389999986,1015.609985,3.710000038,6.769999981,116,0,1685012608,1685064576,0.125,,,0.300000012,6,0.790000021,38310.32813,3,,,,,0,1.074537873,0,,,,,,,,,,,,
9144327166,"May 26, 2023, 2:24:54 PM",Morning Commute ,Ride,,1720,1.27,,,FALSE,Raider Express ,,activities/9144327166.gpx,,,1720,519,1269.719971,5.409999847,2.446473837,0,0.100000001,290.3999939,291.7999878,1.71086359,-0.007875753,,,,,,,,54.07393265,31.29177284,,,,,,,,,3,,,,,0,4,0,,1,,1685109632,1,19.81999969,19.78000069,13.78999996,0.680000007,1021.059998,3.900000095,7.019999981,104,0,1685098880,1685150976,0.125,,,0,1,0.280000001,25443.16992,2,,,,,0,0.738209307,0,,,,,,,,,,,,
9146514927,"May 26, 2023, 10:17:15 PM",Afternoon Commute ,Ride,,1256,2.03,,,FALSE,Raider Express ,,activities/9146514927.gpx,,,1256,852,2036.699951,10.67300415,2.390492916,0,0,290.3999939,292.1000061,3.311303854,0,,,,,,,,53.51756668,50.84061813,,,,,,,,,3,,,,,0,7,0,,1,,1685138432,1,26.71999931,26.02000046,10.60999966,0.360000014,1018.840027,4.130000114,5.920000076,69,0,1685098880,1685150976,0.125,,,0,1,0.01,43524.69141,3,,,,,0,1.621576428,0,,,,,,,,,,,,
9151046657,"May 27, 2023, 3:20:35 PM",Morning Commute ,Ride,,1077,1.21,,,FALSE,Raider Express ,,activities/9151046657.gpx,,,1077,550,1218.349976,4.356005669,2.215181828,0,0,290.3999939,291.7999878,1.013171196,0,,,,,,,,52.51859283,32.20702744,,,,,,,,,3,,,,,0,4,0,,1,,1685199616,1,20.79000092,20.23999977,10.72000027,0.529999971,1021.030029,2.849999905,5.230000019,131,0,1685185280,1685237504,0.25,,,0,1,0,31837.66992,4,,,,,0,1.131244183,0,,,,,,,,,,,,
9152935346,"May 27, 2023, 9:09:52 PM",Afternoon Ride ,Ride,,3295,2.24,,,FALSE,Shooters and school loop ,,activities/9152935346.gpx,,,3295,871,2243.23999,5.754000187,2.575476408,2.063888788,2.063888788,289.2999878,291.7999878,2.859869242,0,,,,,,,,46.53174591,45.19000244,,,,,,,,,3,,,,,0,7,0,,1,,1685221248,1,26.12999916,25.28000069,9.659999847,0.349999994,1018.23999,2.460000038,4.650000095,98,0,1685185280,1685237504,0.25,,,0,1,0.01,41824.60938,5,,,,,0,0.680801213,0,,,,,,,,,,,,
9157489434,"May 28, 2023, 2:47:46 PM",Morning Walk ,Walk,,745,0.61,,,FALSE,Raider Express ,,activities/9157489434.gpx,,,745,723,611.4699707,2.109997511,0.845739961,0,-1.299999952,290.3999939,291.7999878,1.926784158,0.212602422,,,,,,,,,76.67626953,,,,,,,,,3,,,,,0,6,0,,1,,1685282432,2,19.11000061,18.70000076,11.47000027,0.610000014,1018.320007,2.079999924,3.880000114,155,0,1685271680,1685323904,0.375,,,0,1,0.400000006,26838.91992,2,,,,,0,0.820765078,0,,,,,,,,,,,,
9175713901,"May 31, 2023, 1:30:27 PM",Morning Commute ,Ride,,1377,1.27,,,FALSE,Raider Express ,,activities/9175713901.gpx,,,1377,518,1272.630005,5.565422058,2.456814766,0,0,290.3999939,291.7999878,3.322261095,0,,,,,,,,53.02621078,30.6263485,,,,,,,,,3,,,,,0,4,0,,1,,1685538048,2,20.19000053,20.78000069,16.87000084,0.810000002,1013.960022,2.75999999,5.909999847,180,0.699999988,1685530752,1685583232,0.375,,,0.680000007,5,0.400000006,19630.89063,1,,,,,0,0.924204826,0,,,,,,,,,,,,
9178254561,"May 31, 2023, 6:16:41 PM",Afternoon Commute ,Ride,,7065,8.33,,,FALSE,"Walmart, Starbucks and Subway ",,activities/9178254561.gpx,,,7065,3185,8333.389648,5.193945408,2.616448879,18.94768524,18.94768524,285.5,292,17.16680717,0,,,,,,,,51.40123749,182.5399323,,,,,,,,,3,,,,,0,26,0,,1,,1685555968,2,26.10000038,27.80999947,19.80999947,0.680000007,1013.159973,2.720000029,4.599999905,159,0,1685530752,1685583232,0.375,,,0.74000001,5,0.550000012,21689.24023,7,,,,,0,1.179531455,0,,,,,,,,,,,,
9183195012,"Jun 1, 2023, 4:46:24 PM",Lunch Commute ,Ride,,751,0.91,,,FALSE,Palluccas ,,activities/9183195012.gpx,,,751,480,918.0800171,4.928002834,1.912666678,0,0,290.3999939,291.7999878,1.845019102,0,,,,,,,,55.17412567,29.52919388,,,,,,,,,3,,,,,0,4,0,,1,,1685635200,1,27.42000008,28.55999947,17.98999977,0.560000002,1014.98999,3.660000086,6.130000114,186,0,1685617152,1685669632,0.375,,,0.469999999,5,0.170000002,30029.41992,7,,,,,0,1.222476721,0,,,,,,,,,,,,
9188153388,"Jun 2, 2023, 1:05:06 PM",Morning Commute ,Ride,,1648,2.26,,,FALSE,Raider Express ,,activities/9188153388.gpx,,,1648,864,2267.100098,4.382222652,2.623958349,2.041754484,2.041754484,289.2999878,291.7999878,2.364054441,0,,,,,,,,40.74945831,39.25640106,,,,,,,,,3,,,,,0,7,0,,1,,1685710848,1,21.70999908,22.47999954,17.38999939,0.75999999,1015.5,1.850000024,3.730000019,135,0,1685703552,1685756032,0.375,,,0.460000008,5,0.059999999,24979.5,1,,,,,0,1.375667572,0,,,,,,,,,,,,
9190464005,"Jun 2, 2023, 8:59:15 PM",Afternoon Commute ,Ride,,1839,2.33,,,FALSE,Raider Express ,,activities/9190464005.gpx,,,1839,937,2334.23999,9.699000359,2.491184711,2.058888912,2.158888817,289.2999878,291.7999878,2.689384699,-0.00428405,,,,,,,,50.438694,52.69607544,,,,,,,,,3,,,,,0,7,0,,1,,1685735936,2,30.95000076,32.29000092,18.10000038,0.460000008,1012.640015,2.980000019,5.130000114,146,0,1685703552,1685756032,0.375,,,0.519999981,5,0.439999998,34036.10938,7,,,,,0,1.269298553,0,,,,,,,,,,,,
9194569362,"Jun 3, 2023, 1:28:44 PM",Morning Commute ,Ride,,1799,1.23,,,FALSE,Raider Express ,,activities/9194569362.gpx,,,1799,542,1237.640015,6.802497864,2.283468723,0,0,290.3999939,291.7999878,1.064962745,0,,,,,,,,49.63067245,29.99330521,,,,,,,,,3,,,,,0,4,0,,1,,1685797248,1,21.04999924,21.69000053,16.97999954,0.779999971,1012.880005,2.329999924,5.019999981,99,0,1685789952,1685842560,0.5,,,0.569999993,5,0.159999996,23157.91992,1,,,,,0,0.687959969,0,,,,,,,,,,,,
9201913970,"Jun 4, 2023, 2:47:19 PM",Morning Walk ,Walk,,755,0.61,,,FALSE,Raider Express ,,activities/9201913970.gpx,,,755,739,617.6500244,2.220000029,0.835791647,0,-1.299999952,290.3999939,291.7999878,1.953123927,0.210475177,,,,,,,,,77.45122528,,,,,,,,,3,,,,,0,6,0,,1,,1685887232,1,22.63999939,23.36000061,17.12999916,0.709999979,1014.429993,2.400000095,3.849999905,56,0,1685876352,1685928960,0.625,,,0.389999986,5,0.100000001,21637.06055,2,,,,,0,0.818079531,0,,,,,,,,,,,,
9208856625,"Jun 5, 2023, 5:44:36 PM",Lunch Commute ,Ride,,1924,2.94,,,FALSE,Pete's One Stop ,,activities/9208856625.gpx,,,1924,1107,2946.949951,6.680005074,2.662104845,5.670588017,5.670588017,285.2999878,291,5.144048214,0,,,,,,,,81.40399933,100.4773636,,,,,,,,,3,,,,,0,9,0,,1,,1685984384,1,29.39999962,30.63999939,18.02000046,0.5,1014.919983,2.289999962,4.039999962,97,0,1685962752,1686015360,0.625,,,0.5,5,0.150000006,36896.07813,7,,,,,0,1.531678796,0,,,,,,,,,,,,
9210150362,"Jun 5, 2023, 9:29:56 PM",Afternoon Commute ,Ride,,4328,2.2,,,FALSE,Shooters ,,activities/9210150362.gpx,,,4328,944,2207.409912,4.478003025,2.338357925,2.055087805,2.055087805,289.2999878,291.7999878,2.929690361,0,,,,,,,,51.95360947,54.68428802,,,,,,,,,3,,,,,0,7,0,,1,,1685998848,1,29.47999954,30.31999969,16.82999992,0.469999999,1013.369995,3.130000114,5,67,0,1685962752,1686015360,0.625,,,0.540000021,5,0.370000005,40312.44141,5,,,,,0,0.510030031,0,,,,,,,,,,,,
9213939534,"Jun 6, 2023, 12:45:27 PM",Morning Commute ,Ride,,8226,1.25,,,FALSE,Raider Express and Shooters ,,activities/9213939534.gpx,,,8226,590,1250.77002,4.447998047,2.119949102,0,0,290.3999939,292.2000122,2.165670395,0,,,,,,,,50.46192932,33.19638062,,,,,,,,,3,,,,,0,4,0,,1,,1686052864,1,17.29000092,17.61000061,15.77000046,0.910000026,1015.039978,0.889999986,2.299999952,41,0,1686049024,1686101888,0.625,,,0.5,5,0.07,16996.33984,0,,,,,0,0.152050823,0,,,,,,,,,,,,
9216605381,"Jun 6, 2023, 8:40:05 PM",Afternoon Commute ,Ride,,5776,2.28,,,FALSE,Shooters and Jefferson loop ,,activities/9216605381.gpx,,,5776,1030,2285.439941,4.886671066,2.218873739,2.057440519,2.157440424,289.2999878,291.7999878,3.641334057,-0.004375525,,,,,,,,52.22483826,59.97761536,,,,,,,,,3,,,,,0,8,0,,1,,1686081536,1,31,31.34000015,15.18000031,0.379999995,1012.72998,2.029999971,4.119999886,55,0,1686049024,1686101888,0.625,,,0.310000002,5,0.219999999,41427.94922,7,,,,,0,0.395678669,0,,,,,,,,,,,,
9220221152,"Jun 7, 2023, 12:52:18 PM",Morning Commute ,Ride,,5774,1.12,,,FALSE,Raider Express and Shooters ,,activities/9220221152.gpx,,,5774,579,1127.609985,4.316000462,1.947512984,0,0,290.3999939,291.7999878,1.364256144,0,,,,,,,,58.26427078,37.6145401,,,,,,,,,3,,,,,0,4,0,,1,,1686139136,1,17.40999985,17.71999931,15.77000046,0.899999976,1012.159973,0.680000007,2.069999933,269,0,1686135424,1686188288,0.625,,,0.439999998,5,0.180000007,19561.78906,0,,,,,0,0.195290953,0,,,,,,,,,,,,
9222075327,"Jun 7, 2023, 6:51:34 PM",Lunch Commute ,Ride,,984,1.04,,,FALSE,Palluccas ,,activities/9222075327.gpx,,,984,558,1045.23999,10.05499268,1.873189926,0,0,290.3999939,291.7999878,2.74725318,0,,,,,,,,61.06966019,37.99570847,,,,,,,,,3,,,,,0,4,0,,1,,1686160768,1,30.34000015,31.02000046,16.29999924,0.430000007,1010.140015,2.410000086,5.139999866,303,0,1686135424,1686188288,0.625,,,0.310000002,5,0.209999993,38298.23828,9,,,,,0,1.062235713,0,,,,,,,,,,,,
9226444836,"Jun 8, 2023, 12:51:56 PM",Morning Commute ,Ride,,3414,1.2,,,FALSE,Raider Express and Shooters ,,activities/9226444836.gpx,,,3414,623,1203.420044,5.059999943,1.93165338,0,0,290.3999939,291.7999878,1.179592967,0,,,,,,,,60.96780777,42.35098267,,,,,,,,,3,,,,,0,5,0,,1,,1686225664,1,19.72999954,20.11000061,15.94999981,0.790000021,1009.280029,1.5,2.849999905,295,0,1686221824,1686274688,0.625,,,0.620000005,5,0.170000002,22362.13086,0,,,,,0,0.352495611,0,,,,,,,,,,,,
9228001472,"Jun 8, 2023, 5:40:00 PM",Lunch Commute ,Ride,,783,1.09,,,FALSE,Palluccas ,,activities/9228001472.gpx,,,783,722,1095.339966,5.102499962,1.517091393,0,0,290.3999939,291.7999878,1.876171947,0,,,,,,,,77.18237305,62.13412857,,,,,,,,,3,,,,,0,6,0,,1,,1686243584,2,29.73999977,31,18.02000046,0.49000001,1009.280029,1.919999957,4.320000172,315,0,1686221824,1686274688,0.625,,,0.569999993,5,0.479999989,35141.03125,7,,,,,0,1.398901582,0,,,,,,,,,,,,
9232807354,"Jun 9, 2023, 1:21:12 PM",Morning Commute ,Ride,,4191,1.2,,,FALSE,Raider Express and Shooters ,,activities/9232807354.gpx,,,4191,606,1203.910034,4.381994724,1.986650229,0,0,290.3999939,291.7999878,1.603421092,0,,,,,,,,54.46782303,36.8033638,,,,,,,,,3,,,,,0,5,0,,1,,1686315648,2,20.46999931,21.47999954,18.47999954,0.879999995,1011.090027,2.630000114,4.880000114,90,0,1686308224,1686361088,0.75,,,0.74000001,5,0.439999998,19868.2793,1,,,,,0,0.287260801,0,,,,,,,,,,,,
9239582403,"Jun 10, 2023, 2:48:11 PM",Morning Commute ,Ride,,1397,1.39,,,FALSE,Raider Express ,,activities/9239582403.gpx,,,1397,583,1395.459961,10.71500397,2.393584728,0,0,290.3999939,291.7999878,1.329282045,0,,,,,,,,54.85040665,35.65523529,,,,,,,,,3,,,,,0,4,0,,1,,1686405632,5,20.20999908,21.25,18.65999985,0.910000026,1008.219971,1.460000038,2.859999895,179,2.700000048,1686394624,1686447616,0.875,,,0.839999974,5,0.920000017,13321.25977,2,,,,,0,0.998897612,0,,,,,,,,,,,,
9246202141,"Jun 11, 2023, 2:43:15 PM",Morning Walk ,Walk,,763,0.63,,,FALSE,Raider Express ,,activities/9246202141.gpx,,,763,747,629.8499756,2.85799551,0.843172669,0,-1.299999952,290.3999939,291.7999878,1.555208087,0.206398353,,,,,,,,,78.98106384,,,,,,,,,3,,,,,0,6,0,,1,,1686492032,3,21.21999931,22.26000023,18.5,0.839999974,1007.380005,3.029999971,5.019999981,310,0,1686481024,1686534016,0.875,,,0.769999981,5,0.75999999,18959.5293,2,,,,,0,0.825491428,0,,,,,,,,,,,,
9254028970,"Jun 12, 2023, 9:15:45 PM",Afternoon Commute ,Ride,,1716,2.66,,,FALSE,Raider Express and high school loop ,,activities/9254028970.gpx,,,1716,1259,2659.719971,9.867143631,2.112565517,2.059999943,2.160000086,289.2999878,291.7999878,2.51995635,-0.003759794,,,,,,,,49.41448975,69.3673172,,,,,,,,,3,,,,,0,10,0,,1,,1686603648,2,23.45999908,23.13999939,12.39000034,0.5,1012.76001,1.929999948,3.569999933,51,0,1686567424,1686620416,0.875,,,0,1,0.579999983,36601.58984,5,,,,,0,1.549953341,0,,,,,,,,,,,,
9264026990,"Jun 14, 2023, 1:06:32 PM",Morning Commute ,Ride,,1376,1.29,,,FALSE,Raider Express ,,activities/9264026990.gpx,,,1376,620,1293.420044,8.56125164,2.086161375,0,0,290.3999939,291.7999878,2.496875763,0,,,,,,,,44.3238678,30.64109039,,,,,,,,,3,,,,,0,5,0,,1,,1686747648,3,18.26000023,18.47999954,15.21000004,0.819999993,1008.200012,1.470000029,3.5,250,0.300000012,1686740224,1686793216,0.875,,,0.569999993,5,0.959999979,18554.55078,1,,,,,0,0.939985514,0,,,,,,,,,,,,
9266141491,"Jun 14, 2023, 6:46:25 PM",Lunch Commute ,Ride,,1062,0.96,,,FALSE,Palluccas ,,activities/9266141491.gpx,,,1062,527,967.3900146,4.421338081,1.835654736,0,0,290.3999939,291.7999878,1.428571463,0,,,,,,,,66.98963165,39.36344147,,,,,,,,,3,,,,,0,4,0,,1,,1686765568,3,24.35000038,25.05999947,16.92000008,0.629999995,1007.340027,1.799999952,4.46999979,232,0,1686740224,1686793216,0.875,,,0.660000026,5,0.920000017,27829.42969,4,,,,,0,0.910913408,0,,,,,,,,,,,,
9270525538,"Jun 15, 2023, 1:34:57 PM",Morning Commute ,Ride,,1802,2.3,,,FALSE,Raider Express and high school loop ,,activities/9270525538.gpx,,,1802,957,2301.870117,4.705999851,2.405297995,2.058571339,2.058571339,289.2999878,291.7999878,2.508631945,0,,,,,,,,70.25344086,74.96427917,,,,,,,,,3,,,,,0,7,0,,1,,1686834048,1,18.78000069,19.30999947,16.72999954,0.879999995,1008.450012,0.479999989,1.340000033,233,0,1686826624,1686879744,0.875,,,0.360000014,6,0.180000007,19538.30078,1,,,,,0,1.277397394,0,,,,,,,,,,,,
9273105511,"Jun 15, 2023, 7:38:48 PM",Afternoon Commute ,Ride,,7235,1.2,,,FALSE,Shooters ,,activities/9273105511.gpx,,,7235,621,1208.790039,5.464001656,1.946521759,0,0,290.3999939,291.8999939,2.86533761,0,,,,,,,,63.95758438,44.28519058,,,,,,,,,3,,,,,0,5,0,,1,,1686855552,1,28.78000069,29.28000069,15.84000015,0.449999988,1007.840027,1.639999986,2.940000057,143,0,1686826624,1686879744,0.875,,,0.310000002,6,0.090000004,38030.01953,9,,,,,0,0.167075336,0,,,,,,,,,,,,
9276353274,"Jun 16, 2023, 12:58:54 PM",Morning Commute ,Ride,,1373,1.2,,,FALSE,Raider Express ,,activities/9276353274.gpx,,,1373,562,1202.880005,4.210000515,2.140355825,0,0,290.3999939,291.7999878,1.862196445,0,,,,,,,,42.10286713,26.38291931,,,,,,,,,3,,,,,0,4,0,,1,,1686916864,3,19.52000046,19.88999939,15.93000031,0.800000012,1009.669983,1.690000057,3.059999943,63,0,1686913024,1686966144,0,,,0.579999983,5,0.910000026,20706.26953,0,,,,,0,0.876096129,0,,,,,,,,,,,,
9277736453,"Jun 16, 2023, 5:36:07 PM",Lunch Commute ,Ride,,731,0.95,,,FALSE,Palluccas ,,activities/9277736453.gpx,,,731,504,953.3200073,5.671666622,1.891507983,0,0,290.3999939,291.7999878,1.83150208,0,,,,,,,,52.21906281,29.34502411,,,,,,,,,3,,,,,0,4,0,,1,,1686934784,3,26.25,27.52000046,18.54000092,0.629999995,1010.77002,1.970000029,3.809999943,95,0,1686913024,1686966144,0,,,0.629999995,5,0.829999983,28840.19922,5,,,,,0,1.304131389,0,,,,,,,,,,,,
9278742626,"Jun 16, 2023, 9:35:00 PM",Afternoon Commute ,Ride,,1458,1.23,,,FALSE,Raider Express ,,activities/9278742626.gpx,,,1458,601,1231.709961,4.621673584,2.049434185,0,0,290.3999939,291.7999878,2.5906744,0,,,,,,,,53.4945755,35.84751892,,,,,,,,,3,,,,,0,5,0,,1,,1686949248,2,28.42000008,30.04000092,19.18000031,0.569999993,1010.340027,2.529999971,4.730000019,79,0,1686913024,1686966144,0,,,0.610000014,5,0.610000014,29030.08008,5,,,,,0,0.844794214,0,,,,,,,,,,,,
9282694624,"Jun 17, 2023, 1:19:45 PM",Morning Commute ,Ride,,2572,1.33,,,FALSE,Raider Express ,,activities/9282694624.gpx,,,2572,619,1330.349976,8.239001274,2.149192095,0,0,290.3999939,291.7999878,1.223490953,0,,,,,,,,52.24378967,36.0578804,,,,,,,,,3,,,,,0,5,0,,1,,1687006848,1,19.84000015,20.57999992,17.54000092,0.870000005,1013.76001,0.790000021,1.629999995,201,0,1686999424,1687052544,0,,,0.550000012,5,0.140000001,19636.16016,1,,,,,0,0.517243385,0,,,,,,,,,,,,
9284763343,"Jun 17, 2023, 6:22:08 PM",Afternoon Commute ,Ride,,5121,7.32,,,FALSE,Walmart and Starbucks ,,activities/9284763343.gpx,,,5121,2915,7328.620117,5.459985256,2.514106274,16.55545616,16.55545616,285.5,292,3.703659058,0,,,,,,,,51.8485527,168.519455,,,,,,,,,3,,,,,0,24,0,,1,,1687024768,1,29.46999931,31.14999962,19.18000031,0.540000021,1010.880005,3.339999914,5.320000172,146,0,1686999424,1687052544,0,,,0.589999974,5,0.25999999,32412.48047,9,,,,,0,1.431091547,0,,,,,,,,,,,,
9290150443,"Jun 18, 2023, 2:47:26 PM",Morning Commute ,Ride,,4569,1.23,,,FALSE,Raider Express and Walk home,,activities/9290150443.gpx,,,4569,1154,1238.430054,3.924999952,1.073162913,0,0,290.3999939,291.7999878,1.550384641,0,,,,,,,,170.3376007,219.1750946,,,,,,,,,3,,,,,0,9,0,,1,,1687096832,5,19.45000076,20.23999977,17.77000046,0.899999976,1006.47998,1.090000033,3.5,122,0.400000006,1687085824,1687138944,0,,,0.839999974,5,0.819999993,18393.03906,2,,,,,0,0.271050572,0,,,,,,,,,,,,
9297904394,"Jun 19, 2023, 8:01:49 PM",Afternoon Walk ,Walk,,3886,1.15,,,FALSE,Shooters ,,activities/9297904394.gpx,,,3886,1445,1153.939941,2.655718088,0.798574328,0,0,290.3999939,291.7999878,1.600000024,0,,,,,,,,,144.7001648,,,,,,,,,3,,,,,0,12,0,,1,,1687204864,1,30.87000084,32.31000137,18.37000084,0.469999999,1009.559998,1.340000033,4.230000019,93,0,1687172224,1687225344,0.125,,,0,1,0.059999999,33467.76172,9,,,,,0,0.296948016,0,,,,,,,,,,,,
9321922174,"Jun 23, 2023, 9:43:02 PM",Afternoon Commute ,Ride,,3073,1.51,,,FALSE,Shooters ,,activities/9321922174.gpx,,,3073,1372,1518.76001,4.817993164,1.106967926,0,0,290.3999939,291.7999878,1.515151024,0,,,,,,,,52.86263657,80.86820221,,,,,,,,,3,,,,,0,11,0,,1,,1687554048,2,31.77000046,34.04999924,20.18000031,0.5,1011.97998,3.480000019,5.480000019,194,0,1687517952,1687571072,0.125,,,0.479999989,1,0.389999986,31538.94922,6,,,,,0,0.494227141,0,,,,,,,,,,,,
9325594970,"Jun 24, 2023, 1:30:13 PM",Morning Commute ,Ride,,1234,1.71,,,FALSE,Raider Express ,,activities/9325594970.gpx,,,1234,741,1716.910034,16.1950016,2.317017555,0,0,290.3999939,292.2000122,3.55869627,0,,,,,,,,50.88928604,42.04549026,,,,,,,,,3,,,,,0,6,0,,1,,1687611648,1,23.42000008,24.79000092,19.29999924,0.779999971,1011.400024,4.400000095,8.880000114,182,0,1687604352,1687657472,0.125,,,0.50999999,1,0.129999995,24261.78906,1,,,,,0,1.391337156,0,,,,,,,,,,,,
9328065878,"Jun 24, 2023, 8:13:51 PM",Afternoon Commute ,Ride,,4776,1.18,,,FALSE,Shooters ,,activities/9328065878.gpx,,,4776,1268,1183.670044,4.209997654,0.933493733,0,-0.100000001,290.2999878,291.7999878,1.365188241,0.0084483,,,,,,,,68.40472412,96.71196747,,,,,,,,,3,,,,,0,10,0,,1,,1687636736,1,32.97999954,37.11999893,23.32999992,0.569999993,1007.549988,6.699999809,11.18000031,192,0,1687604352,1687657472,0.125,,,0.529999971,5,0.170000002,28968.58984,9,,,,,0,0.247837111,0,,,,,,,,,,,,
9333041027,"Jun 25, 2023, 2:50:22 PM",Morning Commute,Ride,,3727,1.12,,,FALSE,Raider Express ,,activities/9333041027.gpx,,,3727,548,1124.280029,3.773998976,2.05160594,0,0,290.3999939,291.7999878,1.193316698,0,,,,,,,,61.6670723,37.67981339,,,,,,,,,3,,,,,0,4,0,,1,,1687701632,1,25.04999924,25.56999969,16.15999985,0.579999983,1012.200012,4.369999886,7.710000038,1,0,1687690752,1687743872,0.25,,,0.49000001,1,0.01,30441.71094,3,,,,,0,0.301658183,0,,,,,,,,,,,,
9335007594,"Jun 25, 2023, 10:13:01 PM",Afternoon Commute ,Ride,,1507,2.38,,,FALSE,Raider Express and high school loop ,,activities/9335007594.gpx,,,1507,947,2383.409912,5.705993652,2.516800404,2.058571339,2.058571339,289.2999878,291.7999878,10.63827038,0,,,,,,,,47.93962479,50.61968613,,,,,,,,,3,,,,,0,7,0,,1,,1687730432,1,32.31999969,32.68000031,15.18000031,0.360000014,1009.97998,4.199999809,6.980000019,302,0,1687690752,1687743872,0.25,,,0.400000006,1,0,42630.28906,5,,,,,0,1.5815593,0,,,,,,,,,,,,
9339245409,"Jun 26, 2023, 5:40:40 PM",Lunch fitness ride,Ride,,1131,2.99,,,FALSE,Dittman loop,,activities/9339245409.gpx,,,1131,1043,2989.610107,5.523333073,2.86635685,0,0,289.5,292,3.257321119,0,,,,,,,,35.75269318,41.57841492,,,,,,,,,3,,,,,0,8,0,,1,,1687798784,1,27.62999916,27.31999969,12.68000031,0.400000006,1013.77002,4.159999847,7.579999924,346,0,1687777152,1687830272,0.25,,,0,1,0,43085.75,10,,,,,0,2.643333435,0,,,,,,,,,,,,
9340492989,"Jun 26, 2023, 8:46:13 PM",Afternoon Commute ,Ride,,4276,2.22,,,FALSE,Shooters and Jefferson loop ,,activities/9340492989.gpx,,,4276,993,2227.360107,4.909997463,2.243061543,2.041666746,2.041666746,289.2999878,291.7999878,2.806344509,0,,,,,,,,52.21726227,57.81469345,,,,,,,,,3,,,,,0,8,0,,1,,1687809536,1,30.43000031,30.03000069,12.46000004,0.330000013,1012.219971,3.660000086,6.710000038,341,0,1687777152,1687830272,0.25,,,0,1,0,44558.57813,9,,,,,0,0.520898044,0,,,,,,,,,,,,
9344108780,"Jun 27, 2023, 1:35:37 PM",Morning Commute ,Ride,,1436,2.34,,,FALSE,Raider Express and high school loop ,,activities/9344108780.gpx,,,1436,962,2344.909912,5.727500916,2.43753624,2.045614004,2.145614147,289.2999878,291.7999878,2.455991268,-0.004264556,,,,,,,,52.09272003,55.87621307,,,,,,,,,3,,,,,0,8,0,,1,,1687870848,1,19.43000031,19.48999977,14.31000042,0.720000029,1014.210022,1.980000019,3.480000019,83,0,1687863552,1687916672,0.375,,,0.529999971,1,0.310000002,24333.90039,1,,,,,0,1.632945657,0,,,,,,,,,,,,
9345861466,"Jun 27, 2023, 6:23:55 PM",Lunch Commute ,Ride,,834,0.95,,,FALSE,Palluccas ,,activities/9345861466.gpx,,,834,494,955.2399902,3.796008348,1.93368423,0,0,290.3999939,291.7999878,1.740645528,0,,,,,,,,57.39186478,31.61201477,,,,,,,,,3,,,,,0,4,0,,1,,1687888768,2,28.10000038,28.62999916,15.96000004,0.479999989,1012.130005,3.920000076,6.25,128,0,1687863552,1687916672,0.375,,,0.449999988,1,0.519999981,37834.01172,8,,,,,0,1.145371675,0,,,,,,,,,,,,
9346798907,"Jun 27, 2023, 9:09:41 PM",Afternoon Commute ,Ride,,1261,1.86,,,FALSE,Raider Express and Jefferson loop ,,activities/9346798907.gpx,,,1261,804,1864.189941,4.247998238,2.318644285,0,-0.100000001,290.2999878,291.7999878,2.344666243,0.00536426,,,,,,,,48.64792633,43.61091995,,,,,,,,,3,,,,,0,6,0,,1,,1687899648,2,30.35000038,31.12999916,16.57999992,0.439999998,1010.599976,3.140000105,5.289999962,118,0,1687863552,1687916672,0.375,,,0.360000014,1,0.579999983,36612.39063,5,,,,,0,1.478342533,0,,,,,,,,,,,,
9354163655,"Jun 28, 2023, 8:06:58 PM",Evening Commute ,Ride,,25394,1.24,,,FALSE,Shooters ,,activities/9354163655.gpx,,,25394,1108,1241.560059,3.718002319,1.120541573,0,0,290.3999939,291.7999878,1.422475338,0,,,,,,,,73.03528595,90.22924805,,,,,,,,,3,,,,,0,9,0,,1,,1687982336,2,34.02999878,38.22999954,23.15999985,0.529999971,1007.349976,6.059999943,9.590000153,202,0,1687949952,1688003072,0.375,,,0.529999971,5,0.379999995,29953.73047,8,,,,,0,0.048891865,0,,,,,,,,,,,,
9359725384,"Jun 29, 2023, 11:50:21 PM",Afternoon Commute ,Ride,,1753,1.99,,,FALSE,Raider Express and Jefferson loop ,,activities/9359725384.gpx,,,1753,1000,1997.089966,3.86000967,1.997089982,0,0,290.3999939,291.7999878,2.420332909,0,,,,,,,,51.21208954,57.10147858,,,,,,,,,3,,,,,0,8,0,,1,,1688079616,1,37.88999939,40.90000153,20.43000031,0.360000014,1008.650024,4.119999886,6.440000057,212,0,1688036480,1688089472,0.375,,,0.479999989,1,0.059999999,39085.67188,2,,,,,0,1.139241338,0,,,,,,,,,,,,
9362553009,"Jun 30, 2023, 1:45:42 PM",Morning Commute ,Ride,,1369,1.45,,,FALSE,Raider Express ,,activities/9362553009.gpx,,,1369,644,1457.640015,7.782000542,2.26341629,2.822222233,2.622222185,288.7000122,291.7999878,4.499437809,0.013720809,,,,,,,,63.78239441,45.79958725,,,,,,,,,3,,,,,0,5,0,,1,,1688130048,2,26.53000069,28.89999962,21.38999939,0.730000019,1013.359985,3.940000057,9.529999733,210,0,1688122880,1688175872,0.375,,,0.519999981,1,0.49000001,26012.31055,1,,,,,0,1.064748049,0,,,,,,,,,,,,
9364546938,"Jun 30, 2023, 8:56:08 PM",Afternoon Commute ,Ride,,1854,1.78,,,FALSE,Raider Express and Jefferson loop ,,activities/9364546938.gpx,,,1854,961,1787.02002,6.478997707,1.859542131,0,0,290.3999939,292.1000061,6.514642239,0,,,,,,,,57.0015564,61.078022,,,,,,,,,3,,,,,0,8,0,,1,,1688155136,1,36.36000061,39.81999969,21.46999931,0.419999987,1011.159973,3.859999895,7.769999981,215,0,1688122880,1688175872,0.375,,,0.519999981,1,0.270000011,33097.82813,8,,,,,0,0.963872731,0,,,,,,,,,,,,
9368684334,"Jul 1, 2023, 2:26:32 PM",Morning Commute ,Ride,,1359,1.23,,,FALSE,Raider Express ,,activities/9368684334.gpx,,,1359,614,1234.630005,3.547997952,2.010797977,0,0,290.3999939,291.7999878,1.259446621,0,,,,,,,,49.5239563,33.90459442,,,,,,,,,3,,,,,0,5,0,,1,,1688220032,3,22.26000023,23.80999947,20.01000023,0.870000005,1012.080017,3.440000057,7.570000172,208,0.899999976,1688209280,1688262272,0.375,,,0.519999981,5,0.959999979,17714.91992,2,,,,,0,0.908484161,0,,,,,,,,,,,,
9370815320,"Jul 1, 2023, 8:46:06 PM",Afternoon Commute ,Ride,,4932,1.96,,,FALSE,Shooters and Jefferson loop ,,activities/9370815320.gpx,,,4932,942,1959.910034,4.855000019,2.080583811,0,0,290.3999939,291.7999878,3.174603462,0,,,,,,,,49.94681549,52.46063614,,,,,,,,,3,,,,,0,7,0,,1,,1688241664,2,30.93000031,33.31000137,20.55999947,0.540000021,1010.109985,4.840000153,8.460000038,243,0,1688209280,1688262272,0.375,,,0.519999981,5,0.519999981,29429.7207,7,,,,,0,0.397386461,0,,,,,,,,,,,,
9377624664,"Jul 2, 2023, 10:32:13 PM",Afternoon Commute ,Ride,,1308,2.36,,,FALSE,Raider Express and high school loop ,,activities/9377624664.gpx,,,1308,946,2360.699951,11.45200157,2.49545455,2.041754484,2.041754484,289.2999878,291.7999878,2.441001177,0,,,,,,,,49.04900742,51.73640442,,,,,,,,,3,,,,,0,7,0,,1,,1688335232,1,31.05999947,32.52999878,18.40999985,0.469999999,1010.590027,3.00999999,6.039999962,298,0,1688295680,1688348672,0.5,,,0,1,0.239999995,34890.21094,4,,,,,0,1.804816484,0,,,,,,,,,,,,
9380816541,"Jul 3, 2023, 2:48:57 PM",Morning Commute ,Ride,,1574,2.41,,,FALSE,Raider Express and high school loop ,,activities/9380816541.gpx,,,1574,954,2418.110107,9.912000656,2.534706593,2.056349277,2.156349182,289.2999878,291.7999878,2.495836258,-0.004135461,,,,,,,,51.75830078,55.05582047,,,,,,,,,3,,,,,0,7,0,,1,,1688392832,2,25.32999992,26.61000061,18.70000076,0.670000017,1014.22998,1.870000005,3.380000114,173,0,1688382208,1688435072,0.625,,,0,1,0.389999986,26268.42969,2,,,,,0,1.536283374,0,,,,,,,,,,,,
9383398207,"Jul 3, 2023, 9:01:57 PM",Afternoon Commute ,Ride,,2137,2.97,,,FALSE,Raider Express and Wright St loop,,activities/9383398207.gpx,,,2137,1140,2974.409912,5.493994236,2.609131575,3.650000095,3.549999952,288.2999878,292,2.9069767,0.003362011,,,,,,,,42.52132034,54.0488472,,,,,,,,,3,,,,,0,9,0,,1,,1688418048,3,32.90000153,34.25999832,17.89999962,0.409999996,1011.530029,2.380000114,4.139999866,235,0,1688382208,1688435072,0.625,,,0.479999989,1,0.670000017,39180.28906,5,,,,,0,1.391862392,0,,,,,,,,,,,,
9387510010,"Jul 4, 2023, 2:32:03 PM",Morning Commute ,Ride,,1488,2.33,,,FALSE,Raider Express and Jefferson loop ,,activities/9387510010.gpx,,,1488,902,2336.27002,4.970999718,2.590099812,2.052280664,2.052280664,289.2999878,291.7999878,2.481396675,0,,,,,,,,41.60876083,41.84717941,,,,,,,,,3,,,,,0,7,0,,1,,1688479232,1,25.67000008,27.19000053,19.37000084,0.680000007,1014.880005,2.190000057,3.99000001,216,0,1688468608,1688521472,0.625,,,0.389999986,5,0.050000001,26973.67969,3,,,,,0,1.570073962,0,,,,,,,,,,,,
9389207250,"Jul 4, 2023, 7:13:53 PM",Lunch Commute ,Ride,,1176,1.99,,,FALSE,Raider Express ,,activities/9389207250.gpx,,,1176,798,1991.560059,10.08199978,2.495689392,0,0,290.2999878,292.2999878,4,0,,,,,,,,55.2189827,49.13219452,,,,,,,,,3,,,,,0,6,0,,1,,1688497152,1,32.88999939,35.13000107,19.88999939,0.460000008,1013.070007,4.309999943,7.340000153,212,0,1688468608,1688521472,0.625,,,0,1,0.180000007,33411.62109,10,,,,,0,1.693503499,0,,,,,,,,,,,,
9389810739,"Jul 4, 2023, 9:31:24 PM",Afternoon Commute ,Ride,,748,1.44,,,FALSE,Raider Express ,,activities/9389810739.gpx,,,748,696,1444.98999,5.117993355,2.076135159,0,0,290.3999939,292.2000122,6.887042999,0,,,,,,,,55.12272263,42.77743912,,,,,,,,,3,,,,,0,5,0,,1,,1688504448,1,34.06999969,36.38000107,19.80999947,0.430000007,1012.02002,4.079999924,6.659999847,211,0,1688468608,1688521472,0.625,,,0.449999988,1,0.109999999,35337.78906,7,,,,,0,1.931804776,0,,,,,,,,,,,,
9393335333,"Jul 5, 2023, 1:53:09 PM",Morning Commute ,Ride,,1608,2.42,,,FALSE,Raider Express and Jefferson loop ,,activities/9393335333.gpx,,,1608,929,2419.73999,9.359999657,2.604671717,2.058947325,2.058947325,289.2999878,291.7999878,2.862567425,0,,,,,,,,46.82714081,48.5051918,,,,,,,,,3,,,,,0,7,0,,1,,1688562048,3,21.62000084,22.89999962,19.27000046,0.870000005,1015.52002,1.840000033,6.369999886,263,0.600000024,1688555008,1688607744,0.625,,,0.720000029,5,0.879999995,19806.42969,1,,,,,0,1.504813433,0,,,,,,,,,,,,
9395869830,"Jul 5, 2023, 8:51:56 PM",Afternoon Commute ,Ride,,3119,1.25,,,FALSE,Shooters ,,activities/9395869830.gpx,,,3119,966,1255.73999,3.865991116,1.299937844,0,0,290.3999939,291.7999878,1.910219431,0,,,,,,,,49.24086761,53.03684616,,,,,,,,,3,,,,,0,8,0,,1,,1688587264,3,27.38999939,29.68000031,21.04999924,0.680000007,1015.330017,2.519999981,4.449999809,329,0,1688555008,1688607744,0.625,,,0.620000005,5,0.970000029,29223.98047,5,,,,,0,0.402609795,0,,,,,,,,,,,,
9399530550,"Jul 6, 2023, 1:37:44 PM",Morning Commute ,Ride,,1285,1.27,,,FALSE,Raider Express ,,activities/9399530550.gpx,,,1285,575,1270.109985,4.626000881,2.208886862,0,0,290.3999939,291.7999878,1.465202093,0,,,,,,,,58.07193756,37.23137283,,,,,,,,,3,,,,,0,4,0,,1,,1688648448,3,21.02000046,22.02000046,18.37000084,0.850000024,1018.400024,3.480000019,6.28000021,24,0,1688641408,1688694144,0.625,,,0.529999971,5,0.959999979,18187.2793,1,,,,,0,0.98841244,0,,,,,,,,,,,,
9400800845,"Jul 6, 2023, 5:22:51 PM",Lunch Commute ,Ride,,653,1.08,,,FALSE,Palluccas ,,activities/9400800845.gpx,,,653,565,1079,5.858000278,1.909734488,0,0,290.3999939,291.7999878,1.676444769,0,,,,,,,,81.59851837,51.4050293,,,,,,,,,3,,,,,0,4,0,,1,,1688662784,3,24.54000092,25.87999916,19,0.709999979,1017.849976,2.829999924,5.269999981,26,0,1688641408,1688694144,0.625,,,0.400000006,5,0.980000019,27267.13086,5,,,,,0,1.652373672,0,,,,,,,,,,,,
9402438142,"Jul 6, 2023, 9:07:41 PM",Afternoon Commute ,Ride,,3833,1.13,,,FALSE,Shooters ,,activities/9402438142.gpx,,,3833,595,1138.329956,3.551998854,1.913159609,0,0,290.3999939,291.7999878,1.446133018,0,,,,,,,,56.68574524,37.60673904,,,,,,,,,3,,,,,0,4,0,,1,,1688677248,3,27.98999977,29.54999924,19.09000015,0.579999983,1015.320007,3.119999886,5.21999979,37,0,1688641408,1688694144,0.625,,,0,1,0.949999988,31927.81055,4,,,,,0,0.296981454,0,,,,,,,,,,,,
9407220997,"Jul 7, 2023, 5:34:50 PM",Lunch Commute ,Ride,,2985,2.3,,,FALSE,Shooters and high school loop ,,activities/9407220997.gpx,,,2985,1048,2301.389893,8.194000244,2.195982695,2.052678585,2.052678585,289.2999878,291.7999878,2.463055611,0,,,,,,,,46.68181229,54.54862976,,,,,,,,,3,,,,,0,8,0,,1,,1688749184,3,28.11000061,30.36000061,20.79999924,0.649999976,1012.630005,4.03000021,7.03000021,211,0,1688727936,1688780544,0.625,,,0.579999983,5,0.939999998,28123.33008,5,,,,,0,0.770984888,0,,,,,,,,,,,,
9408438271,"Jul 7, 2023, 10:59:59 PM",Afternoon Commute ,Ride,,3027,2.54,,,FALSE,Raider Express and high school loop ,,activities/9408438271.gpx,,,3027,1585,2542.649902,7.867993355,1.604195476,2.589090824,2.689090967,289.2999878,292,2.822183847,-0.003932905,,,,,,,,76.03053284,134.3668518,,,,,,,,,3,,,,,0,13,0,,1,,1688767232,3,29.55999947,32.63999939,22.26000023,0.649999976,1010.219971,3.029999971,4.809999943,251,0,1688727936,1688780544,0.625,,,0.660000026,5,0.949999988,25977.24023,3,,,,,0,0.839990079,0,,,,,,,,,,,,
9412178160,"Jul 8, 2023, 1:55:33 PM",Morning Commute ,Ride,,1378,1.28,,,FALSE,Raider Express ,,activities/9412178160.gpx,,,1378,624,1282.540039,4.159999847,2.055352688,0,0,290.3999939,291.7999878,0.986679971,0,,,,,,,,55.83148956,38.84531784,,,,,,,,,3,,,,,0,5,0,,1,,1688821248,3,21.78000069,23.05999947,19.25,0.860000014,1013.01001,1.799999952,4.260000229,346,0,1688814336,1688866944,0.75,,,0.579999983,5,0.980000019,18820.30078,1,,,,,0,0.930725694,0,,,,,,,,,,,,
9414570778,"Jul 8, 2023, 9:07:17 PM",Afternoon Commute ,Ride,,3252,1.18,,,FALSE,Shooters ,,activities/9414570778.gpx,,,3252,697,1183.180054,5.499166489,1.697532415,0,-0.100000001,290.2999878,291.7999878,1.614857435,0.008451799,,,,,,,,41.89599228,32.55967712,,,,,,,,,3,,,,,0,5,0,,1,,1688850048,2,27.39999962,29.29000092,20.05999947,0.639999986,1011.890015,4.409999847,6.96999979,10,0,1688814336,1688866944,0.75,,,0.519999981,5,0.439999998,22144.36914,6,,,,,0,0.36383149,0,,,,,,,,,,,,
9424411429,"Jul 10, 2023, 1:37:58 PM",Morning Commute ,Ride,,1597,2.28,,,FALSE,Raider Express and high school loop ,,activities/9424411429.gpx,,,1597,958,2284.949951,4.024023533,2.38512516,2.029706001,2.029706001,289.2999878,291.7999878,4.131700516,0,,,,,,,,51.59344482,55.110569,,,,,,,,,3,,,,,0,7,0,,1,,1688994048,1,18.95999908,19.12000084,14.89000034,0.769999981,1015.570007,1.230000019,2.779999971,122,0,1688987136,1689039744,0.875,,,0,1,0,24463.76953,1,,,,,0,1.430776477,0,,,,,,,,,,,,
9425726489,"Jul 10, 2023, 5:37:43 PM",Lunch Commute ,Ride,,1041,2.88,,,FALSE,Dittman loop,,activities/9425726489.gpx,,,1041,1028,2882.97998,6,2.80445528,0,0,290.2000122,292,3.005273581,0,,,,,,,,39.1664505,44.89336777,,,,,,,,,3,,,,,0,8,0,,1,,1689008384,1,28.71999931,29.30999947,16.11000061,0.460000008,1014.320007,2.470000029,5.590000153,208,0,1688987136,1689039744,0.875,,,0,1,0.039999999,33502.30859,9,,,,,0,2.76943326,0,,,,,,,,,,,,
9427040764,"Jul 10, 2023, 9:00:34 PM",Afternoon Commute ,Ride,,3901,1.12,,,FALSE,Shooters ,,activities/9427040764.gpx,,,3901,596,1128.390015,5.249166012,1.893271804,0,0,290.3999939,291.7999878,2.13675189,0,,,,,,,,68.98100281,45.84063339,,,,,,,,,3,,,,,0,4,0,,1,,1689022848,1,31.87999916,32.66999817,16.47999954,0.400000006,1012.030029,3.039999962,6.230000019,227,0,1688987136,1689039744,0.875,,,0,1,0.079999998,39594.48047,7,,,,,0,0.289256603,0,,,,,,,,,,,,
9432215061,"Jul 11, 2023, 5:34:15 PM",Lunch Commute ,Ride,,1014,2.82,,,FALSE,Dittman loop ,,activities/9432215061.gpx,,,1014,966,2823.75,4.747998238,2.923136711,0,0,290.2000122,292,3.944767475,0,,,,,,,,43.7881813,47.16381073,,,,,,,,,3,,,,,0,8,0,,1,,1689094784,3,28.95000076,31.64999962,21.62999916,0.649999976,1013.190002,3.109999895,5.650000095,199,0,1689073664,1689126144,0.875,,,0.5,1,0.639999986,29322.9707,7,,,,,0,2.784763336,0,,,,,,,,,,,,
9433836852,"Jul 11, 2023, 9:04:59 PM",Afternoon Commute ,Ride,,6360,2.21,,,FALSE,Shooters and Jefferson loop ,,activities/9433836852.gpx,,,6360,989,2216.259766,4.495995998,2.240909815,2.059999943,2.059999943,289.2999878,291.7999878,2.881834984,0,,,,,,,,53.57365417,59.07754135,,,,,,,,,3,,,,,0,8,0,,1,,1689109248,1,33.20000076,36.47000122,21.81999969,0.50999999,1010.669983,2.430000067,4.840000153,165,0,1689073664,1689126144,0.875,,,0.409999996,1,0.180000007,33168.12109,7,,,,,0,0.348468512,0,,,,,,,,,,,,
9437317613,"Jul 12, 2023, 1:21:39 PM",Morning Commute ,Ride,,1642,2.02,,,FALSE,Raider Express and Jefferson loop ,,activities/9437317613.gpx,,,1642,842,2027.359985,7.783707142,2.407790899,0,0.100000001,290.3999939,292.2000122,3.760970592,-0.004932523,,,,,,,,44.57344055,41.84688187,,,,,,,,,3,,,,,0,7,0,,1,,1689166848,1,24.01000023,25.85000038,20.56999969,0.810000002,1011.340027,3.839999914,8.220000267,183,0,1689160064,1689212416,0.875,,,0.519999981,5,0.039999999,23095.56055,1,,,,,0,1.234689355,0,,,,,,,,,,,,
9438709701,"Jul 12, 2023, 5:28:09 PM",Lunch Commute ,Ride,,945,1.02,,,FALSE,Palluccas ,,activities/9438709701.gpx,,,945,515,1019.740051,5.213989258,1.980077744,0,0,290.3999939,291.7999878,2.994011879,0,,,,,,,,69.2396698,39.75915146,,,,,,,,,3,,,,,0,4,0,,1,,1689181184,1,32.45000076,36,22.47999954,0.560000002,1009.400024,4.519999981,8.079999924,193,0,1689160064,1689212416,0.875,,,0.50999999,5,0.039999999,31639.75,10,,,,,0,1.079089999,0,,,,,,,,,,,,
9440221782,"Jul 12, 2023, 9:55:48 PM",Afternoon Commute ,Ride,,1910,1.95,,,FALSE,Raider Express and Jefferson loop ,,activities/9440221782.gpx,,,1910,845,1951.089966,8.442995071,2.308982134,0,0,290.3999939,291.7999878,2.633900166,0,,,,,,,,43.22289658,40.72353363,,,,,,,,,3,,,,,0,7,0,,1,,1689195648,1,36.90000153,41.95999908,23.69000053,0.469999999,1006.030029,4.179999828,7.449999809,169,0,1689160064,1689212416,0.875,,,0.469999999,5,0.119999997,34269.71875,7,,,,,0,1.021513104,0,,,,,,,,,,,,
9446486946,"Jul 13, 2023, 9:27:58 PM",Afternoon Commute ,Ride,,4026,2.3,,,FALSE,Shooters and high school loop ,,activities/9446486946.gpx,,,4026,1212,2299.350098,4.994000435,1.897153497,2.056250095,2.056250095,289.2999878,291.7999878,2.802440166,0,,,,,,,,51.16790771,69.14728546,,,,,,,,,3,,,,,0,10,0,,1,,1689282048,2,33.90000153,38.52000046,23.81999969,0.560000002,1008.72998,2.049999952,3.480000019,28,0,1689246464,1689298816,0.875,,,0.75,5,0.479999989,32067.38086,6,,,,,0,0.571125209,0,,,,,,,,,,,,
9456179884,"Jul 15, 2023, 2:18:19 PM",Morning Commute ,Ride,,1526,1.47,,,FALSE,Raider Express ,,activities/9456179884.gpx,,,1526,798,1474.050049,4.954003811,1.847180486,0,0,290.3999939,291.7999878,1.362398505,0,,,,,,,,47.31672287,42.10100174,,,,,,,,,3,,,,,0,6,0,,1,,1689429632,1,22.85000038,24.43000031,20.02000046,0.839999974,1014.320007,2.920000076,5.110000134,329,0,1689419392,1689471616,0,,,0.49000001,5,0.25999999,20422.19922,2,,,,,0,0.965956807,0,,,,,,,,,,,,
9458284467,"Jul 15, 2023, 8:38:49 PM",Afternoon Commute ,Ride,,4052,2.27,,,FALSE,Shooters and high school loop ,,activities/9458284467.gpx,,,4052,959,2273.969971,4.623999119,2.371188641,2.056428671,2.056428671,289.2999878,291.7999878,2.237135887,0,,,,,,,,49.37620926,52.79724121,,,,,,,,,3,,,,,0,7,0,,1,,1689451264,1,31.03000069,32.84999847,19.28000069,0.5,1013.840027,3.069999933,7.039999962,340,0,1689419392,1689471616,0,,,0.449999988,5,0.07,32142.58008,9,,,,,0,0.561196923,0,,,,,,,,,,,,
9462138754,"Jul 16, 2023, 12:56:45 PM",Morning Commute ,Ride,,1354,1.31,,,FALSE,Raider Express ,,activities/9462138754.gpx,,,1354,618,1315.310059,6.447998047,2.12833333,0,0.100000001,290.3999939,291.7999878,1.387926221,-0.00760277,,,,,,,,81.1601181,55.92500305,,,,,,,,,3,,,,,0,5,0,,1,,1689508864,1,20.54000092,21.60000038,18.65999985,0.889999986,1015.969971,1.399999976,3.380000114,214,0,1689505792,1689557888,0,,,0.519999981,1,0.090000004,22840.85938,0,,,,,0,0.971425474,0,,,,,,,,,,,,
9463317895,"Jul 16, 2023, 3:10:28 PM",Morning Commute ,Ride,,4428,7.38,,,FALSE,Walmart and Starbucks ,,activities/9463317895.gpx,,,4428,2994,7382.470215,4.967968941,2.465754986,14.27560329,14.27560329,285.5,292,6.644496918,0,,,,,,,,49.88699341,166.5382385,,,,,,,,,3,,,,,0,24,0,,1,,1689519616,1,27.87000084,29.94000053,20.39999962,0.639999986,1016.099976,3.319999933,6.039999962,235,0,1689505792,1689557888,0,,,0.519999981,1,0.02,29170.38086,5,,,,,0,1.667224526,0,,,,,,,,,,,,
9465039831,"Jul 16, 2023, 10:14:29 PM",Afternoon Commute ,Ride,,1072,1.26,,,FALSE,Raider Express ,,activities/9465039831.gpx,,,1072,610,1261.449951,5.298002243,2.067950726,0,0,290.3999939,291.7999878,1.278771162,0,,,,,,,,65.99530792,44.88670731,,,,,,,,,3,,,,,0,5,0,,1,,1689544832,1,32.20000076,33.84999847,18.68000031,0.449999988,1012.400024,3.940000057,6.550000191,199,0,1689505792,1689557888,0,,,0.5,1,0.150000006,32871.01172,4,,,,,0,1.176725745,0,,,,,,,,,,,,
9468459289,"Jul 17, 2023, 2:51:08 PM",Morning Commute ,Ride,,1029,1.56,,,FALSE,Post Office and Raider Express ,,activities/9468459289.gpx,,,1029,775,1567.099976,9.555994034,2.022064447,0,0.100000001,290.3999939,292.2000122,3.194883108,-0.006381214,,,,,,,,59.01551056,50.9967804,,,,,,,,,3,,,,,0,6,0,,1,,1689602432,1,25.31999969,27.37000084,20.87000084,0.75999999,1014.76001,4.96999979,8.350000381,229,0,1689592320,1689644288,0,,,0.519999981,5,0.209999993,25414.17969,2,,,,,0,1.522934914,0,,,,,,,,,,,,
9469760176,"Jul 17, 2023, 6:18:13 PM",Lunch Commute ,Ride,,730,1.04,,,FALSE,Post Office ,,activities/9469760176.gpx,,,730,515,1040.069946,3.73399663,2.019553185,0,0,290.3999939,291.7999878,2.244671822,0,,,,,,,,65.64406586,37.69446182,,,,,,,,,3,,,,,0,4,0,,1,,1689616768,1,32,36.13999939,23.55999947,0.610000014,1013.320007,3.690000057,6.340000153,232,0,1689592320,1689644288,0,,,0.5,5,0.360000014,31258.91016,8,,,,,0,1.424753308,0,,,,,,,,,,,,
9470765453,"Jul 17, 2023, 9:11:07 PM",Afternoon Commute ,Ride,,2027,2.29,,,FALSE,Raider Express and high school loop ,,activities/9470765453.gpx,,,2027,960,2291.26001,7.084999561,2.38672924,2.047017574,2.147017479,289.2999878,291.7999878,2.980625153,-0.004364411,,,,,,,,42.14032364,45.10700226,,,,,,,,,3,,,,,0,8,0,,1,,1689627648,2,32.41999817,36.68999863,23.67000008,0.600000024,1011.809998,3.630000114,6.079999924,226,0,1689592320,1689644288,0,,,0.519999981,5,0.389999986,30201.88086,6,,,,,0,1.130370021,0,,,,,,,,,,,,
9474986676,"Jul 18, 2023, 1:44:15 PM",Morning Commute ,Ride,,1681,2.26,,,FALSE,Raider Express and high school loop ,,activities/9474986676.gpx,,,1681,985,2266.75,4.762227535,2.301269054,2.044652462,2.044652462,289.2999878,291.7999878,2.697842836,0,,,,,,,,50.50933075,55.4731369,,,,,,,,,3,,,,,0,8,0,,1,,1689685248,3,24.60000038,27.22999954,22.44000053,0.879999995,1011.710022,2.160000086,5.179999828,141,0,1689678720,1689730688,0.125,,,0.5,1,0.720000029,19445.34961,1,,,,,0,1.348453283,0,,,,,,,,,,,,
9477461020,"Jul 18, 2023, 9:09:02 PM",Afternoon Commute ,Ride,,1848,2,,,FALSE,Raider Express and Jefferson loop ,,activities/9477461020.gpx,,,1848,850,2003.069946,6.080999851,2.356552839,0,0,290.3999939,291.7999878,2.002003908,0,,,,,,,,52.56742096,49.82077408,,,,,,,,,3,,,,,0,7,0,,1,,1689714048,2,35.66999817,39.81000137,22.68000031,0.469999999,1009.049988,5.340000153,9.770000458,179,0,1689678720,1689730688,0.125,,,0.50999999,1,0.5,36387,5,,,,,0,1.083912253,0,,,,,,,,,,,,
9481231038,"Jul 19, 2023, 1:04:00 PM",Morning Commute ,Ride,,1918,2.3,,,FALSE,Raider Express and high school loop ,,activities/9481231038.gpx,,,1918,975,2302.360107,7.139997005,2.361394882,2.049999952,2.049999952,289.2999878,291.7999878,2.645510674,0,,,,,,,,45.0629158,48.9890213,,,,,,,,,3,,,,,0,8,0,,1,,1689771648,2,26.79000092,29.04000092,21.06999969,0.709999979,1011.950012,4.309999943,10.27000046,199,0,1689765120,1689817088,0.125,,,0.519999981,1,0.389999986,24399.78906,1,,,,,0,1.200396299,0,,,,,,,,,,,,
9482410392,"Jul 19, 2023, 4:41:20 PM",Lunch Commute ,Ride,,1178,3.27,,,FALSE,Medicalodges loop,,activities/9482410392.gpx,,,1178,1146,3272.48999,5.929999828,2.8555758,0,0,289.7000122,292,3.223229885,0,,,,,,,,33.67142487,43.02500916,,,,,,,,,3,,,,,0,9,0,,1,,1689782400,1,31.65999985,34.31999969,20.97999954,0.529999971,1012.02002,5.769999981,10.23999977,226,0,1689765120,1689817088,0.125,,,0.519999981,1,0.340000004,34208.08984,6,,,,,0,2.778005123,0,,,,,,,,,,,,
9483055414,"Jul 19, 2023, 6:14:48 PM",Lunch Commute ,Ride,,973,1.08,,,FALSE,Palluccas ,,activities/9483055414.gpx,,,973,534,1081.300049,7.587670803,2.024906397,0,0,290.3999939,291.6000061,1.929569602,0,,,,,,,,69.84059143,41.58378601,,,,,,,,,3,,,,,0,4,0,,1,,1689789568,2,33.59000015,36.61000061,21.29000092,0.49000001,1011.77002,5.150000095,7.980000019,238,0,1689765120,1689817088,0.125,,,0.529999971,1,0.620000005,36825.73828,7,,,,,0,1.111305237,0,,,,,,,,,,,,
9484394177,"Jul 19, 2023, 10:22:59 PM",Afternoon Commute ,Ride,,2868,1.91,,,FALSE,Raider Express and Jefferson loop ,,activities/9484394177.gpx,,,2868,805,1909.780029,7.015000343,2.372397661,0,0.100000001,290.3999939,292,1.908378243,-0.005236205,,,,,,,,46.87478256,42.07363129,,,,,,,,,3,,,,,0,6,0,,1,,1689804032,2,35.15999985,38.56000137,21.62999916,0.460000008,1011.26001,2.630000114,4.909999847,262,0,1689765120,1689817088,0.125,,,0.49000001,1,0.469999999,36630.32813,4,,,,,0,0.665892601,0,,,,,,,,,,,,
9487904024,"Jul 20, 2023, 1:59:32 PM",Morning Commute ,Ride,,1329,1.3,,,FALSE,Raider Express ,,activities/9487904024.gpx,,,1329,605,1305.209961,5.092224121,2.157371759,0,0,290.3999939,292,1.886792779,0,,,,,,,,50.08137894,33.78364563,,,,,,,,,3,,,,,0,5,0,,1,,1689858048,3,24.25,26.76000023,22.22999954,0.889999986,1015.679993,2.210000038,3.859999895,39,0.300000012,1689851648,1689903360,0.125,,,0.699999988,5,0.879999995,16993.31055,1,,,,,0,0.982099295,0,,,,,,,,,,,,
9489140248,"Jul 20, 2023, 5:32:47 PM",Lunch Commute ,Ride,,645,0.97,,,FALSE,Palluccas ,,activities/9489140248.gpx,,,645,505,976.8499756,5.427999973,1.934356332,0,0,290.3999939,291.6000061,3.095975637,0,,,,,,,,56.38985062,31.75171471,,,,,,,,,3,,,,,0,4,0,,1,,1689872384,3,29.12999916,32.75999832,23.40999985,0.709999979,1016.380005,2.339999914,4.929999828,351,0,1689851648,1689903360,0.125,,,0.589999974,5,0.639999986,26943.24023,6,,,,,0,1.514496088,0,,,,,,,,,,,,
9490438217,"Jul 20, 2023, 9:02:56 PM",Afternoon Commute ,Ride,,2067,2.38,,,FALSE,Raider Express and high school loop ,,activities/9490438217.gpx,,,2067,986,2387.98999,5.209997654,2.421896458,0,0,289.2999878,292,2.958575726,0,,,,,,,,47.26697922,51.96484375,,,,,,,,,3,,,,,0,8,0,,1,,1689886848,1,31.84000015,36.22999954,24,0.629999995,1014.640015,2.670000076,5.539999962,357,0,1689851648,1689903360,0.125,,,0.649999976,5,0.319999993,31636.91016,6,,,,,0,1.155292749,0,,,,,,,,,,,,
9494553470,"Jul 21, 2023, 3:25:02 PM",Morning Commute ,Ride,,1119,1.24,,,FALSE,Raider Express ,,activities/9494553470.gpx,,,1119,641,1240.939941,3.682000637,1.935943723,0,0,290.3999939,292,3.278701544,0,,,,,,,,62.37335205,44.57917023,,,,,,,,,3,,,,,0,5,0,,1,,1689951616,5,20.87999916,21.82999992,18.20999908,0.850000024,1018.419983,2.579999924,4.869999886,117,1.100000024,1689938048,1689989760,0.125,,,0.670000017,5,0.980000019,11320.12012,3,,,,,0,1.108972192,0,,,,,,,,,,,,
9495651203,"Jul 21, 2023, 6:51:54 PM",Afternoon Commute ,Ride,,1235,3.24,,,FALSE,Medicalodges loop,,activities/9495651203.gpx,,,1235,1156,3244.800049,5.882500172,2.806920528,0,0,289.7000122,292,2.358490229,0,,,,,,,,36.65175247,47.24190903,,,,,,,,,3,,,,,0,9,0,,1,,1689962368,3,22.76000023,23.98999977,18.94000053,0.790000021,1017.02002,2.50999999,4.380000114,232,2.200000048,1689938048,1689989760,0.125,,,0.730000019,5,0.930000007,17440.4707,5,,,,,0,2.62736845,0,,,,,,,,,,,,
9496199480,"Jul 21, 2023, 9:26:43 PM",Afternoon Commute ,Ride,,1508,2.07,,,FALSE,Raider Express and Jefferson loop ,,activities/9496199480.gpx,,,1508,865,2070.719971,7.472222328,2.393895864,0,0,290.3999939,292.2000122,4.156286716,0,,,,,,,,50.50313568,48.70901108,,,,,,,,,3,,,,,0,7,0,,1,,1689973248,2,26.72999954,28.12999916,18.85000038,0.620000005,1016.349976,2.680000067,5.289999962,36,0,1689938048,1689989760,0.125,,,0.730000019,5,0.569999993,25872.43945,5,,,,,0,1.373156428,0,,,,,,,,,,,,
9500206929,"Jul 22, 2023, 1:32:13 PM",Morning Commute ,Ride,,2285,2.37,,,FALSE,Raider Express and high school loop ,,activities/9500206929.gpx,,,2285,973,2375.199951,5.123331547,2.441109896,0,0,289.3999939,292,3.460190058,0,,,,,,,,50.53831482,54.82876587,,,,,,,,,3,,,,,0,8,0,,1,,1690030848,1,19.07999992,19.57999992,16.53000069,0.850000024,1017.469971,1.139999986,2.390000105,304,0,1690024448,1690076160,0.125,,,0,1,0.050000001,22501.92969,1,,,,,0,1.039474845,0,,,,,,,,,,,,
9502063737,"Jul 22, 2023, 6:37:50 PM",Lunch Commute ,Ride,,2426,1.92,,,FALSE,Raider Express and Jefferson loop ,,activities/9502063737.gpx,,,2426,859,1924.579956,5.346669674,2.240489006,0,0,290.3999939,292,1.840774775,0,,,,,,,,43.97826767,42.12172318,,,,,,,,,3,,,,,0,7,0,,1,,1690048768,1,27.85000038,28.57999992,16.65999985,0.50999999,1016.27002,1.830000043,4.449999809,319,0,1690024448,1690076160,0.125,,,0.280000001,1,0.090000004,34888.17188,10,,,,,0,0.793314099,0,,,,,,,,,,,,
9502567325,"Jul 22, 2023, 9:18:04 PM",Afternoon Commute ,Ride,,1476,1.26,,,FALSE,Raider Express ,,activities/9502567325.gpx,,,1476,628,1265.939941,5.295559406,2.015827894,0,0,290.3999939,292,1.978239298,0,,,,,,,,58.20885468,40.7590065,,,,,,,,,3,,,,,0,5,0,,1,,1690059648,1,29.94000053,30.88999939,17.14999962,0.460000008,1014.440002,2.119999886,4.889999866,297,0,1690024448,1690076160,0.125,,,0,1,0.159999996,33086.96094,6,,,,,0,0.857682884,0,,,,,,,,,,,,
9514719923,"Jul 24, 2023, 8:33:16 PM",Afternoon Commute ,Ride,,2457,1.17,,,FALSE,Shooters - ride was a little harder than usual because I just got out of the hospital.,,activities/9514719923.gpx,,,2457,646,1178.720093,4.916666508,1.824644089,0,0,290.3999939,292,1.995012164,0,,,,,,,,73.05271912,52.61914444,,,,,,,,,3,,,,,0,5,0,,1,,1690228736,1,32.25,34.34999847,19.71999931,0.479999989,1015.309998,5.440000057,9.390000343,189,0,1690197376,1690248832,0.125,,,0.49000001,1,0.050000001,32917.46094,9,,,,,0,0.479739547,0,,,,,,,,,,,,
9518940812,"Jul 25, 2023, 2:30:05 PM",Morning Commute ,Ride,,1236,2.93,,,FALSE,Raider Express ,,activities/9518940812.gpx,,,1236,1114,2937.580078,12.3710022,2.63696599,0,0,290.3999939,292.5,3.246735334,0,,,,,,,,59.45209885,73.84604645,,,,,,,,,3,,,,,0,9,0,,1,,1690293632,1,25.96999931,27.47999954,19.28000069,0.670000017,1016.440002,5.820000172,12.60000038,202,0,1690283776,1690335232,0.25,,,0.330000013,1,0.349999994,28826.67969,2,,,,,0,2.376682997,0,,,,,,,,,,,,
9521347964,"Jul 25, 2023, 9:00:41 PM",Afternoon Commute ,Ride,,1432,1.24,,,FALSE,Raider Express ,,activities/9521347964.gpx,,,1432,648,1240.189941,3.828803778,1.913873315,0,0,290.3999939,292,1.755925179,0,,,,,,,,46.67656708,33.72475052,,,,,,,,,3,,,,,0,5,0,,1,,1690318848,8,35.86999893,39.20000076,21.36000061,0.430000007,1012.460022,7.320000172,13.02999973,206,0,1690283776,1690335232,0.25,,,0.5,1,0.75,32257.08008,5,,,,,0,0.866054416,0,,,,,,,,,,,,
9525622478,"Jul 26, 2023, 2:43:46 PM",Morning Commute ,Ride,,1215,1.35,,,FALSE,Raider Express ,,activities/9525622478.gpx,,,1215,623,1356.930054,4.172009468,2.178057909,0,0.100000001,290.3999939,292.3999939,2.857142925,-0.007369576,,,,,,,,47.36690903,32.9031868,,,,,,,,,3,,,,,0,5,0,,1,,1690380032,8,28.01000023,29.81999969,19.78000069,0.610000014,1013.429993,7.070000172,15.02999973,211,0,1690370304,1690421504,0.375,,,0.519999981,1,0.620000005,29871.96094,2,,,,,0,1.116814852,0,,,,,,,,,,,,
9527947529,"Jul 26, 2023, 9:18:43 PM",Afternoon Commute ,Ride,,2272,1.25,,,FALSE,Raider Express ,,activities/9527947529.gpx,,,2272,702,1250.319946,4.941998482,1.781082511,0,0,290.3999939,292,2.175094128,0,,,,,,,,58.0461731,45.43448257,,,,,,,,,3,,,,,0,5,0,,1,,1690405248,8,36.06999969,38.84000015,20.34000015,0.400000006,1010.890015,8.850000381,16.29999924,222,0,1690370304,1690421504,0.375,,,0.529999971,1,0.200000003,28729.58984,6,,,,,0,0.55031687,0,,,,,,,,,,,,
9531568191,"Jul 27, 2023, 1:54:05 PM",Morning Commute ,Ride,,1514,1.88,,,FALSE,Raider Express ,,activities/9531568191.gpx,,,1514,1017,1880.700073,9.138000488,1.849262595,0,0,290.3999939,292.2000122,3.174578667,0,,,,,,,,56.68600464,64.2793808,,,,,,,,,3,,,,,0,8,0,,1,,1690462848,1,25.88999939,27.78000069,20.35000038,0.720000029,1015,4.809999943,10.22000027,211,0,1690456704,1690507904,0.375,,,0.5,1,0.159999996,23916.91016,1,,,,,0,1.242206097,0,,,,,,,,,,,,
9534134191,"Jul 27, 2023, 9:05:08 PM",Afternoon Commute ,Ride,,5174,1.15,,,FALSE,Shooters ,,activities/9534134191.gpx,,,5174,674,1152.050049,4.273999214,1.7092731,0,0,290.3999939,291.8999939,2.444988251,0,,,,,,,,62.78095627,47.18051529,,,,,,,,,3,,,,,0,5,0,,1,,1690491648,2,35.84000015,38.90999985,20.93000031,0.419999987,1012.599976,5.199999809,8.760000229,211,0,1690456704,1690507904,0.375,,,0,1,0.550000012,36776.69141,5,,,,,0,0.222661391,0,,,,,,,,,,,,
9537487998,"Jul 28, 2023, 1:39:48 PM",Morning Commute ,Ride,,1688,2.34,,,FALSE,Raider Express and high school loop ,,activities/9537487998.gpx,,,1688,920,2347.699951,6.582995415,2.551847696,0,0,289.3999939,292,2.624673605,0,,,,,,,,41.64982986,42.72439575,,,,,,,,,3,,,,,0,7,0,,1,,1690549248,2,26.25,27.81999969,19.42000008,0.660000026,1015.299988,5.260000229,10.84000015,208,0,1690543232,1690594304,0.375,,,0.449999988,1,0.589999974,27972.5,1,,,,,0,1.390817523,0,,,,,,,,,,,,
9538601291,"Jul 28, 2023, 5:04:38 PM",Lunch Commute ,Ride,,1200,3.24,,,FALSE,Medicalodges loop ,,activities/9538601291.gpx,,,1200,1192,3239.719971,4.858000278,2.717885971,0,0,289.7999878,292,2.898550034,0,,,,,,,,39.16046143,52.04738617,,,,,,,,,3,,,,,0,9,0,,1,,1690563584,8,32.70000076,35.56999969,21.18000031,0.50999999,1014.849976,7.050000191,12.26000023,215,0,1690543232,1690594304,0.375,,,0.389999986,1,0.389999986,33343.57031,8,,,,,0,2.699766636,0,,,,,,,,,,,,
9539118793,"Jul 28, 2023, 6:49:24 PM",Afternoon Commute ,Ride,,1089,1.2,,,FALSE,Raider Express ,,activities/9539118793.gpx,,,1089,572,1206.119995,4.104003906,2.108601332,0,0,290.3999939,292,3.048753262,0,,,,,,,,56.02257156,35.73007584,,,,,,,,,3,,,,,0,4,0,,1,,1690567168,8,34.50999832,37.29000092,20.64999962,0.439999998,1014.400024,6.869999886,12.36999989,206,0,1690543232,1690594304,0.375,,,0.519999981,1,0.230000004,34418.66016,9,,,,,0,1.107548237,0,,,,,,,,,,,,
9539697638,"Jul 28, 2023, 9:17:40 PM",Afternoon Commute ,Ride,,2444,1.22,,,FALSE,Shooters ,,activities/9539697638.gpx,,,2444,613,1224.390015,7.050000191,1.997373581,0,0,290.3999939,291.8999939,3.246735334,0,,,,,,,,51.41828918,35.14414215,,,,,,,,,3,,,,,0,5,0,,1,,1690578048,8,36.47999954,39.43999863,20.60000038,0.400000006,1013.22998,7.389999866,12.43999958,208,0,1690543232,1690594304,0.375,,,0.529999971,1,0.209999993,27086.36914,6,,,,,0,0.500977933,0,,,,,,,,,,,,
9543850187,"Jul 29, 2023, 2:11:01 PM",Morning Commute ,Ride,,1516,1.28,,,FALSE,Raider Express ,,activities/9543850187.gpx,,,1516,617,1282.670044,4.103334904,2.078881741,0,0.100000001,290.3999939,292,1.980199814,-0.007796237,,,,,,,,64.03731537,44.05479431,,,,,,,,,3,,,,,0,5,0,,1,,1690639232,1,27.59000015,29.90999985,21.06999969,0.680000007,1017.789978,4.670000076,8.149999619,211,0,1690629632,1690680576,0.375,,,0.519999981,1,0.360000014,27563.5,2,,,,,0,0.846088409,0,,,,,,,,,,,,
9545500699,"Jul 29, 2023, 6:47:41 PM",Afternoon Commute ,Ride,,1604,1.35,,,FALSE,Raider Express ,,activities/9545500699.gpx,,,1604,613,1357.459961,10.22285652,2.214453459,2,2,290.3999939,292.3999939,2.92393899,0,,,,,,,,65.99856567,45.10968781,,,,,,,,,3,,,,,0,5,0,,1,,1690653568,1,35.06000137,38.25,21.27000046,0.449999988,1016.700012,4.440000057,6.619999886,231,0,1690629632,1690680576,0.375,,,0.519999981,1,0.140000001,37344.89063,10,,,,,0,0.846296728,0,,,,,,,,,,,,
9546371502,"Jul 29, 2023, 11:09:00 PM",Afternoon Commute ,Ride,,2494,1.2,,,FALSE,Shooters ,,activities/9546371502.gpx,,,2494,837,1201.26001,3.255993605,1.435197115,0,0,290.3999939,291.8999939,2.621235609,0,,,,,,,,51.90722656,48.44268036,,,,,,,,,3,,,,,0,6,0,,1,,1690671616,2,35.31000137,38.36000061,21,0.430000007,1014.070007,3.74000001,6.539999962,207,0,1690629632,1690680576,0.375,,,0.519999981,1,0.430000007,35170.60938,2,,,,,0,0.481659979,0,,,,,,,,,,,,
9550477824,"Jul 30, 2023, 2:41:31 PM",Morning Walk ,Walk,,886,0.62,,,FALSE,Raider Express ,,activities/9550477824.gpx,,,886,819,625.9299927,1.744995117,0.764261305,0,-1.600000024,290.3999939,292,2.028397322,0.255619645,,,,,,,,,78.48950958,,,,,,,,,3,,,,,0,6,0,,1,,1690725632,1,25.52000046,27.69000053,21.12999916,0.769999981,1018.72998,2.569999933,5.090000153,72,0,1690716032,1690766976,0.375,,,0.519999981,1,0.119999997,24382.73047,2,,,,,0,0.706467271,0,,,,,,,,,,,,
9552682511,"Jul 30, 2023, 9:07:07 PM",Afternoon Commute ,Ride,,1415,1.38,,,FALSE,Raider Express ,,activities/9552682511.gpx,,,1415,640,1386.630005,7.873999119,2.166609287,0,0,290.3999939,292,1.761338115,0,,,,,,,,55.19764328,39.38903809,,,,,,,,,3,,,,,0,5,0,,1,,1690750848,1,34.86999893,39.11000061,23.03000069,0.5,1015.630005,1.379999995,3.640000105,32,0,1690716032,1690766976,0.375,,,0.50999999,1,0.289999992,34587.05859,6,,,,,0,0.979950547,0,,,,,,,,,,,,
9556155995,"Jul 31, 2023, 2:04:27 PM",Morning Commute ,Ride,,3059,1.3,,,FALSE,Raider Express ,,activities/9556155995.gpx,,,3059,597,1300.310059,7.973999023,2.178073883,0,0,290.3999939,292,1.910219431,0,,,,,,,,56.66915894,37.72210693,,,,,,,,,3,,,,,0,4,0,,1,,1690812032,3,24.97999954,27.12999916,21.20000076,0.800000012,1017.849976,2.910000086,4.519999981,102,0,1690802560,1690853248,0.375,,,0.519999981,5,0.730000019,28427.31055,2,,,,,0,0.425076842,0,,,,,,,,,,,,
9558683811,"Jul 31, 2023, 9:29:04 PM",Afternoon Commute,Ride,,4890,1.15,,,FALSE,Shooters and Raider Express ,,activities/9558683811.gpx,,,4890,666,1158.939941,3.069995165,1.740150094,0,0,290.3999939,291.8999939,2.679767847,0,,,,,,,,57.63595581,42.7998848,,,,,,,,,3,,,,,0,5,0,,1,,1690837248,3,33.56000137,36.68000031,21.47999954,0.49000001,1014.780029,3.710000038,6.869999886,142,0,1690802560,1690853248,0.375,,,0.479999989,5,0.649999976,30703.53906,5,,,,,0,0.23700203,0,,,,,,,,,,,,
9562405310,"Aug 1, 2023, 1:52:50 PM",Morning Commute ,Ride,,1424,1.26,,,FALSE,Raider Express ,,activities/9562405310.gpx,,,1424,578,1266.410034,6.080999851,2.191020727,0,0,290.3999939,292,1.785714746,0,,,,,,,,51.37334061,33.10857773,,,,,,,,,3,,,,,0,4,0,,1,,1690894848,3,25.5,27.84000015,21.54999924,0.790000021,1016.820007,2.589999914,6.449999809,183,0,1690888960,1690939648,0.5,,,0.5,1,0.699999988,24003.61914,1,,,,,0,0.889332891,0,,,,,,,,,,,,
9565002787,"Aug 1, 2023, 8:48:16 PM",Afternoon Commute ,Ride,,1626,1.3,,,FALSE,Raider Express ,,activities/9565002787.gpx,,,1626,636,1302.76001,7.202499866,2.048364878,0,0,290.3999939,292,2.677375793,0,,,,,,,,53.88901901,38.21485901,,,,,,,,,3,,,,,0,5,0,,1,,1690919936,1,35.97999954,40.5,23.15999985,0.479999989,1014.26001,4.710000038,8.010000229,202,0,1690888960,1690939648,0.5,,,0.519999981,1,0.289999992,31145.67969,8,,,,,0,0.801205397,0,,,,,,,,,,,,
9570670944,"Aug 2, 2023, 6:03:38 PM",Lunch Commute ,Ride,,1459,1.23,,,FALSE,Raider Express ,,activities/9570670944.gpx,,,1459,615,1232.579956,4.948000908,2.004194975,0,0,290.3999939,292,2.014099121,0,,,,,,,,54.3561554,37.27337646,,,,,,,,,3,,,,,0,5,0,,1,,1690999168,1,35.06999969,39.34999847,23.03000069,0.5,1012.630005,6.210000038,11.51000023,224,0,1690975488,1691025920,0.625,,,0.449999988,1,0.189999998,34935.35938,9,,,,,0,0.844811499,0,,,,,,,,,,,,
9572720750,"Aug 2, 2023, 9:26:52 PM",Evening Commute ,Ride,,20183,1.23,,,FALSE,Shooters ,,activities/9572720750.gpx,,,20183,764,1235.550049,4.490002632,1.617212057,0,0,290.3999939,292.2999878,9.58465004,0,,,,,,,,74.85655212,63.76730347,,,,,,,,,3,,,,,0,6,0,,1,,1691010048,1,38.22999954,42.11000061,21.71999931,0.389999986,1010.640015,5.929999828,10.31999969,211,0,1690975488,1691025920,0.625,,,0.529999971,1,0.109999999,36907.35156,6,,,,,0,0.061217364,0,,,,,,,,,,,,
9576973110,"Aug 3, 2023, 5:53:20 PM",Lunch Commute ,Ride,,1485,1.28,,,FALSE,Raider Express ,,activities/9576973110.gpx,,,1485,585,1280.949951,5.898010254,2.189657927,0,0,290.3999939,292,1.792114139,0,,,,,,,,44.20727921,28.83530235,,,,,,,,,3,,,,,0,4,0,,1,,1691081984,3,34.75999832,37.20999908,19.96999931,0.419999987,1011.840027,4.630000114,8.430000305,234,0,1691061888,1691112320,0.625,,,0.519999981,1,0.680000007,36959.60938,6,,,,,0,0.862592578,0,,,,,,,,,,,,
9578372094,"Aug 3, 2023, 11:01:08 PM",Afternoon Commute ,Ride,,1668,2.09,,,FALSE,Raider Express and Jefferson loop ,,activities/9578372094.gpx,,,1668,854,2093.780029,13.19799995,2.451733112,0,0.100000001,290.2999878,292,3.246735334,-0.004776051,,,,,,,,47.72842789,45.44748688,,,,,,,,,3,,,,,0,7,0,,1,,1691103616,2,36.77999878,39.11000061,19.40999985,0.360000014,1008.609985,2.779999971,5.809999943,5,0,1691061888,1691112320,0.625,,,0.479999989,1,0.600000024,38186.82813,2,,,,,0,1.255263805,0,,,,,,,,,,,,
9581500701,"Aug 4, 2023, 1:20:36 PM",Morning Commute ,Ride,,1815,2.36,,,FALSE,Raider Express and high school loop ,,activities/9581500701.gpx,,,1815,864,2360.600098,7.699999809,2.732176065,0,0,289.2999878,292.2999878,2.726644754,0,,,,,,,,70.52456665,67.94054413,,,,,,,,,3,,,,,0,7,0,,1,,1691154048,3,24.69000053,27.14999962,22.03000069,0.850000024,1011.859985,1.50999999,3.309999943,168,0,1691148288,1691198592,0.625,,,0.529999971,5,0.769999981,17771.16016,1,,,,,0,1.300606132,0,,,,,,,,,,,,
9582527876,"Aug 4, 2023, 4:20:55 PM",Lunch Commute ,Ride,,1667,1.79,,,FALSE,Raider Express and Jefferson loop ,,activities/9582527876.gpx,,,1667,783,1797.76001,4.265991211,2.295989752,0,0,290.3999939,292,3.678160906,0,,,,,,,,49.3730278,43.10487366,,,,,,,,,3,,,,,0,6,0,,1,,1691164800,3,30.11000061,33.00999832,21.79000092,0.610000014,1011.299988,3.599999905,5.889999866,213,0,1691148288,1691198592,0.625,,,0.529999971,5,0.790000021,29276.75977,5,,,,,0,1.078440309,0,,,,,,,,,,,,
9583905169,"Aug 4, 2023, 9:31:35 PM",Afternoon Commute ,Ride,,2443,2.04,,,FALSE,Raider Express and Jefferson loop ,,activities/9583905169.gpx,,,2443,946,2044.52002,3.867993116,2.161226273,0,0,290.3999939,292,1.945522666,0,,,,,,,,52.24139023,55.10369492,,,,,,,,,3,,,,,0,7,0,,1,,1691182848,2,36.36999893,40.36999893,22.30999947,0.439999998,1008.460022,3.869999886,7.960000038,244,0,1691148288,1691198592,0.625,,,0.519999981,5,0.600000024,39417.10938,5,,,,,0,0.836889088,0,,,,,,,,,,,,
9590351094,"Aug 5, 2023, 9:15:55 PM",Afternoon Commute ,Ride,,5836,1.47,,,FALSE,Shooters and Raider Express ,,activities/9590351094.gpx,,,5836,695,1470.670044,18.63199997,2.116071939,0,0,290.3999939,292.1000061,2.156725883,0,,,,,,,,55.77169037,43.21887589,,,,,,,,,3,,,,,0,5,0,,1,,1691269248,3,30.86000061,33.77000046,21.64999962,0.579999983,1011.340027,3.130000114,4.730000019,238,0,1691234816,1691284992,0.625,,,0.819999993,5,0.75999999,28808.01953,4,,,,,0,0.251999676,0,,,,,,,,,,,,
9594631096,"Aug 6, 2023, 2:52:43 PM",Morning Commute ,Ride,,335,0.63,,,FALSE,Raider Express ,,activities/9594631096.gpx,,,335,317,637.039978,5.857142925,2.009589911,0,-1.5,290.3999939,291.8999939,1.48808825,0.235464036,,,,,,,,66.67717743,23.56738281,,,,,,,,,3,,,,,0,2,0,,1,,1691330432,3,23.23999977,25.20999908,21.06999969,0.879999995,1013.669983,4.900000095,7.96999979,240,0,1691321216,1691371264,0.625,,,0.529999971,5,0.75999999,21905.53906,2,,,,,0,1.901611924,0,,,,,,,,,,,,
9596457471,"Aug 6, 2023, 8:03:55 PM",Afternoon Walk ,Walk,,1794,1.59,,,FALSE,Raider Express to get my bicycle,,activities/9596457471.gpx,,,1794,1237,1595.22998,6.678997993,1.289595723,0,0,290.3999939,292,1.91021812,0,,,,,,,,,200.0364532,,,,,,,,,3,,,,,0,10,0,,1,,1691352064,8,30.80999947,33.36999893,20.95999908,0.560000002,1011.169983,7.639999866,12.93999958,262,0,1691321216,1691371264,0.625,,,0.519999981,5,0.170000002,30782.65039,8,,,,,0,0.889202893,0,,,,,,,,,,,,
9602557030,"Aug 7, 2023, 9:10:42 PM",Afternoon Commute for ,Ride,,1863,3.07,,,FALSE,Raider Express and Wright St loop,,activities/9602557030.gpx,,,1863,1172,3073.580078,8.379992485,2.622508526,3.444999933,3.444999933,288.2999878,292,1.992036223,0,,,,,,,,43.59617615,56.97061157,,,,,,,,,3,,,,,0,9,0,,1,,1691442048,1,29.20999908,30.45000076,18.04999924,0.50999999,1014.299988,4.230000019,7.309999943,326,0,1691407744,1691457664,0.75,,,0,1,0.090000004,34032.05078,6,,,,,0,1.649801493,0,,,,,,,,,,,,
9608783087,"Aug 8, 2023, 7:23:57 PM",Afternoon Commute ,Ride,,1170,3.32,,,FALSE,Medicalodges loop ,,activities/9608783087.gpx,,,1170,1152,3321.639893,6.248749733,2.883368015,0,0,289.7000122,292,3.06748271,0,,,,,,,,37.28311157,47.88941193,,,,,,,,,3,,,,,0,9,0,,1,,1691521152,1,30.23999977,32.13000107,19.56999969,0.529999971,1012.809998,1.779999971,3.809999943,204,0,1691494144,1691543936,0.875,,,0.519999981,1,0.119999997,31577.44922,9,,,,,0,2.83900857,0,,,,,,,,,,,,
9609447286,"Aug 8, 2023, 10:02:05 PM",Afternoon Commute ,Ride,,1419,2.59,,,FALSE,Raider Express and high school loop ,,activities/9609447286.gpx,,,1419,939,2598.01001,17.52199745,2.766783714,2,2,289.3999939,292.3999939,3.118491411,0,,,,,,,,49.48599243,51.81109238,,,,,,,,,3,,,,,0,7,0,,1,,1691532032,1,31.25,33.52000046,20.23999977,0.519999981,1011.450012,3.069999933,6.409999847,206,0,1691494144,1691543936,0.875,,,0.519999981,1,0.140000001,31335.7793,3,,,,,0,1.830873847,0,,,,,,,,,,,,
9615505844,"Aug 9, 2023, 6:57:25 PM",Afternoon Commute ,Ride,,1642,2.43,,,FALSE,Raider Express and high school loop ,,activities/9615505844.gpx,,,1642,900,2436.600098,7.899998188,2.707333326,0,0,289.3999939,292.3999939,3.541899443,0,,,,,,,,48.30367279,48.47273636,,,,,,,,,3,,,,,0,7,0,,1,,1691603968,2,26.45000076,29.22999954,22.36000061,0.779999971,1006.179993,5.110000134,9.880000114,173,0,1691580544,1691630336,0.875,,,0.839999974,5,0.620000005,23207.7207,7,,,,,0,1.483922124,0,,,,,,,,,,,,
9616473272,"Aug 9, 2023, 10:50:11 PM",Afternoon Commute ,Ride,,1544,3.52,,,FALSE,Raider Express and Wright St loop ,,activities/9616473272.gpx,,,1544,1098,3527.290039,24.48227692,3.212468147,3.442857027,3.442857027,288.2999878,292.3999939,3.100798607,0,,,,,,,,41.02367401,50.22405243,,,,,,,,,3,,,,,0,9,0,,1,,1691618432,3,28.52000046,31.76000023,22.82999992,0.709999979,1006.039978,2.930000067,4.949999809,337,0.699999988,1691580544,1691630336,0.875,,,0.829999983,5,0.709999979,24586.41992,3,,,,,0,2.284514189,0,,,,,,,,,,,,
9620169994,"Aug 10, 2023, 1:59:05 PM",Morning Commute ,Ride,,1732,2.34,,,FALSE,Raider Express and high school loop ,,activities/9620169994.gpx,,,1732,932,2344.889893,4.596008301,2.515976191,0,0,289.2999878,292,3.929299355,0,,,,,,,,46.01164246,47.81437683,,,,,,,,,3,,,,,0,7,0,,1,,1691672448,2,20.62999916,21.93000031,19.5,0.930000007,1010.349976,0.479999989,1.679999948,44,0,1691667072,1691716608,0.875,,,0,1,0.389999986,9108.5,1,,,,,0,1.353862524,0,,,,,,,,,,,,
9622338001,"Aug 10, 2023, 7:41:23 PM",Lunch Commute ,Ride,,957,1.36,,,FALSE,Raider Express ,,activities/9622338001.gpx,,,957,616,1366.079956,8.190002441,2.217662334,0,0,290.3999939,292,1.838235736,0,,,,,,,,53.88189316,37.00823975,,,,,,,,,3,,,,,0,5,0,,1,,1691693952,1,29.72999954,32.08000183,20.70000076,0.579999983,1009.909973,1.840000033,3.519999981,122,0,1691667072,1691716608,0.875,,,0,1,0.239999995,30948.57031,9,,,,,0,1.42746079,0,,,,,,,,,,,,
9628588215,"Aug 11, 2023, 5:46:41 PM",Lunch Commute ,Ride,,1572,2.35,,,FALSE,Raider Express and high school loop ,,activities/9628588215.gpx,,,1572,993,2355.919922,7.227499962,2.372527599,0,0,289.2999878,292,3.245449066,0,,,,,,,,49.19821167,54.47201157,,,,,,,,,3,,,,,0,8,0,,1,,1691773184,1,31.92000008,36.40999985,24.14999962,0.639999986,1008.859985,2.859999895,5.559999943,221,0,1691753472,1691803008,0.875,,,0.5,1,0.310000002,26240.19922,7,,,,,0,1.498676777,0,,,,,,,,,,,,
9629018123,"Aug 11, 2023, 9:39:45 PM",Afternoon Commute ,Ride,,3181,1.8,,,FALSE,Shooters ,,activities/9629018123.gpx,,,3181,843,1807.089966,7.654000282,2.14364171,0,0.100000001,290.3999939,292.2000122,2.188151121,-0.005533759,,,,,,,,76.43670654,71.84630585,,,,,,,,,3,,,,,0,7,0,,1,,1691787648,3,34.11000061,39.84999847,25.31999969,0.600000024,1007.630005,1.730000019,4.960000038,193,0,1691753472,1691803008,0.875,,,0.529999971,1,0.829999983,30747.83008,4,,,,,0,0.568088651,0,,,,,,,,,,,,
9640090756,"Aug 13, 2023, 2:42:25 PM",Morning Walk ,Walk,,844,0.65,,,FALSE,Raider Express ,,activities/9640090756.gpx,,,844,803,650.6500244,3.190000057,0.810274005,0,-1.5,290.3999939,291.8999939,2.014100075,0.230538681,,,,,,,,,81.58931732,,,,,,,,,3,,,,,0,6,0,,1,,1691935232,3,24.21999931,26.77000046,22.36000061,0.889999986,1013.23999,3.089999914,5.590000153,161,0.899999976,1691926400,1691975680,0.875,,,0.779999971,5,0.949999988,16681.41992,2,,,,,0,0.770912349,0,,,,,,,,,,,,
9642274025,"Aug 13, 2023, 8:55:19 PM",Afternoon Commute ,Ride,,1033,1.21,,,FALSE,Raider Express ,,activities/9642274025.gpx,,,1033,588,1211.640015,3.616003513,2.060612202,0,0,290.3999939,292,1.906576753,0,,,,,,,,54.82184219,35.94229507,,,,,,,,,3,,,,,0,4,0,,1,,1691956736,3,29.89999962,34.31000137,24.54999924,0.730000019,1011.130005,3.25999999,8.789999962,182,0,1691926400,1691975680,0.875,,,0.829999983,5,0.670000017,24665.13086,6,,,,,0,1.172933221,0,,,,,,,,,,,,
9647880359,"Aug 14, 2023, 7:26:05 PM",Afternoon Commute ,Ride,,1368,3.84,,,FALSE,Medicalodges and Kennedy loop,,activities/9647880359.gpx,,,1368,1309,3845.97998,5.135986328,2.938105345,5.123529434,5.123529434,286.6000061,292,2.701490641,0,,,,,,,,39.73859406,57.9998703,,,,,,,,,3,,,,,0,10,0,,1,,1692039552,1,26.19000053,26.59000015,15.64000034,0.519999981,1017.289978,5.5,10.93999958,292,0,1692012800,1692061952,0,,,0.730000019,5,0.200000003,30699.10938,9,,,,,0,2.811388969,0,,,,,,,,,,,,
9648213209,"Aug 14, 2023, 8:48:43 PM",Afternoon Commute ,Ride,,1298,2.45,,,FALSE,Raider Express and high school loop ,,activities/9648213209.gpx,,,1298,919,2449.840088,10.10667324,2.665767193,0,0,289.2999878,292,3.936994553,0,,,,,,,,47.80224609,48.9822464,,,,,,,,,3,,,,,0,7,0,,1,,1692043264,1,26.54999924,26.97999954,15.72999954,0.50999999,1016.659973,5.96999979,10.71000004,295,0,1692012800,1692061952,0,,,0.689999998,5,0.189999998,33558.71875,8,,,,,0,1.887396097,0,,,,,,,,,,,,
9655029834,"Aug 15, 2023, 7:35:39 PM",Afternoon Commute ,Ride,,1107,3.29,,,FALSE,Medicalodges loop ,,activities/9655029834.gpx,,,1107,1088,3295.709961,4.489990234,3.029145241,0,0,289.7999878,292,2.985074282,0,,,,,,,,39.91302109,48.41928482,,,,,,,,,3,,,,,0,9,0,,1,,1692125952,1,25.43000031,25.85000038,15.73999977,0.550000012,1019.76001,4.809999943,8.539999962,354,0,1692099328,1692148224,0,,,0,1,0.180000007,32464.98047,8,,,,,0,2.977154493,0,,,,,,,,,,,,
9655370699,"Aug 15, 2023, 8:45:46 PM",Afternoon Commute ,Ride,,1676,2.31,,,FALSE,Raider Express and high school loop ,,activities/9655370699.gpx,,,1676,908,2312.070068,6.30222559,2.546332598,0,0,289.3999939,292,3.267976522,0,,,,,,,,46.8932457,47.47565842,,,,,,,,,3,,,,,0,7,0,,1,,1692129536,1,25.70999908,26.02000046,15.30000019,0.529999971,1019.22998,4.130000114,7.840000153,358,0,1692099328,1692148224,0,,,0,1,0.159999996,33246,7,,,,,0,1.379516721,0,,,,,,,,,,,,
9662136043,"Aug 16, 2023, 8:29:37 PM",Afternoon Commute,Ride,,1759,3.47,,,FALSE,Raider Express and Wright St loop ,,activities/9662136043.gpx,,,1759,1121,3473.040039,14.19000149,3.098162413,3.442857027,3.442857027,288.2999878,292,2.419373989,0,,,,,,,,57.62774658,72.02978516,,,,,,,,,3,,,,,0,9,0,,1,,1692216064,1,27.62000084,28.63999939,17.61000061,0.540000021,1014.429993,2.859999895,4.900000095,183,0,1692185728,1692234624,0,,,0,1,0.050000001,32719.93945,8,,,,,0,1.974440098,0,,,,,,,,,,,,
9668762197,"Aug 17, 2023, 8:29:13 PM",Afternoon Commute,Ride,,1797,3.06,,,FALSE,Raider Express and Wright St loop ,,activities/9668762197.gpx,,,1797,1018,3064.780029,8.417999268,3.010589361,3.441596746,3.541596651,288.2999878,292,2.993987799,-0.003262877,,,,,,,,45.64705276,51.81259918,,,,,,,,,3,,,,,0,8,0,,1,,1692302336,1,30.29000092,32.40999985,20.11000061,0.550000012,1011.73999,2.49000001,4.730000019,1,0,1692272256,1692320896,0.125,,,0,1,0.370000005,31669.15039,7,,,,,0,1.705498099,0,,,,,,,,,,,,
9674193481,"Aug 18, 2023, 6:17:57 PM",Afternoon Commute,Ride,,1247,3.81,,,FALSE,Medicalodges and Kennedy loop,,activities/9674193481.gpx,,,1247,1247,3810.800049,5.404004097,3.055974483,5.099999905,5.099999905,286.6000061,292,2.918279648,0,,,,,,,,41.53102493,57.74494553,,,,,,,,,3,,,,,0,10,0,,1,,1692381568,1,28.72999954,30.10000038,18.48999977,0.540000021,1014.52002,3.220000029,4.960000038,119,0,1692358656,1692407296,0.125,,,0,1,0.360000014,32479.44922,8,,,,,0,3.055974483,0,,,,,,,,,,,,
9674854466,"Aug 18, 2023, 9:13:12 PM",Afternoon Commute,Ride,,1431,1.87,,,FALSE,Raider Express and Jefferson loop ,,activities/9674854466.gpx,,,1431,830,1877.319946,4.312011719,2.261831284,0,0,290.3999939,292,2.358490229,0,,,,,,,,61.53182602,56.94462585,,,,,,,,,3,,,,,0,6,0,,1,,1692392448,1,31.15999985,33.16999817,19.68000031,0.50999999,1012.200012,3.24000001,5.239999771,120,0,1692358656,1692407296,0.125,,,0,1,0,35236.71875,6,,,,,0,1.311893702,0,,,,,,,,,,,,
9681550330,"Aug 19, 2023, 8:26:15 PM",Afternoon Commute,Ride,,3909,1.21,,,FALSE,Shooters ,,activities/9681550330.gpx,,,3909,582,1216.23999,5.545996189,2.08975935,0,0,290.3999939,292,1.861329079,0,,,,,,,,56.95653152,36.96080017,,,,,,,,,3,,,,,0,4,0,,1,,1692475136,1,35.84000015,40.27000046,23.07999992,0.479999989,1010.849976,4.71999979,7.650000095,202,0,1692445056,1692493568,0.125,,,0,1,0.109999999,32815.96094,8,,,,,0,0.311138391,0,,,,,,,,,,,,
9686627894,"Aug 20, 2023, 2:45:03 PM",Morning Walk,Walk,,793,0.62,,,FALSE,Raider Express ,,activities/9686627894.gpx,,,793,793,623.5200195,1.780668139,0.786279976,0,-1.5,290.3999939,292,2.898553371,0.240569666,,,,,,,,,78.18730164,,,,,,,,,3,,,,,0,6,0,,1,,1692540032,1,27.92000008,30.88999939,22.43000031,0.720000029,1016.460022,3.119999886,6.139999866,232,0,1692531584,1692579840,0.125,,,0,1,0.059999999,26692.17969,2,,,,,0,0.786279976,0,,,,,,,,,,,,
9688499280,"Aug 20, 2023, 9:17:26 PM",Afternoon Commute,Ride,,1022,1.33,,,FALSE,Raider Express ,,activities/9688499280.gpx,,,1022,614,1329.420044,7.116250038,2.165179253,0,0,290.3999939,292,1.810774446,0,,,,,,,,52.73271942,36.10134888,,,,,,,,,3,,,,,0,5,0,,1,,1692565248,1,39.22000122,44.08000183,22.84000015,0.389999986,1014.309998,2.950000048,5.400000095,243,0,1692531584,1692579840,0.125,,,0,1,0,38093.71875,6,,,,,0,1.30080235,0,,,,,,,,,,,,
9694603573,"Aug 21, 2023, 9:36:51 PM",Afternoon Commute,Ride,,1987,3.24,,,FALSE,Raider Express and Wright St loop ,,activities/9694603573.gpx,,,1987,1211,3241.580078,8.425711632,2.676779509,3.446666718,3.546666622,288.2999878,292,2.557522297,-0.003084915,,,,,,,,46.95360947,63.39981842,,,,,,,,,3,,,,,0,10,0,,1,,1692651648,1,37.49000168,44.93999863,26.34000015,0.529999971,1016.179993,3.799999952,6.079999924,33,0,1692617984,1692666240,0.125,,,0.469999999,1,0.07,30897.7207,6,,,,,0,1.631394148,0,,,,,,,,,,,,
9700367401,"Aug 22, 2023, 4:10:31 PM",Afternoon Commute,Ride,,8243,8.25,,,FALSE,"CHC-SEK, Walmart and Starbucks ",,activities/9700367401.gpx,,,8243,3452,8258.719727,7.283325195,2.392444849,10.99997234,10.99997234,285.6000061,292,8.771817207,0,,,,,,,,49.17306137,189.2661285,,,,,,,,,3,,,,,0,28,0,,1,,1692720000,1,32.70000076,38.25999832,25.46999931,0.660000026,1018.150024,1.299999952,3.200000048,133,0,1692704512,1692752512,0.125,,,0.529999971,1,0.159999996,26124.08984,6,,,,,0,1.001906991,0,,,,,,,,,,,,
9701661441,"Aug 22, 2023, 10:13:19 PM",Afternoon Commute,Ride,,1118,1.36,,,FALSE,Raider Express ,,activities/9701661441.gpx,,,1118,615,1368.709961,7.806005955,2.225544691,0,0,290.3999939,292,1.888574839,0,,,,,,,,55.55168533,38.09318161,,,,,,,,,3,,,,,0,5,0,,1,,1692741632,1,36.38999939,42.41999817,25.04999924,0.519999981,1015.200012,2.519999981,4.559999943,146,0,1692704512,1692752512,0.125,,,0.529999971,1,0.150000006,33903.14063,3,,,,,0,1.224248648,0,,,,,,,,,,,,
9713634054,"Aug 24, 2023, 6:02:33 PM",Afternoon Commute,Ride,,717,1.66,,,FALSE,Leighton loop,,activities/9713634054.gpx,,,717,708,1660.650024,4.34400034,2.345550776,0,0,290.2999878,291.7000122,2.196192741,0,,,,,,,,62.28482056,49.16888428,,,,,,,,,3,,,,,0,5,0,,1,,1692899968,1,35.40999985,40.22999954,23.73999977,0.50999999,1014.609985,3.74000001,7.139999866,231,0,1692877312,1692925184,0.25,,,0.449999988,1,0.129999995,31856.88086,9,,,,,0,2.316108704,0,,,,,,,,,,,,
9714630360,"Aug 24, 2023, 9:11:30 PM",Afternoon Commute,Ride,,1517,2.07,,,FALSE,Raider Express and Jefferson loop ,,activities/9714630360.gpx,,,1517,819,2073.870117,10.23800087,2.532197952,0,0,290.3999939,292,2.24592948,0,,,,,,,,44.46903992,40.60845947,,,,,,,,,3,,,,,0,6,0,,1,,1692910848,2,37.02000046,41.15999985,22.37000084,0.430000007,1012.630005,3.049999952,6.489999771,224,0,1692877312,1692925184,0.25,,,0.519999981,1,0.579999983,29947.09961,4,,,,,0,1.367086411,0,,,,,,,,,,,,
9718625364,"Aug 25, 2023, 2:53:32 PM",Morning Commute,Ride,,1279,3.76,,,FALSE,Medicalodges and Kennedy loop ,,activities/9718625364.gpx,,,1279,1229,3763.409912,4.856005669,3.062172413,5.073333263,4.973333359,286.6000061,292,2.791965723,0.002657165,,,,,,,,36.82325363,50.46019363,,,,,,,,,3,,,,,0,10,0,,1,,1692972032,1,28.45000076,31.84000015,23.14999962,0.730000019,1014.320007,2.74000001,6.010000229,221,0,1692963840,1693011456,0.375,,,0.529999971,1,0.059999999,25917.11914,2,,,,,0,2.942462683,0,,,,,,,,,,,,
9720441623,"Aug 25, 2023, 9:40:31 PM",Afternoon Commute,Ride,,1709,2.34,,,FALSE,Raider Express and high school loop ,,activities/9720441623.gpx,,,1709,952,2341.719971,5.272009373,2.459789991,0,0,289.2999878,292,2.94693923,0,,,,,,,,46.39178467,49.24394989,,,,,,,,,3,,,,,0,7,0,,1,,1692997248,1,36.93999863,41.61999893,23.17000008,0.449999988,1011.73999,2.160000086,4.28000021,233,0,1692963840,1693011456,0.375,,,0.49000001,1,0.270000011,38345.85156,5,,,,,0,1.370228171,0,,,,,,,,,,,,
9726190535,"Aug 26, 2023, 6:00:57 PM",Afternoon Commute,Ride,,1340,3.85,,,FALSE,Medicalodges and Kennedy loop ,,activities/9726190535.gpx,,,1340,1336,3851.909912,5.604003906,2.883166075,5.077777863,5.177777767,286.6000061,292,2.859869242,-0.002596115,,,,,,,,37.95466995,56.53879547,,,,,,,,,3,,,,,0,11,0,,1,,1693072768,2,30.62999916,34.77000046,23.90999985,0.670000017,1013.22998,2.680000067,5.03000021,7,0,1693050240,1693097856,0.375,,,0.519999981,5,0.379999995,30073.49023,8,,,,,0,2.874559641,0,,,,,,,,,,,,
9731358195,"Aug 27, 2023, 2:37:42 PM",Morning Walk,Walk,,1036,0.88,,,FALSE,Raider Express ,,activities/9731358195.gpx,,,1036,861,879.2699585,12.49142933,1.021219492,0,-1.600000024,290.3999939,292.1000061,4.099407673,0.181969136,,,,,,,,,110.2574844,,,,,,,,,3,,,,,0,7,0,,1,,1693144832,3,22.80999947,24.53000069,20.46999931,0.870000005,1015.72998,4.730000019,8.619999886,40,0,1693136640,1693184128,0.375,,,0,1,0.660000026,20725.5293,2,,,,,0,0.848716199,0,,,,,,,,,,,,
9733648489,"Aug 27, 2023, 10:03:26 PM",Afternoon Commute,Ride,,1426,2.31,,,FALSE,Raider Express and high school loop ,,activities/9733648489.gpx,,,1426,940,2313.459961,4.689990044,2.46112752,0,0,289.2999878,292,2.884608507,0,,,,,,,,47.85897064,50.16098785,,,,,,,,,3,,,,,0,7,0,,1,,1693173632,1,28.37999916,29.48999977,17.78000069,0.529999971,1012.890015,5.03000021,8.649999619,37,0,1693136640,1693184128,0.375,,,0,1,0.180000007,29142.5,3,,,,,0,1.622342229,0,,,,,,,,,,,,
9739122684,"Aug 28, 2023, 9:03:03 PM",Afternoon Commute,Ride,,1617,2.41,,,FALSE,Raider Express and high school loop ,,activities/9739122684.gpx,,,1617,940,2418.169922,8.675557137,2.57252121,0,0,289.2999878,292,3.408611059,0,,,,,,,,43.98198318,46.09751511,,,,,,,,,3,,,,,0,7,0,,1,,1693256448,2,27.86000061,28.88999939,17.59000015,0.540000021,1014.219971,2.039999962,3.910000086,32,0,1693223168,1693270400,0.375,,,0.270000011,1,0.569999993,32708.69922,4,,,,,0,1.495466828,0,,,,,,,,,,,,
9749351898,"Aug 30, 2023, 1:12:18 PM",Morning Commute,Ride,,1610,1.2,,,FALSE,Raider Express ,,activities/9749351898.gpx,,,1610,549,1207.560059,4.203999996,2.199563026,0,0,290.3999939,292,1.982158303,0,,,,,,,,45.86258316,28.07409286,,,,,,,,,3,,,,,0,4,0,,1,,1693400448,1,18.86000061,19.18000031,15.69999981,0.819999993,1015.580017,1.960000038,6.300000191,23,0,1693396096,1693443072,0.5,,,0,1,0,23821.94922,0,,,,,0,0.750037313,0,,,,,,,,,,,,
9752238535,"Aug 30, 2023, 8:54:55 PM",Afternoon Commute,Ride,,3070,1.25,,,FALSE,Shooters ,,activities/9752238535.gpx,,,3070,635,1256.420044,6.282000065,1.978614211,0,0.100000001,290.3999939,292,3.95252347,-0.007959122,,,,,,,,53.33329391,37.76130676,,,,,,,,,4,,,,,0,7,0,,1,,1693425664,1,30.25,30.63999939,15.36999989,0.409999996,1013.130005,3.380000114,5.849999905,46,0,1693396096,1693443072,0.5,,,0,1,0.170000002,38679.39063,7,,,,,0,0.409257352,0,,,,,,,,,,,,
9755740685,"Aug 31, 2023, 1:09:06 PM",Morning Commute,Ride,,1167,1.13,,,FALSE,Raider Express ,,activities/9755740685.gpx,,,1167,588,1130.119995,5.373010159,1.921972752,0,0.200000003,290.3999939,292.3999939,0.43275252,-0.017697236,,,,,,,,39.43183517,25.85229874,,,,,,,,,3,,,,,0,4,0,,1,,1693486848,1,17.5,17.55999947,14.32999992,0.819999993,1016.02002,2.819999933,5.389999866,98,0,1693482496,1693529344,0.625,,,0,1,0.079999998,23621.2793,0,,,,,0,0.968397617,0,,,,,,,,,,,,
9758910295,"Aug 31, 2023, 10:48:29 PM",Afternoon Commute,Ride,,1548,1.29,,,FALSE,Raider Express ,,activities/9758910295.gpx,,,1548,629,1291.780029,5.692004204,2.053704262,0,0.100000001,290.3999939,292,1.910219431,-0.007741256,,,,,,,,41.36899948,29.01352692,,,,,,,,,3,,,,,0,5,0,,1,,1693519232,1,29.94000053,30.10000038,14.59000015,0.389999986,1012.77002,3.119999886,5.340000153,95,0,1693482496,1693529344,0.625,,,0,1,0.01,38168.26953,3,,,,,0,0.834483206,0,,,,,,,,,,,,
9761976133,"Sep 1, 2023, 1:23:28 PM",Morning Commute,Ride,,1310,1.87,,,FALSE,Raider Express ,,activities/9761976133.gpx,,,1310,610,1875.650024,14.05249977,3.074836016,0,0.100000001,289.8999939,292.2000122,3.142188549,-0.005331485,,,,,,,,84.62973785,57.56091309,,,,,,,,,3,,,,,0,5,0,,1,,1693573248,1,16.86000061,16.70999908,13.10000038,0.790000021,1018.440002,2.75999999,6.119999886,141,0,1693568896,1693615744,0.625,,,0,1,0,25178.78906,0,,,,,0,1.431793928,0,,,,,,,,,,,,
9764634835,"Sep 1, 2023, 9:35:46 PM",Afternoon Commute,Ride,,4821,1.21,,,FALSE,Shooters ,,activities/9764634835.gpx,,,4821,751,1209.089966,4.111999512,1.609973311,0,0,290.3999939,291.8999939,1.633988261,0,,,,,,,,70.95372772,59.41416931,,,,,,,,,3,,,,,0,6,0,,1,,1693602048,1,31.28000069,31.94000053,16.17000008,0.400000006,1016.080017,2.150000095,4.230000019,120,0,1693568896,1693615744,0.625,,,0,1,0.02,38775.37891,5,,,,,0,0.250796497,0,,,,,,,,,,,,
9768598462,"Sep 2, 2023, 1:34:58 PM",Morning Commute,Ride,,1654,1.22,,,FALSE,Raider Express ,,activities/9768598462.gpx,,,1654,577,1226.040039,4.710000038,2.124852657,0,0.100000001,290.3999939,292,1.73310101,-0.008156341,,,,,,,,75.67185974,48.68387222,,,,,,,,,3,,,,,0,4,0,,1,,1693659648,1,17.39999962,17.21999931,12.84000015,0.75,1018.73999,1.710000038,4.900000095,172,0,1693655424,1693702016,0.625,,,0,1,0,27935.7207,0,,,,,0,0.741257608,0,,,,,,,,,,,,
9771336300,"Sep 2, 2023, 9:30:34 PM",Afternoon Commute,Ride,,3014,1.19,,,FALSE,Shooters ,,activities/9771336300.gpx,,,3014,758,1197.810059,4.014996529,1.580224395,0,0,290.3999939,291.8999939,2.379064083,0,,,,,,,,50.09196472,42.33622742,,,,,,,,,3,,,,,0,6,0,,1,,1693688448,1,33.09000015,32.93999863,13.48999977,0.310000002,1015.330017,2.930000067,5.849999905,180,0,1693655424,1693702016,0.625,,,0,1,0,34172.07031,5,,,,,0,0.3974154,0,,,,,,,,,,,,
9776038057,"Sep 3, 2023, 2:33:19 PM",Morning Walk,Walk,,818,0.62,,,FALSE,Raider Express ,,activities/9776038057.gpx,,,818,803,621.0599976,2.529999971,0.773424625,0,-1.600000024,290.3999939,292,2.762434721,0.25762406,,,,,,,,,77.87882996,,,,,,,,,3,,,,,0,6,0,,1,,1693749632,1,23.45999908,24.37999916,17.77000046,0.699999988,1016.049988,3.339999914,6.820000172,178,0,1693741824,1693788288,0.625,,,0,1,0,29375.40039,2,,,,,0,0.759242058,0,,,,,,,,,,,,
9784226660,"Sep 4, 2023, 7:57:02 PM",Afternoon Commute,Ride,,1585,1.4,,,FALSE,Raider Express ,,activities/9784226660.gpx,,,1585,599,1403.900024,10.70332813,2.34373951,0,0,290.3999939,292,1.745201945,0,,,,,,,,53.50359726,35.73425293,,,,,,,,,3,,,,,0,4,0,,1,,1693853952,8,33.79999924,35.65999985,18.93000031,0.419999987,1007.840027,6.78000021,11.10999966,183,0,1693828352,1693874560,0.625,,,0.519999981,1,0.109999999,37107.53906,8,,,,,0,0.885741353,0,,,,,,,,,,,,
9788262965,"Sep 5, 2023, 1:29:12 PM",Morning Commute,Ride,,1240,1.42,,,FALSE,Raider Express ,,activities/9788262965.gpx,,,1240,702,1419.920044,4.785998344,2.022678137,0,0,290.3999939,292,3.039534092,0,,,,,,,,43.55363464,34.09073639,,,,,,,,,3,,,,,0,5,0,,1,,1693918848,2,25.09000015,26.93000031,20.35000038,0.75,1008.929993,6.690000057,14.22000027,184,0,1693914752,1693960960,0.75,,,0.529999971,5,0.400000006,23720.33984,0,,,,,0,1.145096779,0,,,,,,,,,,,,
9791341436,"Sep 5, 2023, 8:55:10 PM",Afternoon Commute,Ride,,3228,1.48,,,FALSE,Shooters ,,activities/9791341436.gpx,,,3228,1157,1482.839966,4.047999859,1.281624913,0,0,290.3999939,291.8999939,1.864802122,0,,,,,,,,34.35947037,44.3256073,,,,,,,,,3,,,,,0,9,0,,1,,1693944064,8,34.65000153,38.43999863,22.37999916,0.49000001,1007.340027,7.360000134,12.46000004,208,0,1693914752,1693960960,0.75,,,0.519999981,5,0.300000012,32384.88086,6,,,,,0,0.45936802,0,,,,,,,,,,,,
9796677633,"Sep 6, 2023, 4:12:42 PM",Morning Commute,Ride,,5050,7.35,,,FALSE,Walmart and Starbucks ,,activities/9796677633.gpx,,,5050,2774,7349.27002,5.63999033,2.649340391,13.89790916,13.89790916,285.6000061,292,4.470802307,0,,,,,,,,50.29325485,155.5575409,,,,,,,,,3,,,,,0,23,0,,1,,1694016000,1,21.92000008,21.90999985,13.97999954,0.610000014,1016.98999,3.190000057,5.579999924,330,0,1694001152,1694047232,0.875,,,0.330000013,1,0.029999999,29436.08008,6,,,,,0,1.455301046,0,,,,,,,,,,,,
9798346076,"Sep 6, 2023, 10:16:44 PM",Afternoon Commute,Ride,,1236,2.41,,,FALSE,Raider Express and high school loop ,,activities/9798346076.gpx,,,1236,903,2416.22998,11.95286369,2.675780773,0,0,289.2999878,292,2.881868601,0,,,,,,,,54.24948883,54.62082672,,,,,,,,,3,,,,,0,7,0,,1,,1694037632,1,29.79000092,29.95000076,14.59000015,0.400000006,1013.630005,3.019999981,7.010000229,332,0,1694001152,1694047232,0.875,,,0.319999993,1,0,39248.39844,3,,,,,0,1.954878569,0,,,,,,,,,,,,
9804599428,"Sep 7, 2023, 6:51:19 PM",Afternoon Commute,Ride,,7360,1.1,,,FALSE,Shooters ,,activities/9804599428.gpx,,,7360,430,1107.650024,7.675453663,2.575930357,0,0.100000001,290.3999939,291.8999939,1.932368875,-0.009028123,,,,,,,,69.00468445,33.08429718,,,,,,,,,3,,,,,0,3,0,,1,,1694109568,1,28.44000053,27.98999977,12.10000038,0.360000014,1015.030029,1.710000038,3.75999999,80,0,1694087680,1694133504,0.875,,,0,1,0,33104.35938,9,,,,,0,0.150495932,0,,,,,,,,,,,,
9810479305,"Sep 8, 2023, 8:34:02 PM",Afternoon Commute,Ride,,2078,3.03,,,FALSE,Raider Express and Wright St loop ,,activities/9810479305.gpx,,,2078,1201,3037.72998,4.738012791,2.52933383,3.444999933,3.444999933,288.2999878,292,2.467110634,0,,,,,,,,39.92433167,53.46327209,,,,,,,,,3,,,,,0,10,0,,1,,1694203136,1,29.44000053,29.47999954,14.11999989,0.389999986,1015.179993,3.99000001,7.260000229,63,0,1694174080,1694219904,0.875,,,0.479999989,5,0.109999999,33352.82813,6,,,,,0,1.461852789,0,,,,,,,,,,,,
9814948173,"Sep 9, 2023, 1:42:04 PM",Morning Commute,Ride,,1699,2.36,,,FALSE,Raider Express and high school loop ,,activities/9814948173.gpx,,,1699,818,2365.870117,10.27834034,2.892261744,0,0,289.2999878,292,3.174609423,0,,,,,,,,44.03704834,40.16487122,,,,,,,,,3,,,,,0,6,0,,1,,1694264448,1,14.81999969,14.59000015,12.43000031,0.860000014,1020.840027,1.49000001,4.03000021,72,0,1694260480,1694306176,0.875,,,0,1,0,28132.71094,0,,,,,0,1.392507434,0,,,,,,,,,,,,
9817474378,"Sep 9, 2023, 8:54:07 PM",Afternoon Commute,Ride,,2606,1.84,,,FALSE,Shooters and Jefferson loop ,,activities/9817474378.gpx,,,2606,765,1848.469971,4.917503357,2.416300535,0,0,290.3999939,292,2.170765877,0,,,,,,,,46.74213028,39.86986923,,,,,,,,,3,,,,,0,6,0,,1,,1694289664,1,28.97999954,28.71999931,12.93999958,0.370000005,1018.859985,3.660000086,6.150000095,53,0,1694260480,1694306176,0.875,,,0,1,0,32046.4707,6,,,,,0,0.709313095,0,,,,,,,,,,,,
9822372694,"Sep 10, 2023, 2:34:05 PM",Morning Walk,Walk,,744,0.6,,,FALSE,Raider Express ,,activities/9822372694.gpx,,,744,725,600.6500244,4.925000191,0.828482807,0,-1.5,290.5,292,3.246735334,0.249729455,,,,,,,,,75.31948853,,,,,,,,,3,,,,,0,6,0,,1,,1694354432,2,18.69000053,18.76000023,14.43000031,0.75999999,1021.109985,1.75,3.309999943,139,0,1694347008,1694392448,0.875,,,0,1,0.579999983,25712.67969,1,,,,,0,0.807325304,0,,,,,,,,,,,,
9825177263,"Sep 11, 2023, 12:10:24 AM",Evening Commute,Ride,,1116,2.85,,,FALSE,Raider Express and high school loop ,,activities/9825177263.gpx,,,1116,1050,2858,7.541998386,2.721904755,0,0,289.3999939,292,3.401340008,0,,,,,,,,48.92260742,57.27614594,,,,,,,,,3,,,,,0,8,0,,1,,1694390400,3,26.19000053,26.59000015,15.61999989,0.519999981,1017,1.870000005,3.00999999,134,0,1694347008,1694392448,0.875,,,0,1,0.74000001,36184.23828,0,,,,,0,2.560931921,0,,,,,,,,,,,,
9827742727,"Sep 11, 2023, 12:39:56 PM",Morning Walk,Walk,,2183,1.36,,,FALSE,Raider Express ,,activities/9827742727.gpx,,,2183,1532,1364.630005,5.538000584,0.890750647,0,0,290.3999939,292,1.962708116,0,,,,,,,,,171.1199951,,,,,,,,,3,,,,,0,12,0,,1,,1694433536,3,17.73999977,18,15.47999954,0.870000005,1018.609985,0.879999995,2.440000057,209,0,1694433408,1694478720,0.875,,,0.699999988,5,0.939999998,23255.84961,0,,,,,0,0.625116825,0,,,,,,,,,,,,
9830672195,"Sep 11, 2023, 9:35:10 PM",Afternoon Commute,Ride,,1021,1.29,,,FALSE,Raider Express ,,activities/9830672195.gpx,,,1021,571,1296.050049,5.067999363,2.269789934,0,0,290.3999939,292,1.619433403,0,,,,,,,,46.3360672,29.50055122,,,,,,,,,3,,,,,0,4,0,,1,,1694466048,3,22.02000046,22.75,17.26000023,0.74000001,1017.77002,2.99000001,6.260000229,25,0,1694433408,1694478720,0.875,,,0.709999979,5,0.970000029,24000.89063,3,,,,,0,1.269392848,0,,,,,,,,,,,,
9834856704,"Sep 12, 2023, 2:10:45 PM",Morning Walk,Walk,,2494,1.04,,,FALSE,Raider Express ,,activities/9834856704.gpx,,,2494,543,1042.380005,1.572000146,1.919668555,0,0,290.3999939,291.8999939,2.085506439,0,,,,,,,,,130.7109375,,,,,,,,,3,,,,,0,4,0,,1,,1694527232,3,18.34000015,18.85000038,16.62000084,0.899999976,1020.51001,3.519999981,6.25,40,0,1694519936,1694565120,0,,,0.5,5,0.75999999,15232.92969,1,,,,,0,0.417955101,0,,,,,,,,,,,,
9836667566,"Sep 12, 2023, 6:37:00 PM",Afternoon Commute,Ride,,1351,3.74,,,FALSE,Medicalodges and Kennedy loop ,,activities/9836667566.gpx,,,1351,1314,3747.340088,4.843994141,2.851856947,5.078947544,5.078947544,286.6000061,292,3.792592525,0,,,,,,,,38.04043961,55.73342896,,,,,,,,,3,,,,,0,10,0,,1,,1694541568,1,23.43000031,23.75,15.47000027,0.610000014,1019.380005,4.03000021,6.679999828,48,0,1694519936,1694565120,0,,,0.439999998,5,0.280000001,29050.33008,7,,,,,0,2.773752928,0,,,,,,,,,,,,
9837635077,"Sep 12, 2023, 10:00:29 PM",Afternoon Commute,Ride,,1631,2.33,,,FALSE,Raider Express and high school loop ,,activities/9837635077.gpx,,,1631,985,2334.149902,6.431661129,2.369695425,0,0,289.3999939,292,2.706339598,0,,,,,,,,50.83639526,55.83234024,,,,,,,,,3,,,,,0,8,0,,1,,1694556032,1,25,24.78000069,12.93000031,0.469999999,1017.380005,3.190000057,5.46999979,45,0,1694519936,1694565120,0,,,0,1,0.170000002,37284.19141,2,,,,,0,1.431115866,0,,,,,,,,,,,,
9841356358,"Sep 13, 2023, 1:43:54 PM",Morning Walk,Walk,,1505,1.16,,,FALSE,Crawford loop,,activities/9841356358.gpx,,,1505,1454,1163.130005,1.90200007,0.799951851,0,0,290.3999939,291.8999939,2.936851978,0,,,,,,,,,145.8525696,,,,,,,,,3,,,,,0,12,0,,1,,1694610048,1,12.47000027,12.01000023,10.18999958,0.860000014,1019.919983,1.600000024,3.130000114,87,0,1694606336,1694651392,0,,,0,1,0.349999994,22600.76953,0,,,,,0,0.772843838,0,,,,,,,,,,,,
9842977641,"Sep 13, 2023, 4:44:27 PM",Lunch Commute,Ride,,5236,1.1,,,FALSE,Shooters ,,activities/9842977641.gpx,,,5236,553,1099.819946,4.090002537,1.988824487,0,0,290.3999939,291.8999939,2.806360483,0,,,,,,,,51.11566162,31.51766205,,,,,,,,,3,,,,,0,4,0,,1,,1694620800,2,22.73999977,22.42000008,12.34000015,0.519999981,1019.830017,3.140000105,5.949999809,116,0,1694606336,1694651392,0,,,0,1,0.439999998,30537.41992,4,,,,,0,0.210049644,0,,,,,,,,,,,,
9847724144,"Sep 14, 2023, 1:07:24 PM",Morning Walk,Walk,,1943,1.32,,,FALSE,Raider Express ,,activities/9847724144.gpx,,,1943,1553,1326.76001,5.443994045,0.854320705,0,0,290.3999939,292,2.583982706,0,,,,,,,,,166.3712311,,,,,,,,,3,,,,,0,12,0,,1,,1694696448,2,13.23999977,12.73999977,9.869999886,0.800000012,1019.119995,2.130000114,4.989999771,83,0,1694692736,1694737664,0,,,0,1,0.409999996,24929.2207,0,,,,,0,0.682840943,0,,,,,,,,,,,,
9849213507,"Sep 14, 2023, 5:24:22 PM",Lunch Commute,Ride,,958,0.7,,,FALSE,Palluccas ,,activities/9849213507.gpx,,,958,506,705.3499756,10.87125015,1.393972278,0,0,290.3999939,291.6000061,7.15421629,0,,,,,,,,89.21649933,50.3350563,,,,,,,,,3,,,,,0,4,0,,1,,1694710784,1,24.20000076,23.80999947,12.01000023,0.460000008,1018.73999,3.880000114,6.659999847,134,0,1694692736,1694737664,0,,,0,1,0.200000003,35134.87891,6,,,,,0,0.736273468,0,,,,,,,,,,,,
9850896487,"Sep 14, 2023, 10:48:05 PM",Afternoon Commute,Ride,,1409,2.33,,,FALSE,Raider Express and high school loop ,,activities/9850896487.gpx,,,1409,917,2333.219971,5.207777023,2.544405699,0,0,289.3999939,292,2.673803806,0,,,,,,,,46.91366959,47.96711349,,,,,,,,,3,,,,,0,7,0,,1,,1694728832,1,26.37999916,25.69000053,10.64000034,0.370000005,1016.450012,3.079999924,5.269999981,121,0,1694692736,1694737664,0,,,0,1,0.079999998,41960.42969,2,,,,,0,1.655940413,0,,,,,,,,,,,,
9853992184,"Sep 15, 2023, 1:08:23 PM",Morning Walk,Walk,,2100,1.22,,,FALSE,Raider Express ,,activities/9853992184.gpx,,,2100,1056,1219.069946,5.394999027,1.154422283,0,0,290.3999939,292,2.86533761,0,,,,,,,,,152.8672485,,,,,,,,,3,,,,,0,8,0,,1,,1694782848,1,14.51000023,14.02000046,10.21000004,0.75,1019.890015,1.809999943,4.179999828,142,0,1694779264,1694824064,0,,,0,1,0.180000007,25740.09961,0,,,,,0,0.580509484,0,,,,,,,,,,,,
9856425597,"Sep 15, 2023, 9:10:45 PM",Afternoon Commute,Ride,,2924,1.22,,,FALSE,Shooters ,,activities/9856425597.gpx,,,2924,618,1221.51001,5.359999657,1.97655344,0,0,290.3999939,291.8999939,2.168022156,0,,,,,,,,66.81352234,46.0391922,,,,,,,,,3,,,,,0,5,0,,1,,1694811648,3,27.12000084,26.80999947,12.60999966,0.409999996,1016.570007,1.269999981,3.579999924,209,0,1694779264,1694824064,0,,,0,1,0.850000024,40806.76953,3,,,,,0,0.417753071,0,,,,,,,,,,,,
9868048636,"Sep 17, 2023, 2:30:49 PM",Morning Walk,Walk,,773,0.63,,,FALSE,Raider Express ,,activities/9868048636.gpx,,,773,773,636.2700195,2.091998339,0.823117733,0,-1.5,290.3999939,292,2.12540102,0.235748962,,,,,,,,,79.78610992,,,,,,,,,3,,,,,0,6,0,,1,,1694959232,1,16.60000038,16.56999969,13.84000015,0.839999974,1018.640015,1.389999986,4.760000229,349,0,1694952192,1694996608,0.125,,,0,1,0.200000003,25608.75,1,,,,,0,0.823117733,0,,,,,,,,,,,,
9870654679,"Sep 17, 2023, 10:41:45 PM",Afternoon Commute,Ride,,1317,2.86,,,FALSE,Raider Express and Wright St loop ,,activities/9870654679.gpx,,,1317,1049,2860.23999,12.83571053,2.726634979,3.444711447,3.844711542,288.2999878,292,1.955014586,-0.01398484,,,,,,,,44.10647202,51.58847427,,,,,,,,,3,,,,,0,8,0,,1,,1694988032,1,26.56999969,25.67000008,9.460000038,0.340000004,1015.97998,2.609999895,6.230000019,2,0,1694952192,1694996608,0.125,,,0,1,0.01,43475.48828,2,,,,,0,2.171784401,0,,,,,,,,,,,,
9873369803,"Sep 18, 2023, 1:09:06 PM",Morning Walk,Walk,,1409,1.15,,,FALSE,Middle school loop ,,activities/9873369803.gpx,,,1409,1370,1156.130005,1.646999359,0.843890488,0,0,290.3999939,291.8999939,2.954207897,0,,,,,,,,,144.9747925,,,,,,,,,3,,,,,0,11,0,,1,,1695042048,1,12.82999992,12.31000042,9.630000114,0.810000002,1017.590027,2.289999962,4.699999809,150,0,1695038592,1695082880,0.125,,,0,1,0.029999999,24345.60938,0,,,,,0,0.820532322,0,,,,,,,,,,,,
9875962180,"Sep 18, 2023, 9:00:02 PM",Afternoon Commute,Ride,,1566,2.96,,,FALSE,Raider Express and Wright St loop ,,activities/9875962180.gpx,,,1566,1105,2968.709961,5.756662846,2.686615467,3.446666718,3.446666718,288.2999878,292,2.568494797,0,,,,,,,,41.09238434,50.62889862,,,,,,,,,3,,,,,0,9,0,,1,,1695070848,1,30.62999916,30.64999962,14.10000038,0.370000005,1012.609985,3.680000067,6.230000019,197,0,1695038592,1695082880,0.125,,,0,1,0.25,41463.46094,3,,,,,0,1.895727992,0,,,,,,,,,,,,
9879734408,"Sep 19, 2023, 1:12:38 PM",Morning Walk,Walk,,2166,1.28,,,FALSE,Raider Express ,,activities/9879734408.gpx,,,2166,1494,1286.160034,5.074279785,0.860883534,0,0.100000001,290.3999939,292,1.721171141,-0.007775082,,,,,,,,,161.2801208,,,,,,,,,3,,,,,0,12,0,,1,,1695128448,3,19.70000076,19.62000084,13.56999969,0.680000007,1012.179993,4.820000172,10.31000042,182,0.400000006,1695124992,1695169280,0.125,,,0.529999971,5,0.860000014,27334.41016,0,,,,,0,0.593795002,0,,,,,,,,,,,,
9882767903,"Sep 19, 2023, 10:02:40 PM",Afternoon Commute,Ride,,1297,1.34,,,FALSE,Raider Express ,,activities/9882767903.gpx,,,1297,626,1342.97998,7.617499828,2.145335436,0,0.100000001,290.3999939,292,2.185793877,-0.007446127,,,,,,,,54.1818924,37.81842041,,,,,,,,,3,,,,,0,5,0,,1,,1695160832,3,24.14999962,25.12000084,17.85000038,0.680000007,1009.969971,5.829999924,9.630000114,193,1.700000048,1695124992,1695169280,0.125,,,0.660000026,5,0.959999979,26309.15039,1,,,,,0,1.035451055,0,,,,,,,,,,,,
9885789279,"Sep 20, 2023, 11:37:46 AM",Morning Walk,Walk,,2197,1.28,,,FALSE,Raider Express ,,activities/9885789279.gpx,,,2197,1538,1281.040039,9.420000076,0.832925916,0,0,290.3999939,292,2.053390265,0,,,,,,,,,160.638092,,,,,,,,,3,,,,,0,12,0,,1,,1695207552,3,16.93000031,17.29999924,16.11000061,0.949999988,1011.780029,2.319999933,7.480000019,145,0.699999988,1695211520,1695255552,0.125,,,0.810000002,5,0.970000029,19214.2793,0,,,,,0,0.583086073,0,,,,,,,,,,,,
9888315159,"Sep 20, 2023, 5:47:56 PM",Lunch Commute,Ride,,3700,2.01,,,FALSE,Shooters and Jefferson loop ,,activities/9888315159.gpx,,,3700,917,2009.829956,9.423998833,2.191744804,0,0,290.3999939,292,6.493470669,0,,,,,,,,49.05365372,50.15515518,,,,,,,,,3,,,,,0,7,0,,1,,1695229184,2,23.84000015,24.95999908,18.39999962,0.720000029,1012.940002,3.660000086,6.900000095,184,0,1695211520,1695255552,0.125,,,0.709999979,5,0.389999986,26519.86914,5,,,,,0,0.543197274,0,,,,,,,,,,,,
9895838559,"Sep 21, 2023, 8:07:12 PM",Afternoon Commute,Ride,,14125,1.1,,,FALSE,Raider Express ,,activities/9895838559.gpx,,,14125,609,1108.619995,3.493994236,1.820394039,0,0,290.3999939,291.8999939,2.008039951,0,,,,,,,,59.14811707,40.16364288,,,,,,,,,3,,,,,0,5,0,,1,,1695326464,2,29.13999939,31.12000084,19.96999931,0.579999983,1014.859985,3.869999886,7.289999962,156,0,1695297920,1695341824,0.125,,,0.519999981,5,0.49000001,29925.59961,5,,,,,0,0.078486368,0,,,,,,,,,,,,
9899418179,"Sep 22, 2023, 3:41:35 PM",Morning Walk,Walk,,1523,1.19,,,FALSE,Shooters ,,activities/9899418179.gpx,,,1523,1421,1191.430054,3.720000029,0.838444769,0,0,290.3999939,291.8999939,2.016129494,0,,,,,,,,,149.4013062,,,,,,,,,3,,,,,0,11,0,,1,,1695394816,3,21.5,22.70999908,19.05999947,0.860000014,1015.349976,4.190000057,10.43999958,180,0,1695384448,1695428224,0.25,,,0.829999983,5,0.709999979,22083.53906,2,,,,,0,0.782291591,0,,,,,,,,,,,,
9900992933,"Sep 22, 2023, 9:49:25 PM",Afternoon Commute,Ride,,1773,2.28,,,FALSE,Raider Express and high school loop ,,activities/9900992933.gpx,,,1773,929,2282.659912,6.903755188,2.457115173,0,0,289.3999939,292,2.751039743,0,,,,,,,,75.51966858,78.225914,,,,,,,,,3,,,,,0,7,0,,1,,1695416448,1,25.76000023,27.32999992,19.47999954,0.680000007,1012.52002,5.170000076,9.079999924,168,0,1695384448,1695428224,0.25,,,0.790000021,5,0.239999995,28819.58008,3,,,,,0,1.287456274,0,,,,,,,,,,,,
9904826158,"Sep 23, 2023, 12:55:30 PM",Morning Walk,Walk,,2800,1.41,,,FALSE,Raider Express ,,activities/9904826158.gpx,,,2800,1523,1414.650024,8.87800312,0.928857505,0,0,290.3999939,292,3.144661427,0,,,,,,,,,177.392334,,,,,,,,,3,,,,,0,12,0,,1,,1695470336,1,19.02000046,19.70999908,17.38999939,0.899999976,1011.969971,3.589999914,6.849999905,138,0,1695470848,1695514496,0.375,,,0.529999971,5,0.25999999,21225.41992,0,,,,,0,0.505232155,0,,,,,,,,,,,,
9907226325,"Sep 23, 2023, 8:15:36 PM",Afternoon Commute,Ride,,1624,1.31,,,FALSE,Raider Express ,,activities/9907226325.gpx,,,1624,627,1316.359985,5.562222004,2.099457741,0,0,290.3999939,292,3.246735334,0,,,,,,,,54.41036987,38.03856277,,,,,,,,,3,,,,,0,5,0,,1,,1695499264,8,31.42000008,34.88000107,22.55999947,0.589999974,1007.919983,7.360000134,12.22999954,176,0,1695470848,1695514496,0.375,,,0.519999981,5,0.610000014,30900.58984,4,,,,,0,0.810566485,0,,,,,,,,,,,,
9914096434,"Sep 24, 2023, 2:29:59 PM",Morning Walk,Walk,,991,0.66,,,FALSE,Raider Express ,,activities/9914096434.gpx,,,991,804,663.1300049,7.447500229,0.82478857,0,-1.399999976,290.5,292,3.025718212,0.211119995,,,,,,,,,83.15426636,,,,,,,,,3,,,,,0,6,0,,1,,1695564032,3,20.21999931,21.37999916,19.10000038,0.930000007,1011.400024,0.75999999,1.919999957,349,0,1695557248,1695600768,0.375,,,0.629999995,5,0.689999998,19070.98047,1,,,,,0,0.669152379,0,,,,,,,,,,,,
9917661976,"Sep 25, 2023, 1:50:41 PM",Morning Walk,Walk,,1494,1.18,,,FALSE,Middle school loop,,activities/9917661976.gpx,,,1494,1433,1180.98999,2.81400156,0.824138165,0,0,290.3999939,291.8999939,3.174609423,0,,,,,,,,,148.0921631,,,,,,,,,3,,,,,0,11,0,,1,,1695646848,1,15.85999966,15.85999966,13.97000027,0.889999986,1017.789978,0.579999983,1.50999999,307,0,1695643776,1695687040,0.375,,,0,1,0.059999999,22519.06055,0,,,,,0,0.790488601,0,,,,,,,,,,,,
9919507505,"Sep 25, 2023, 6:18:50 PM",Afternoon Commute,Ride,,1714,5.49,,,FALSE,"Medicalodges, Kennedy St and Raider Express ",,activities/9919507505.gpx,,,1714,1591,5496.450195,27.87402344,3.45471406,8.554761887,8.554761887,286.6000061,292.3999939,3.205007792,0,,,,,,,,45.87481689,81.38031769,,,,,,,,,3,,,,,0,13,0,,1,,1695664768,1,28.12999916,29.03000069,17.18000031,0.50999999,1017.909973,1.840000033,3.809999943,332,0,1695643776,1695687040,0.375,,,0.409999996,1,0,33929.83984,7,,,,,0,3.206797123,0,,,,,,,,,,,,
9923720654,"Sep 26, 2023, 12:41:33 PM",Morning Commute,Ride,,1786,2.37,,,FALSE,Raider Express and high school loop ,,activities/9923720654.gpx,,,1786,961,2374.26001,5.423998833,2.470613956,0,0,289.2999878,292.3999939,6.097506523,0,,,,,,,,57.86872482,62.00720596,,,,,,,,,3,,,,,0,8,0,,1,,1695729664,1,15.64000034,15.68999958,14.32999992,0.920000017,1018.219971,1.710000038,4.210000038,210,0,1695730176,1695773440,0.375,,,0,1,0.270000011,16655.36914,0,,,,,0,1.329372883,0,,,,,,,,,,,,
9925762388,"Sep 26, 2023, 5:37:25 PM",Lunch Commute,Ride,,1902,2.16,,,FALSE,Raider Express and Jefferson loop ,,activities/9925762388.gpx,,,1902,833,2168.689941,12.89799786,2.603469372,0,0.100000001,290.3999939,292.3999939,5.961232185,-0.004611079,,,,,,,,56.459095,52.4389267,,,,,,,,,3,,,,,0,6,0,,1,,1695747584,1,27.17000008,28.26000023,17.87000084,0.569999993,1017.5,3.420000076,6.110000134,227,0,1695730176,1695773440,0.375,,,0,1,0.150000006,31880.96094,6,,,,,0,1.140215516,0,,,,,,,,,,,,
9927195473,"Sep 26, 2023, 8:53:28 PM",Afternoon Commute,Ride,,6969,2.08,,,FALSE,Shooters and Jefferson loop ,,activities/9927195473.gpx,,,6969,907,2082.790039,10.44700336,2.296350718,0,0,290.3999939,292,2.013419628,0,,,,,,,,60.25149536,60.93263626,,,,,,,,,3,,,,,0,7,0,,1,,1695758336,1,30.59000015,31.37000084,16.57999992,0.430000007,1015.440002,3.079999924,5.739999771,223,0,1695730176,1695773440,0.375,,,0,1,0.059999999,39153.80078,5,,,,,0,0.29886499,0,,,,,,,,,,,,
9930980781,"Sep 27, 2023, 2:12:45 PM",Morning Walk,Walk,,2339,1.38,,,FALSE,Raider Express ,,activities/9930980781.gpx,,,2339,1538,1385.060059,7.699999809,0.900559187,0,0.100000001,290.3999939,292,2.04081893,-0.007219904,,,,,,,,,173.6818542,,,,,,,,,3,,,,,0,12,0,,1,,1695823232,1,20.32999992,20.81999969,16.38999939,0.779999971,1016.140015,1.960000038,3.930000067,200,0,1695816704,1695859712,0.375,,,0,1,0.360000014,25898.32031,1,,,,,0,0.592159092,0,,,,,,,,,,,,
9932816353,"Sep 27, 2023, 6:50:41 PM",Lunch Commute,Ride,,1522,2.29,,,FALSE,Raider Express and high school loop ,,activities/9932816353.gpx,,,1522,895,2297.340088,5.018887043,2.566860437,0,0,289.3999939,292,2.770063162,0,,,,,,,,44.01885986,43.92752075,,,,,,,,,3,,,,,0,7,0,,1,,1695837568,1,27.76000023,28.85000038,17.79999924,0.550000012,1015.23999,3.309999943,5.989999771,230,0,1695816704,1695859712,0.375,,,0.460000008,1,0.370000005,34743.10156,6,,,,,0,1.509421825,0,,,,,,,,,,,,
9933686524,"Sep 27, 2023, 9:36:45 PM",Afternoon Commute,Ride,,4180,1.97,,,FALSE,Shooters and Jefferson loop ,,activities/9933686524.gpx,,,4180,919,1975.47998,4.330004692,2.149597406,0,0,290.3999939,292,3.215449333,0,,,,,,,,54.42863083,55.77220154,,,,,,,,,3,,,,,0,7,0,,1,,1695848448,1,29.93000031,30.98999977,17.45000076,0.469999999,1013.049988,2.50999999,4.570000172,209,0,1695816704,1695859712,0.375,,,0.419999987,1,0.119999997,37900.78125,3,,,,,0,0.472602874,0,,,,,,,,,,,,
9938289463,"Sep 28, 2023, 4:56:29 PM",Lunch Commute,Ride,,1149,1,,,FALSE,Palluccas ,,activities/9938289463.gpx,,,1149,552,1001.859985,3.773998976,1.814963698,0,0,290.3999939,291.6000061,1.973359227,0,,,,,,,,65.29381561,40.18703842,,,,,,,,,3,,,,,0,4,0,,1,,1695916800,1,26.06999969,27.25,18.30999947,0.620000005,1015.080017,3.019999981,5.389999866,206,0,1695903104,1695945984,0.5,,,0,1,0.039999999,29844.55078,5,,,,,0,0.871940792,0,,,,,,,,,,,,
9940026435,"Sep 28, 2023, 9:43:13 PM",Afternoon Commute,Ride,,4772,6.82,,,FALSE,Walmart and Starbucks ,,activities/9940026435.gpx,,,4772,2751,6819.580078,6.879004002,2.478945971,8.942509651,8.942509651,285.5,291.8999939,3.916494131,0,,,,,,,,35.30130768,108.2819977,,,,,,,,,3,,,,,0,22,0,,1,,1695934848,1,31.20999908,32.99000168,19.13999939,0.49000001,1012.109985,3.700000048,5.159999847,196,0,1695903104,1695945984,0.5,,,0,1,0,38672.73828,3,,,,,0,1.429082155,0,,,,,,,,,,,,
9952232839,"Sep 30, 2023, 9:44:12 PM",Afternoon Walk,Walk,,6061,1.19,,,FALSE,Shooters ,,activities/9952232839.gpx,,,6061,1478,1193.380005,3.031996965,0.807428956,0,0,290.3999939,291.8999939,3.12499547,0,,,,,,,,,149.6458282,,,,,,,,,3,,,,,0,12,0,,1,,1696107648,1,31.18000031,32.47000122,17.93000031,0.449999988,1017.039978,4.269999981,7.239999771,156,0,1696076032,1696118656,0.625,,,0,1,0.01,36133.64844,3,,,,,0,0.196894899,0,,,,,,,,,,,,
9956536830,"Oct 1, 2023, 2:34:02 PM",Morning Walk,Walk,,746,0.67,,,FALSE,Raider Express ,,activities/9956536830.gpx,,,746,746,675.4299927,3.783999681,0.905402124,0,-1.5,290.3999939,292,3.300298214,0.222080752,,,,,,,,,84.69664001,,,,,,,,,3,,,,,0,6,0,,1,,1696168832,1,20.40999985,20.95000076,16.59000015,0.790000021,1021.72998,1.230000019,3.99000001,146,0,1696162432,1696204928,0.625,,,0,1,0.029999999,25646.15039,1,,,,,0,0.905402124,0,,,,,,,,,,,,
9957926990,"Oct 1, 2023, 8:35:16 PM",Afternoon Commute,Ride,,1390,2.24,,,FALSE,Raider Express and high school loop ,,activities/9957926990.gpx,,,1390,923,2245.300049,4.947998047,2.432610989,0,0,289.2999878,292,2.897156715,0,,,,,,,,45.29972839,46.6199913,,,,,,,,,3,,,,,0,7,0,,1,,1696190464,1,31.13999939,31.85000038,16.31999969,0.409999996,1019.27002,2.019999981,4.639999866,151,0,1696162432,1696204928,0.625,,,0,1,0.180000007,41023.82813,5,,,,,0,1.615323782,0,,,,,,,,,,,,
9964317929,"Oct 2, 2023, 1:12:23 PM",Morning Walk,Walk,,1732,1.45,,,FALSE,Middle school loop ,,activities/9964317929.gpx,,,1732,1676,1457,2.723333359,0.869331717,0,0,290.3999939,292,2.923965216,0,,,,,,,,,182.7028809,,,,,,,,,3,,,,,0,13,0,,1,,1696251648,1,18.98999977,19.54000092,16.77000046,0.870000005,1020.049988,1.110000014,3.349999905,145,0,1696248960,1696291200,0.625,,,0.280000001,1,0.310000002,23737.46094,0,,,,,0,0.841224015,0,,,,,,,,,,,,
9964735628,"Oct 2, 2023, 9:12:21 PM",Afternoon Commute,Ride,,1493,3.04,,,FALSE,Raider Express and Wright St loop ,,activities/9964735628.gpx,,,1493,1057,3042.030029,5.884033203,2.877985001,3.452036142,3.452036142,288.2999878,292,2.440019608,0,,,,,,,,41.75320816,49.20845413,,,,,,,,,3,,,,,0,8,0,,1,,1696280448,1,29.52000046,30.32999992,16.78000069,0.460000008,1016.809998,3.109999895,5.769999981,180,0,1696248960,1696291200,0.625,,,0,1,0.170000002,39090.41016,3,,,,,0,2.037528515,0,,,,,,,,,,,,
9968501704,"Oct 3, 2023, 1:06:42 PM",Morning Commute,Ride,,1776,2.27,,,FALSE,Raider Express and high school loop ,,activities/9968501704.gpx,,,1776,900,2278.27002,5.854282856,2.531411171,0,0,289.3999939,292,2.880466938,0,,,,,,,,75.97298431,76.2388916,,,,,,,,,3,,,,,0,7,0,,1,,1696338048,3,17.97999954,17.97999954,13.97999954,0.769999981,1016.599976,3.180000067,6.440000057,154,0,1696335360,1696377600,0.625,,,0,1,0.75,24337.71094,0,,,,,0,1.282809734,0,,,,,,,,,,,,
9981980748,"Oct 5, 2023, 2:47:39 PM",Morning Walk,Walk,,1744,1.44,,,FALSE,Middle school loop ,,activities/9981980748.gpx,,,1744,1686,1447.069946,3.063333273,0.858285844,0,0,290.3999939,292,3.095974445,0,,,,,,,,,181.4576874,,,,,,,,,3,,,,,0,14,0,,1,,1696514432,1,17.47999954,17.78000069,15.65999985,0.889999986,1017.059998,1.730000019,4.760000229,354,0,1696508288,1696550144,0.75,,,0.50999999,5,0.270000011,20429.76953,1,,,,,0,0.829741955,0,,,,,,,,,,,,
9997163018,"Oct 7, 2023, 8:53:59 PM",Afternoon Walk,Walk,,5576,1.43,,,FALSE,Shooters and Raider Express ,,activities/9997163018.gpx,,,5576,1603,1438.589966,7.444006443,0.897436023,0,0,290.3999939,292,2.820875883,0,,,,,,,,,180.3943176,,,,,,,,,3,,,,,0,13,0,,1,,1696708864,1,16.92000008,15.81999969,4.329999924,0.430000007,1025.23999,2.369999886,4.900000095,319,0,1696681216,1696722816,0.875,,,0,1,0.050000001,38638.01953,4,,,,,0,0.257996768,0,,,,,,,,,,,,
10001323893,"Oct 8, 2023, 2:35:07 PM",Morning Walk,Walk,,2784,1.94,,,FALSE,Raider Express ,,activities/10001323893.gpx,,,2784,1876,1943.630005,7.912730694,1.036050081,0,0,290.3999939,292.2999878,3.030286312,0,,,,,,,,,243.7246399,,,,,,,,,3,,,,,0,15,0,,1,,1696773632,1,9.630000114,7.730000019,5.239999771,0.74000001,1019.099976,3.609999895,7.619999886,210,0,1696767616,1696809088,0.875,,,0,1,0.02,26431.66016,1,,,,,0,0.698142946,0,,,,,,,,,,,,
10003511554,"Oct 8, 2023, 10:51:12 PM",Afternoon Commute,Ride,,1361,2.31,,,FALSE,Raider Express and high school loop ,,activities/10003511554.gpx,,,1361,905,2312.47998,7.2877841,2.555226564,0,0,289.2999878,292,3.125017881,0,,,,,,,,45.99903107,46.41647339,,,,,,,,,3,,,,,0,7,0,,1,,1696802432,1,24.32999992,23.42000008,8.840000153,0.370000005,1011.330017,5.010000229,8.819999695,233,0,1696767616,1696809088,0.875,,,0,1,0,43777.82031,1,,,,,0,1.699103594,0,,,,,,,,,,,,
10006339016,"Oct 9, 2023, 1:37:09 PM",Morning Walk,Walk,,2568,1.3,,,FALSE,Raider Express ,,activities/10006339016.gpx,,,2568,1540,1304.930054,4.42199707,0.847357154,0,0,290.3999939,292,2.049181461,0,,,,,,,,,163.6338196,,,,,,,,,3,,,,,0,12,0,,1,,1696856448,1,8.970000267,8.260000229,6.110000134,0.819999993,1012.190002,1.360000014,4.550000191,351,0,1696854016,1696895488,0.875,,,0,1,0.01,26483.66016,0,,,,,0,0.508150339,0,,,,,,,,,,,,
10008921177,"Oct 9, 2023, 9:26:46 PM",Afternoon Commute,Ride,,1464,3.03,,,FALSE,Raider Express and Wright St loop ,,activities/10008921177.gpx,,,1464,1017,3032.439941,12.46500206,2.98175025,3.453968287,3.453968287,288.2999878,292,2.578411579,0,,,,,,,,41.65876389,47.23916245,,,,,,,,,3,,,,,0,8,0,,1,,1696885248,1,22.63999939,21.61000061,7.46999979,0.379999995,1010.780029,2.839999914,5.5,12,0,1696854016,1696895488,0.875,,,0,1,0,44194.41016,2,,,,,0,2.071338654,0,,,,,,,,,,,,
10012365916,"Oct 10, 2023, 12:49:42 PM",Morning Commute,Ride,,1983,1.25,,,FALSE,Raider Express ,,activities/10012365916.gpx,,,1983,577,1250.609985,4.52166748,2.167434931,0,0,290.3999939,292,2.109705687,0,,,,,,,,51.68294525,33.25048065,,,,,,,,,3,,,,,0,4,0,,1,,1696939264,1,6.420000076,5.670000076,4.25,0.860000014,1012.390015,1.049999952,2.890000105,78,0,1696940544,1696981760,0.875,,,0,1,0.02,24130.03906,0,,,,,0,0.63066566,0,,,,,,,,,,,,
10014578871,"Oct 10, 2023, 5:41:21 PM",Afternoon Commute,Ride,,4153,7.37,,,FALSE,Walmart and Starbucks ,,activities/10014578871.gpx,,,4153,2768,7371.540039,8.204000473,2.663128614,14.08362198,14.08362198,285.6000061,292,3.81781745,0,,,,,,,,50.49334717,155.838623,,,,,,,,,3,,,,,0,23,0,,1,,1696957184,1,20.95999908,19.87999916,6.360000134,0.389999986,1011.309998,3.630000114,5.880000114,130,0,1696940544,1696981760,0.875,,,0,1,0,44344.89844,5,,,,,0,1.774991632,0,,,,,,,,,,,,
10020021530,"Oct 11, 2023, 4:03:46 PM",Morning Walk,Walk,,1836,1.45,,,FALSE,Middle school loop ,,activities/10020021530.gpx,,,1836,1759,1452.790039,2.045000076,0.825918138,0,0,290.3999939,291.8999939,3.129913092,0,,,,,,,,,182.1749725,,,,,,,,,3,,,,,0,14,0,,1,,1697040000,8,22.65999985,23.20999908,16.43000031,0.680000007,1004.940002,6.809999943,12.06000042,197,0,1697026944,1697068032,0.875,,,0,1,0.129999995,29605.2793,4,,,,,0,0.791279972,0,,,,,,,,,,,,
10026583244,"Oct 12, 2023, 5:05:23 PM",Lunch Walk,Walk,,1502,1.04,,,FALSE,Palluccas ,,activities/10026583244.gpx,,,1502,1296,1047.880005,6.065000057,0.808549404,0,0.100000001,290.3999939,291.7999878,3.048781633,-0.009543077,,,,,,,,,131.4006195,,,,,,,,,3,,,,,0,10,0,,1,,1697129984,8,20.95000076,21.06999969,14.63000011,0.670000017,1003.130005,8.289999962,15.22000027,171,0,1697113472,1697154432,0,,,0,1,0.430000007,27027.34961,4,,,,,0,0.697656453,0,,,,,,,,,,,,
10028192087,"Oct 12, 2023, 10:14:33 PM",Afternoon Walk,Walk,,4391,1.18,,,FALSE,Shooters ,,activities/10028192087.gpx,,,4391,1455,1187.949951,9.701999664,0.816460431,0,0.100000001,290.3999939,291.7999878,1.547989607,-0.008417863,,,,,,,,,148.96492,,,,,,,,,3,,,,,0,12,0,,1,,1697148032,8,22.80999947,23.11000061,15.35999966,0.629999995,1000.48999,7.679999828,13.67000008,171,0,1697113472,1697154432,0,,,0,1,0.209999993,28449.14063,1,,,,,0,0.270541996,0,,,,,,,,,,,,
10037452272,"Oct 14, 2023, 2:07:45 PM",Morning Walk,Walk,,2354,1.28,,,FALSE,Raider Express ,,activities/10037452272.gpx,,,2354,1428,1288.23999,5.355000973,0.902128816,0,0,290.3999939,291.8999939,1.540834427,0,,,,,,,,,161.5409393,,,,,,,,,3,,,,,0,11,0,,1,,1697292032,3,11.27000046,10.57999992,7.300000191,0.769999981,1017.570007,6.239999771,11.89000034,319,0,1697286400,1697326976,0,,,0,1,0.939999998,23183.30078,1,,,,,0,0.547255754,0,,,,,,,,,,,,
10044006969,"Oct 15, 2023, 2:34:15 PM",Morning Walk,Walk,,740,0.66,,,FALSE,Raider Express ,,activities/10044006969.gpx,,,740,740,665.789978,5.726000309,0.899716198,0,-1.399999976,290.3999939,291.8999939,1.612900019,0.210276514,,,,,,,,,83.48781586,,,,,,,,,3,,,,,0,6,0,,1,,1697378432,3,10.07999992,9.510000229,8.340000153,0.889999986,1024.339966,4.610000134,9.800000191,356,0,1697372800,1697413376,0,,,0,1,0.889999986,17227.63086,1,,,,,0,0.899716198,0,,,,,,,,,,,,
10051359296,"Oct 16, 2023, 8:07:14 PM",Afternoon Walk,Walk,,4037,1.66,,,FALSE,Shooters ,,activities/10051359296.gpx,,,4037,2005,1663.349976,5.853336811,0.82960099,0,0,290.3999939,291.7999878,4.172460556,0,,,,,,,,,208.578476,,,,,,,,,3,,,,,0,16,0,,1,,1697486336,1,18.20999908,17.12000084,5.090000153,0.419999987,1021.179993,3.650000095,7.360000134,323,0,1697459328,1697499648,0.125,,,0,1,0,42486.98047,4,,,,,0,0.412026256,0,,,,,,,,,,,,
10054880459,"Oct 17, 2023, 12:45:31 PM",". 
Morning Walk",Walk,,2257,1.37,,,FALSE,Raider Express ,,activities/10054880459.gpx,,,2257,1579,1377.079956,7.817993164,0.872121572,0,0,290.3999939,291.8999939,3.067484379,0,,,,,,,,,172.6811829,,,,,,,,,3,,,,,0,13,0,,1,,1697543936,1,2.779999971,1.210000038,1.279999971,0.899999976,1020.849976,1.639999986,3.079999924,225,0,1697545728,1697585920,0.125,,,0,1,0.02,24839.42969,0,,,,,0,0.610137343,0,,,,,,,,,,,,
10062942521,"Oct 18, 2023, 5:53:22 PM",Afternoon Walk,Walk,,1931,1.49,,,FALSE,Raider Express ,,activities/10062942521.gpx,,,1931,1856,1492.660034,2.569999933,0.804234922,0,0,290.3999939,291.8999939,5.813949585,0,,,,,,,,,187.17453,,,,,,,,,3,,,,,0,15,0,,1,,1697648384,1,21.03000069,20.18000031,8.5,0.449999988,1012.030029,6.539999962,10.96000004,224,0,1697632128,1697672320,0.125,,,0.050000001,5,0.280000001,36328.03125,4,,,,,0,0.772998452,0,,,,,,,,,,,,
10069696646,"Oct 19, 2023, 10:27:05 PM",Afternoon Commute,Ride,,1456,2.24,,,FALSE,Raider Express and high school loop ,,activities/10069696646.gpx,,,1456,946,2248.27002,4.459997654,2.376606703,0,0,289.3999939,291.8999939,2.291810513,0,,,,,,,,44.68981552,47.13837051,,,,,,,,,3,,,,,0,7,0,,1,,1697752832,1,23.04999924,22.28000069,9.529999733,0.419999987,1010.570007,4.789999962,8.260000229,275,0,1697718656,1697758592,0.125,,,0,1,0.01,40233.28125,1,,,,,0,1.544141531,0,,,,,,,,,,,,
10072576184,"Oct 20, 2023, 1:48:32 PM",Morning Walk,Walk,,2149,1.23,,,FALSE,Raider Express ,,activities/10072576184.gpx,,,2149,1431,1230.280029,4.092999458,0.859734476,0,0,290.3999939,291.8999939,2.688171864,0,,,,,,,,,154.2729645,,,,,,,,,3,,,,,0,11,0,,1,,1697806848,1,9.960000038,9.270000458,6.71999979,0.800000012,1012.159973,1.639999986,5.119999886,327,0,1697805056,1697844864,0.125,,,0,1,0,25847.44922,0,,,,,0,0.57248956,0,,,,,,,,,,,,
10078083405,"Oct 21, 2023, 1:02:15 PM",Morning Commute,Ride,,3228,1.25,,,FALSE,Raider Express ,,activities/10078083405.gpx,,,3228,598,1257.469971,5.823501587,2.102792501,0,0,290.3999939,291.8999939,1.612253308,0,,,,,,,,60.10391617,40.07548904,,,,,,,,,3,,,,,0,4,0,,1,,1697893248,1,12.14000034,11.52999973,8.529999733,0.790000021,1010.799988,1.570000052,3.130000114,263,0,1697891584,1697931264,0.25,,,0,1,0.039999999,26289.34961,0,,,,,0,0.389550805,0,,,,,,,,,,,,
10080707155,"Oct 21, 2023, 9:32:31 PM",Afternoon Commute,Ride,,5696,2.34,,,FALSE,Shooters and high school loop ,,activities/10080707155.gpx,,,5696,1064,2343.949951,4.259999752,2.202960491,0,0,289.3999939,291.8999939,2.74725318,0,,,,,,,,44.88138962,53.24548721,,,,,,,,,3,,,,,0,8,0,,1,,1697922048,1,28.65999985,27.57999992,8.800000191,0.289999992,1010.27002,2.369999886,3.660000086,45,0,1697891584,1697931264,0.25,,,0,1,0.050000001,46898.25,2,,,,,0,0.411508054,0,,,,,,,,,,,,
10084974851,"Oct 22, 2023, 2:27:14 PM",Morning Walk,Walk,,864,0.76,,,FALSE,Raider Express ,,activities/10084974851.gpx,,,864,849,760.0200195,3.954222202,0.895194352,0,-1.5,290.3999939,291.8999939,3.322259188,0.197363228,,,,,,,,,95.30394745,,,,,,,,,3,,,,,0,7,0,,1,,1697983232,1,13.52000046,12.65999985,5.889999866,0.600000024,1016.5,4.710000038,9.430000305,98,0,1697977984,1698017536,0.375,,,0,1,0,34120.62109,1,,,,,0,0.879652798,0,,,,,,,,,,,,
10087332891,"Oct 22, 2023, 10:13:03 PM",Afternoon Commute,Ride,,1340,3.1,,,FALSE,Raider Express and Wright St loop ,,activities/10087332891.gpx,,,1340,1102,3102.070068,7.984287739,2.814945698,5.569525242,5.569525242,288.2999878,292.3999939,4.5045228,0,,,,,,,,43.92232513,53.96867752,,,,,,,,,3,,,,,0,9,0,,1,,1698012032,1,25.35000038,24.73999977,10.97999954,0.409999996,1011.72998,5.210000038,8.359999657,136,0,1697977984,1698017536,0.375,,,0,1,0.07,40130.46875,1,,,,,0,2.314977646,0,,,,,,,,,,,,
10090713741,"Oct 23, 2023, 3:24:15 PM",Morning Walk,Walk,,1745,1.45,,,FALSE,Middle school loop ,,activities/10090713741.gpx,,,1745,1683,1457.599976,1.961999536,0.866072476,0,0,290.3999939,291.8999939,2.967363358,0,,,,,,,,,182.7781219,,,,,,,,,3,,,,,0,14,0,,1,,1698073216,1,19.78000069,19.53000069,12.52000046,0.629999995,1014.369995,5.670000076,11.51000023,179,0,1698064512,1698103936,0.375,,,0,1,0.100000001,32035.41016,2,,,,,0,0.835300863,0,,,,,,,,,,,,
10092919134,"Oct 23, 2023, 9:48:15 PM",Afternoon Commute,Ride,,4356,2.3,,,FALSE,Shooters and high school loop ,,activities/10092919134.gpx,,,4356,1265,2301.25,4.190002441,1.819169998,0,0,289.3999939,291.7999878,3.525772333,0,,,,,,,,53.02110672,74.78494263,,,,,,,,,3,,,,,0,10,0,,1,,1698094848,8,27.61000061,28.21999931,16.27000046,0.5,1010.969971,7.239999771,11.28999996,185,0,1698064512,1698103936,0.375,,,0,1,0.300000012,35959.92188,2,,,,,0,0.528294325,0,,,,,,,,,,,,
10095427790,"Oct 24, 2023, 11:24:01 AM",Morning Commute,Ride,,1383,1.28,,,FALSE,Raider Express ,,activities/10095427790.gpx,,,1383,554,1282.97998,5.345145226,2.315848351,0,0,290.3999939,291.8999939,1.326261163,0,,,,,,,,58.37741852,36.06031418,,,,,,,,,3,,,,,0,4,0,,1,,1698145152,3,18.94000053,19.30999947,15.93999958,0.829999983,1014.830017,4.409999847,11.67000008,189,0.5,1698150912,1698190208,0.375,,,0.810000002,5,0.99000001,13441.37012,0,,,,,0,0.927678943,0,,,,,,,,,,,,
10102428488,"Oct 25, 2023, 2:09:42 PM",Morning Walk,Walk,,2462,1.27,,,FALSE,Raider Express ,,activities/10102428488.gpx,,,2462,1554,1273.170044,3.473999023,0.81928575,0,0,290.3999939,291.8999939,1.60771668,0,,,,,,,,,159.6512299,,,,,,,,,3,,,,,0,12,0,,1,,1698242432,3,20.12999916,20.88999939,17.54999924,0.850000024,1016.179993,5.179999828,12.55000019,190,0.5,1698237440,1698276480,0.375,,,0.769999981,5,0.980000019,17444.34961,1,,,,,0,0.517128348,0,,,,,,,,,,,,
10135886930,"Oct 31, 2023, 11:54:40 AM",Morning Walk,Walk,,2617,3.87,,,FALSE,Raider Express ,,activities/10135886930.gpx,,,2617,1634,3875.76001,10.75777149,2.371946096,0,0.100000001,290.3999939,292.3999939,1.56494534,-0.002580139,,,,,,,,,486.0072327,,,,,,,,,3,,,,,0,13,0,,1,,1698749952,1,-1.659999967,-5.260000229,-4.730000019,0.800000012,1027.719971,2.74000001,7.429999828,264,0,1698756096,1698794496,0.625,,,0,1,0,27745.41016,0,,,,,0,1.480993509,0,,,,,,,,,,,,
10138754119,"Oct 31, 2023, 8:29:06 PM",Afternoon Walk,Walk,,5600,0.59,,,FALSE,Shooters ,,activities/10138754119.gpx,,,5600,700,596.7299805,2.214999914,0.852471411,0,0,290.3999939,291.7999878,2.673803806,0,,,,,,,,,74.82792664,,,,,,,,,3,,,,,0,5,0,,1,,1698782464,1,5.400000095,1.710000038,-7.960000038,0.379999995,1031.180054,5.25,9.220000267,344,0,1698756096,1698794496,0.625,,,0,1,0,44303.92188,3,,,,,0,0.106558926,0,,,,,,,,,,,,
10149914097,"Nov 2, 2023, 7:16:43 PM",Afternoon Walk,Walk,,6994,1.14,,,FALSE,Shooters ,,activities/10149914097.gpx,,,6994,1462,1148.349976,3.532995701,0.785465121,0,0,290.3999939,291.7999878,1.526720405,0,,,,,,,,,143.9992065,,,,,,,,,3,,,,,0,12,0,,1,,1698951552,1,15.42000008,14.14999962,0.699999988,0.370000005,1023.26001,6.559999943,10.26000023,201,0,1698929024,1698967168,0.625,,,0,1,0,43636.10938,4,,,,,0,0.164190724,0,,,,,,,,,,,,
10154690336,"Nov 3, 2023, 6:43:07 PM",Afternoon Walk,Walk,,2706,0.7,,,FALSE,Middle school and Raider Express ,,activities/10154690336.gpx,,,2706,851,699.2399902,5.097199917,0.821668625,0,-0.200000003,290.2999878,291.8999939,11.95600224,0.028602483,,,,,,,,,87.6823349,,,,,,,,,3,,,,,0,7,0,,1,,1699034368,8,17.45000076,16.39999962,5.179999828,0.439999998,1018.309998,7.590000153,13.98999977,208,0,1699015552,1699053568,0.75,,,0,1,0.039999999,33739.33984,4,,,,,0,0.25840354,0,,,,,,,,,,,,
10172611619,"Nov 6, 2023, 7:35:20 PM",Afternoon Walk,Walk,,2867,1.62,,,FALSE,Middle school and Raider Express ,,activities/10172611619.gpx,,,2867,1182,1623.630005,7.794006348,1.373629451,0,0,290.3999939,292.2999878,4.192854881,0,,,,,,,,,203.5977173,,,,,,,,,3,,,,,0,9,0,,1,,1699297152,2,23.04000092,23.36000061,15.47999954,0.620000005,1008.929993,4.099999905,7.559999943,211,0,1699274880,1699312512,0.875,,,0,1,0.579999983,27822.18945,3,,,,,0,0.566316724,0,,,,,,,,,,,,
10176603917,"Nov 7, 2023, 1:54:36 PM",Morning Commute,Ride,,1410,1.37,,,FALSE,Raider Express ,,activities/10176603917.gpx,,,1410,611,1370.030029,6.146008492,2.242275,0,0,290.3999939,291.8999939,2.597408772,0,,,,,,,,54.17823029,36.909729,,,,,,,,,3,,,,,0,5,0,,1,,1699362048,1,14.57999992,14.55000019,13.77999973,0.949999988,1009.47998,1.830000043,5.730000019,156,0,1699361408,1699398912,0.875,,,0,1,0.209999993,16998.09961,0,,,,,0,0.971652508,0,,,,,,,,,,,,
10177891108,"Nov 7, 2023, 5:48:50 PM",Lunch Walk,Walk,,1035,0.58,,,FALSE,Parish Hall to vote,,activities/10177891108.gpx,,,1035,761,587.9000244,4.259999752,0.772536159,0,0,290.3999939,291.7000122,1.567396879,0,,,,,,,,,73.72068024,,,,,,,,,3,,,,,0,6,0,,1,,1699376384,1,22.05999947,22.61000061,16.51000023,0.709999979,1009.179993,4.809999943,8.359999657,181,0,1699361408,1699398912,0.875,,,0,1,0.200000003,25343.31055,3,,,,,0,0.568019331,0,,,,,,,,,,,,
10179484048,"Nov 7, 2023, 9:18:04 PM",Afternoon Commute,Ride,,5400,1.25,,,FALSE,Shooters ,,activities/10179484048.gpx,,,5400,691,1258.689941,5.859997749,1.821548343,0,0,290.3999939,291.8999939,2.222222328,0,,,,,,,,75.65183258,58.2870903,,,,,,,,,3,,,,,0,5,0,,1,,1699390848,1,26.5,26.95999908,15.81000042,0.519999981,1005.109985,5.03000021,9.840000153,179,0,1699361408,1699398912,0.875,,,0,1,0.02,29975.68945,1,,,,,0,0.233090729,0,,,,,,,,,,,,
10185295934,"Nov 8, 2023, 9:38:11 PM",Afternoon Commute,Ride,,1827,3.03,,,FALSE,Raider Express and Wright St loop ,,activities/10185295934.gpx,,,1827,1093,3037.47998,4.895996094,2.779030085,5.605714321,5.605714321,288.2999878,291.8999939,2.801098824,0,,,,,,,,43.1333847,52.56643677,,,,,,,,,3,,,,,0,9,0,,1,,1699477248,1,25.47999954,25.09000015,12.15999985,0.439999998,1005.099976,5.380000114,9.859999657,285,0,1699447808,1699485184,0.875,,,0,1,0.01,37090.69922,1,,,,,0,1.662550569,0,,,,,,,,,,,,
10195462596,"Nov 10, 2023, 7:08:52 PM",Lunch Walk,Walk,,2514,0.92,,,FALSE,Middle school and Raider Express ,,activities/10195462596.gpx,,,2514,1115,920.7600098,2.865997314,0.825793743,0,0,290.3999939,292.1000061,6.684482098,0,,,,,,,,,115.4601974,,,,,,,,,3,,,,,0,9,0,,1,,1699642752,1,14.75,13.55000019,1.25,0.400000006,1025.439941,3.359999895,5.880000114,47,0,1699620736,1699657984,0.875,,,0,1,0,32633.43945,3,,,,,0,0.366252989,0,,,,,,,,,,,,
10201906177,"Nov 11, 2023, 6:49:02 PM",Afternoon Walk,Walk,,7597,1.27,,,FALSE,Shooters ,,activities/10201906177.gpx,,,7597,1464,1271.680054,6.390000343,0.868633926,0,0.100000001,290.3999939,291.7999878,1.582276702,-0.007863613,,,,,,,,,159.464386,,,,,,,,,3,,,,,0,12,0,,1,,1699725568,2,14.68999958,13.47000027,0.879999995,0.389999986,1026.880005,1.75999999,3.779999971,152,0,1699707264,1699744256,0,,,0,1,0.449999988,38085.85938,3,,,,,0,0.167392403,0,,,,,,,,,,,,
10207771138,"Nov 12, 2023, 6:14:35 PM",Afternoon Walk,Walk,,2671,1.61,,,FALSE,Middle school and Raider Express ,,activities/10207771138.gpx,,,2671,1933,1610.949951,4.106657028,0.833393693,0,0,290.3999939,292.2999878,8.450588226,0,,,,,,,,,202.0076904,,,,,,,,,3,,,,,0,16,0,,1,,1699811968,1,17.12000084,16.02000046,4.340000153,0.430000007,1026.040039,3.609999895,6.070000172,218,0,1699793664,1699830656,0,,,0,1,0,39641.39063,3,,,,,0,0.603126168,0,,,,,,,,,,,,
10212178004,"Nov 13, 2023, 5:18:26 PM",Morning Walk,Walk,,1496,1.07,,,FALSE,Post Office ,,activities/10212178004.gpx,,,1496,1364,1072.130005,3.265000582,0.786019087,0,0,290.3999939,291.7999878,3.257321119,0,,,,,,,,,134.4414825,,,,,,,,,3,,,,,0,11,0,,1,,1699894784,1,16.76000023,15.93000031,7.389999866,0.540000021,1029.910034,2.819999933,3.859999895,71,0,1699880192,1699916928,0,,,0,1,0.01,28298.58984,3,,,,,0,0.716664433,0,,,,,,,,,,,,
10213500149,"Nov 13, 2023, 8:45:06 PM",Afternoon Walk,Walk,,3594,1.29,,,FALSE,Post Office and Shooters ,,activities/10213500149.gpx,,,3594,1613,1294.52002,4.988181591,0.80255425,0,0.100000001,290.3999939,292.2000122,2.980616093,-0.007724871,,,,,,,,,162.3284454,,,,,,,,,3,,,,,0,13,0,,1,,1699905536,1,21.10000038,20.20000076,8.109999657,0.430000007,1027.77002,3.119999886,5.130000114,96,0,1699880192,1699917056,0,,,0,1,0,41644.19922,2,,,,,0,0.360189199,0,,,,,,,,,,,,
10219679662,"Nov 14, 2023, 10:14:05 PM",Afternoon Walk,Walk,,2303,1.32,,,FALSE,Raider Express ,,activities/10219679662.gpx,,,2303,1532,1325.77002,6.533996582,0.865385115,0,0.100000001,290.3999939,291.8999939,1.555208087,-0.007542786,,,,,,,,,166.2470856,,,,,,,,,3,,,,,0,12,0,,1,,1699999232,1,19.09000015,17.97999954,5.239999771,0.400000006,1021.150024,3.630000114,6.53000021,184,0,1699966592,1700003328,0.125,,,0,1,0,43301.55078,0,,,,,0,0.575670898,0,,,,,,,,,,,,
10224801161,"Nov 15, 2023, 6:35:17 PM",Afternoon Walk,Walk,,3014,1.63,,,FALSE,Middle school and Raider Express ,,activities/10224801161.gpx,,,3014,1954,1630.880005,6.021996975,0.834636629,0,0,290.3999939,292.2000122,5.312064171,0,,,,,,,,,204.5068512,,,,,,,,,3,,,,,0,16,0,,1,,1700071168,1,19.22999954,18.32999992,7.53000021,0.469999999,1022.450012,3.329999924,5.130000114,214,0,1700053120,1700089728,0.125,,,0,1,0,33737.62109,3,,,,,0,0.541101515,0,,,,,,,,,,,,
10235892859,"Nov 17, 2023, 8:03:28 PM",Afternoon Walk,Walk,,2259,1.3,,,FALSE,Raider Express ,,activities/10235892859.gpx,,,2259,1560,1301.22998,6.953328609,0.834121764,0,0.100000001,290.3999939,291.8999939,1.522071838,-0.007685036,,,,,,,,,163.1698456,,,,,,,,,3,,,,,0,13,0,,1,,1700251136,1,15.47000027,14.35000038,3.24000001,0.439999998,1016.619995,4.449999809,7.159999847,7,0,1700226048,1700262400,0.125,,,0,1,0,39274.39844,2,,,,,0,0.57602036,0,,,,,,,,,,,,
10242214519,"Nov 18, 2023, 10:10:44 PM",Afternoon Walk,Walk,,2493,1.56,,,FALSE,Raider Express ,,activities/10242214519.gpx,,,2493,1683,1565.900024,7.835999966,0.930421889,0,0.100000001,290.3999939,292.2000122,4.313451767,-0.006386104,,,,,,,,,196.3585815,,,,,,,,,3,,,,,0,14,0,,1,,1700344832,1,16.68000031,15.60999966,4.610000134,0.449999988,1016.450012,1.220000029,1.830000043,221,0,1700312448,1700348800,0.125,,,0,1,0,41571.23047,0,,,,,0,0.628118753,0,,,,,,,,,,,,
10259643607,"Nov 21, 2023, 9:53:35 PM",Afternoon Walk,Walk,,3661,1.24,,,FALSE,Shooters ,,activities/10259643607.gpx,,,3661,1473,1242.589966,7.027990818,0.843577683,0,0,290.3999939,291.7999878,2.777784824,0,,,,,,,,,155.8165894,,,,,,,,,3,,,,,0,12,0,,1,,1700600448,2,8.960000038,6.050000191,1.940000057,0.610000014,1021.659973,5.590000153,9.81000042,330,0,1700571904,1700607872,0.375,,,0.370000005,5,0.389999986,24405.24023,1,,,,,0,0.339412719,0,,,,,,,,,,,,
10262961390,"Nov 22, 2023, 2:29:53 PM",Morning Walk,Walk,,2644,1.27,,,FALSE,Raider Express ,,activities/10262961390.gpx,,,2644,1609,1275.77002,4.388000488,0.792896211,0,0,290.3999939,291.8999939,1.597441554,0,,,,,,,,,159.9772491,,,,,,,,,3,,,,,0,13,0,,1,,1700661632,1,-1.059999943,-3.160000086,-4.480000019,0.779999971,1024.469971,1.610000014,3.99000001,301,0,1700658304,1700694272,0.375,,,0,1,0,26829.48047,0,,,,,0,0.482515126,0,,,,,,,,,,,,
10269359434,"Nov 23, 2023, 4:42:14 PM",Morning Commute,Ride,,1214,1.3,,,FALSE,Raider Express ,,activities/10269359434.gpx,,,1214,627,1308.530029,3.741999865,2.086969852,0,0.100000001,290.3999939,291.8999939,1.685630322,-0.007642163,,,,,,,,61.67990112,43.12072754,,,,,,,,,2,,,,,0,2,0,,1,,1700755200,1,7.679999828,6.329999924,0.839999974,0.620000005,1018.140015,2.160000086,4.039999962,229,0,1700744832,1700780672,0.375,,,0,1,0,29406.46094,2,,,,,0,1.077866554,0,,,,,,,,,,,,
10273626166,"Nov 24, 2023, 1:37:01 PM",Morning Commute,Ride,,1275,1.32,,,FALSE,Raider Express ,,activities/10273626166.gpx,,,1275,668,1319.75,5.424445152,1.975673676,0,0,290.3999939,292.2999878,3.614463091,0,,,,,,,,67.83072662,50.52168274,,,,,,,,,3,,,,,0,5,0,,1,,1700830848,3,-0.879999995,-6.800000191,-4.980000019,0.74000001,1027.300049,6.429999828,12.23999977,33,0,1700831232,1700866944,0.375,,,0,1,0.910000026,26118.14063,0,,,,,0,1.035098076,0,,,,,,,,,,,,
10279085792,"Nov 25, 2023, 1:07:21 PM",Morning Walk,Walk,,3623,1.35,,,FALSE,Raider Express ,,activities/10279085792.gpx,,,3623,1716,1356.22998,2.498419523,0.790343821,0,0,290.3999939,291.8999939,3.215434551,0,,,,,,,,,170.0666656,,,,,,,,,3,,,,,0,14,0,,1,,1700917248,2,-2.390000105,-6.329999924,-4.050000191,0.879999995,1026.569946,2.940000057,4.860000134,72,0,1700917760,1700953344,0.375,,,0.720000029,5,0.389999986,23129.64063,0,,,,,0,0.374338955,0,,,,,,,,,,,,
10285716794,"Nov 26, 2023, 3:28:20 PM",Morning Walk,Walk,,824,0.63,,,FALSE,Raider Express ,,activities/10285716794.gpx,,,824,805,638.6500244,1.945000052,0.793354094,0,-1.5,290.3999939,291.8999939,1.555204391,0.234870419,,,,,,,,,80.08455658,,,,,,,,,3,,,,,0,6,0,,1,,1701010816,2,-1.970000029,-7.860000134,-4.900000095,0.800000012,1020.570007,5.789999962,10.28999996,290,0,1701004160,1701039744,0.5,,,0.800000012,5,0.469999999,24237.48047,1,,,,,0,0.775060713,0,,,,,,,,,,,,
10297050383,"Nov 28, 2023, 6:09:29 PM",Lunch Walk,Walk,,5036,1.19,,,FALSE,Shooters ,,activities/10297050383.gpx,,,5036,1512,1197.699951,5.590000153,0.792129576,0,0.100000001,290.3999939,291.7999878,1.522068262,-0.008349337,,,,,,,,,150.1875305,,,,,,,,,3,,,,,0,12,0,,1,,1701194368,1,6.210000038,3.630000114,-2.809999943,0.519999981,1027.569946,3.480000019,5.659999847,162,0,1701177088,1701212544,0.625,,,0,1,0.100000001,32789.46094,3,,,,,0,0.237827629,0,,,,,,,,,,,,
10318846803,"Dec 2, 2023, 9:39:19 PM",Afternoon Walk,Walk,,5444,1.08,,,FALSE,Shooters ,,activities/10318846803.gpx,,,5444,1374,1084.329956,2.090002537,0.789177537,0,0,290.3999939,291.7999878,1.557629108,0,,,,,,,,,135.9713135,,,,,,,,,3,,,,,0,11,0,,1,,1701550848,3,8.220000267,7.449999809,4.829999924,0.790000021,1012.130005,1.539999962,3.779999971,156,0,1701522944,1701558016,0.625,,,0.270000011,5,0.949999988,22313.30078,1,,,,,0,0.199178904,0,,,,,,,,,,,,
10327976854,"Dec 4, 2023, 5:40:39 PM",Morning Walk,Walk,,1778,1.46,,,FALSE,Middle school loop and Raider Express ,,activities/10327976854.gpx,,,1778,1725,1466.920044,2.072000027,0.850388408,0,0,290.3999939,291.8999939,4.166659832,0,,,,,,,,,183.9468231,,,,,,,,,3,,,,,0,14,0,,1,,1701709184,1,6.079999924,3.75999999,-0.039999999,0.649999976,1020.950012,3.049999952,5.889999866,292,0,1701695872,1701730816,0.875,,,0,1,0.01,29634.74023,2,,,,,0,0.825039387,0,,,,,,,,,,,,
10329351088,"Dec 4, 2023, 9:41:35 PM",Afternoon Walk,Walk,,5217,1.13,,,FALSE,Shooters ,,activities/10329351088.gpx,,,5217,1310,1131.579956,2.504004002,0.863801479,0,0,290.3999939,291.7999878,1.582280517,0,,,,,,,,,141.8963013,,,,,,,,,3,,,,,0,10,0,,1,,1701723648,1,11.60999966,10.46000004,-0.419999987,0.430000007,1018.659973,3.339999914,5.769999981,224,0,1701695872,1701730816,0.625,,,0,1,0,38456.41016,1,,,,,0,0.21690242,0,,,,,,,,,,,,
10332403568,"Dec 5, 2023, 2:03:58 PM",Morning Walk,Walk,,2459,1.31,,,FALSE,Raider Express ,,activities/10332403568.gpx,,,2459,1531,1313.48999,4.346999645,0.857929468,0,0,290.3999939,291.8999939,1.605137587,0,,,,,,,,,164.7072144,,,,,,,,,3,,,,,0,12,0,,1,,1701784832,1,3.349999905,-0.449999988,-0.230000004,0.769999981,1023.380005,4.440000057,10.05000019,306,0,1701782272,1701817216,0.75,,,0,1,0.039999999,24550.17969,0,,,,,0,0.534156144,0,,,,,,,,,,,,
10339939029,"Dec 6, 2023, 8:23:05 PM",Afternoon Walk,Walk,,4231,1.97,,,FALSE,Middle school and Shooters ,,activities/10339939029.gpx,,,4231,1931,1969.079956,13.95998573,1.019720316,0,0,290.3999939,292.2000122,23.39151192,0,,,,,,,,,246.9159851,,,,,,,,,3,,,,,0,16,0,,1,,1701892864,1,12.69999981,11.52999973,0.050000001,0.419999987,1023.429993,5.519999981,9.06000042,195,0,1701868800,1701903616,0.875,,,0,1,0,46560.71875,2,,,,,0,0.465393513,0,,,,,,,,,,,,
10344200711,"Dec 7, 2023, 6:20:30 PM",Lunch Walk,Walk,,1250,1.07,,,FALSE,Palluccas ,,activities/10344200711.gpx,,,1250,849,1073.22998,7.502001762,1.264110684,0,0,290.3999939,291.7999878,1.533741355,0,,,,,,,,,134.579422,,,,,,,,,3,,,,,0,7,0,,1,,1701971968,8,15.32999992,14.40999985,5.75,0.529999971,1009.51001,9.220000267,17.32999992,195,0,1701955200,1701990016,0.875,,,0,1,0.879999995,33607.37891,2,,,,,0,0.858583987,0,,,,,,,,,,,,
10350192101,"Dec 8, 2023, 9:54:19 PM",Afternoon Walk,Walk,,5555,1.19,,,FALSE,Shooters ,,activities/10350192101.gpx,,,5555,1506,1198.140015,7.972499847,0.795577705,0,0.100000001,290.3999939,291.7999878,1.533752084,-0.00834627,,,,,,,,,150.2427063,,,,,,,,,3,,,,,0,12,0,,1,,1702069248,3,16.54000092,16.37000084,12.89999962,0.790000021,1002.26001,4.46999979,9.159999847,173,0,1702041600,1702076416,0.875,,,0.540000021,5,0.899999976,15618.53027,1,,,,,0,0.215686768,0,,,,,,,,,,,,
10370797932,"Dec 12, 2023, 8:04:36 PM",Afternoon Walk,Walk,,4059,1.7,,,FALSE,Middle school and Shooters ,,activities/10370797932.gpx,,,4059,1876,1700.23999,5.929998398,0.906311274,0,0,290.3999939,292,3.034888983,0,,,,,,,,,213.204361,,,,,,,,,3,,,,,0,15,0,,1,,1702411264,2,13.21000004,12.02999973,0.419999987,0.419999987,1029.089966,1.370000005,3.150000095,88,0,1702387456,1702422016,0.875,,,0,1,0.400000006,38103.07031,1,,,,,0,0.418881506,0,,,,,,,,,,,,
10391830448,"Dec 16, 2023, 10:21:30 PM",Evening Walk,Walk,,7836,1.16,,,FALSE,Shooters ,,activities/10391830448.gpx,,,7836,1450,1163.609985,2.731994629,0.802489638,0,0,290.3999939,292,1.597443581,0,,,,,,,,,145.9127655,,,,,,,,,3,,,,,0,12,0,,1,,1702764032,3,7.800000191,4.940000057,2.569999933,0.689999998,1018.47998,4.739999771,9.56000042,294,0,1702733184,1702767744,0.125,,,0,1,0.769999981,26123.4707,0,,,,,0,0.148495406,0,,,,,,,,,,,,
10411533194,"Dec 20, 2023, 7:34:16 PM",Afternoon Walk,Walk,,1724,1.48,,,FALSE,Middle school and Raider Express ,,activities/10411533194.gpx,,,1724,1693,1484.02002,2.444999933,0.876562297,0,0,290.3999939,292,5.89103508,0,,,,,,,,,186.091095,,,,,,,,,3,,,,,0,14,0,,1,,1703098752,3,12.85000038,12.10999966,7.119999886,0.680000007,1021.320007,6.599999905,12.34000015,202,0,1703078912,1703113472,0.375,,,0,1,0.930000007,25830,2,,,,,0,0.860800505,0,,,,,,,,,,,,
10439240230,"Dec 26, 2023, 12:57:44 PM",Morning Walk,Walk,,2512,1.52,,,FALSE,Raider Express ,,activities/10439240230.gpx,,,2512,1608,1527.680054,6.527503967,0.950049758,0,0.100000001,290.3999939,292,1.569859862,-0.006545873,,,,,,,,,191.565918,,,,,,,,,3,,,,,0,13,0,,1,,1703591936,1,-1.549999952,-7.230000019,-4.710000038,0.790000021,1013.590027,5.619999886,11.39999962,205,0,1703597568,1703632000,0.375,,,0,1,0.300000012,27252.60938,0,,,,,0,0.608152866,0,,,,,,,,,,,,
10452598827,"Dec 28, 2023, 6:45:14 PM",Afternoon Walk,Walk,,5097,1.26,,,FALSE,Shooters ,,activities/10452598827.gpx,,,5097,1465,1260.98999,6.47422123,0.860743999,0,0,290.3999939,292,1.519757271,0,,,,,,,,,158.1238861,,,,,,,,,3,,,,,0,12,0,,1,,1703786368,3,3.269999981,-0.970000029,0.689999998,0.829999983,1020.369995,5.260000229,8.449999809,356,0,1703770368,1703804928,0.625,,,0,1,0.970000029,16713.42969,2,,,,,0,0.247398466,0,,,,,,,,,,,,
10459119361,"Dec 29, 2023, 10:03:45 PM",Evening Walk,Walk,,8923,1.14,,,FALSE,Shooters ,,activities/10459119361.gpx,,,8923,1494,1143.339966,4.425000191,0.765287817,0,0.100000001,290.3999939,292,1.577288032,-0.008746305,,,,,,,,,143.3709717,,,,,,,,,3,,,,,0,12,0,,1,,1703887232,1,6.519999981,3.619999886,-0.129999995,0.629999995,1017.289978,4.170000076,7.110000134,316,0,1703856768,1703891328,0.625,,,0,1,0.170000002,28653.15039,0,,,,,0,0.128134027,0,,,,,,,,,,,,
10465283108,"Dec 30, 2023, 8:27:20 PM",Afternoon Walk,Walk,,1144,0.91,,,FALSE,Middle school and Raider Express ,,activities/10465283108.gpx,,,1144,1110,909.1500244,2.041999817,0.819054067,0,-1.399999976,290.3999939,291.8999939,4.207570553,0.153989986,,,,,,,,,114.0043411,,,,,,,,,3,,,,,0,9,0,,1,,1703966464,3,9.359999657,7.199999809,1.029999971,0.560000002,1016.51001,4.010000229,7.079999924,245,0,1703943168,1703977856,0.625,,,0,1,0.649999976,30337.38086,1,,,,,0,0.79471153,0,,,,,,,,,,,,
10475827500,"Jan 1, 2024, 8:17:20 PM",Afternoon Walk,Walk,,1934,1.48,,,FALSE,Middle school and Raider Express ,,activities/10475827500.gpx,,,1934,1867,1481.349976,1.983325243,0.793438673,0,0,290.3999939,292,4.608287811,0,,,,,,,,,185.7562866,,,,,,,,,3,,,,,0,15,0,,1,,1704139264,2,3.75999999,2.819999933,-3.529999971,0.589999974,1028.959961,0.810000002,2.079999924,268,0,1704115968,1704150656,0.625,,,0,1,0.439999998,25058.66016,1,,,,,0,0.765951395,0,,,,,,,,,,,,
10488679444,"Jan 3, 2024, 9:08:08 PM",Afternoon Walk,Walk,,3161,1.5,,,FALSE,Middle school and Raider Express ,,activities/10488679444.gpx,,,3161,1061,1508.099976,6.243749619,1.421394944,0,0,290.3999939,292.1000061,3.300320387,0,,,,,,,,,189.1106415,,,,,,,,,3,,,,,0,8,0,,1,,1704315648,1,9.170000076,8.119999886,1.169999957,0.569999993,1020.390015,2.119999886,3.460000038,18,0,1704288768,1704323584,0.625,,,0,1,0.039999999,33746.08984,1,,,,,0,0.477095842,0,,,,,,,,,,,,
10676104324,"Feb 1, 2024, 6:45:04 PM",Lunch Commute,Ride,,751,1.3,,,FALSE,Palluccas ,,activities/10676104324.gpx,,,751,653,1303.630005,10.65600586,1.996370554,0,0.100000001,290.3999939,291.7999878,1.715266466,-0.007670888,,,,,,,,70.77870941,51.53362656,,,,,,,,,3,,,,,0,5,0,,1,,1706810368,3,16.70999908,15.98999977,8.479999542,0.579999983,1014.460022,6.380000114,11.90999985,203,0,1706793728,1706830976,0.625,,,0,1,0.930000007,28569.08008,2,,,,,0,1.735858917,0,,,,,,,,,,,,
10707654652,"Feb 6, 2024, 1:02:07 PM",Morning Commute,Ride,,2220,1.15,,,FALSE,Raider Express ,,activities/10707654652.gpx,,,2220,558,1156.890015,3.807332754,2.073279619,0,0,290.3999939,292,1.958864093,0,,,,,,,,46.53197479,28.95079803,,,,,,,,,3,,,,,0,4,0,,1,,1707224448,1,-0.980000019,-1.720000029,-1.639999986,0.949999988,1022.219971,0.810000002,1.139999986,176,0,1707225472,1707263360,0.875,,,0,1,0.050000001,17762.63086,0,,,,,0,0.521121621,0,,,,,,,,,,,,
10724397667,"Feb 8, 2024, 9:57:15 PM",Evening Walk,Walk,,6084,1.55,,,FALSE,Shooters ,,activities/10724397667.gpx,,,6084,1506,1555.349976,6.704003811,1.032768965,0,0.100000001,290.2999878,292,1.61030817,-0.006429421,,,,,,,,,195.0356293,,,,,,,,,3,,,,,0,12,0,,1,,1707426048,8,20.31999969,19.02000046,3.609999895,0.330000013,1006.380005,8.329999924,15.82999992,231,0,1707398144,1707436288,0.875,,,0,1,0,42167.98047,2,,,,,0,0.255645961,0,,,,,,,,,,,,
10749735130,"Feb 12, 2024, 9:26:52 PM",Afternoon Walk,Walk,,1768,1.55,,,FALSE,Jefferson-Cherokee loop,,activities/10749735130.gpx,,,1768,1691,1550.5,6.526999474,0.916913092,3.841837645,3.841840029,287.7999878,291.7999878,4.683841705,0,,,,,,,,,194.4274597,,,,,,,,,3,,,,,0,14,0,,1,,1707771648,1,9.609999657,7.269999981,-0.270000011,0.5,1013.909973,4.539999962,7.900000095,324,0,1707743488,1707782144,0.125,,,0.589999974,6,0.02,31583.13086,2,,,,,0,0.876979649,0,,,,,,,,,,,,
10755512687,"Feb 13, 2024, 6:14:39 PM",Lunch Walk,Walk,,2071,1.24,,,FALSE,Jefferson-Cherokee loop,,activities/10755512687.gpx,,,2071,624,1245.829956,16.31200027,1.996522307,0,0,289.6000061,291.5,2.544526577,0,,,,,,,,,156.2228699,,,,,,,,,3,,,,,0,5,0,,1,,1707847168,1,12.98999977,11.93000031,2.480000019,0.49000001,1019.52002,5.190000057,9.56000042,217,0,1707829888,1707868544,0.125,,,0,1,0,29875.92969,4,,,,,0,0.601559639,0,,,,,,,,,,,,
10768459101,"Feb 15, 2024, 6:11:52 PM",Lunch Walk,Walk,,1455,1.15,,,FALSE,Palluccas ,,activities/10768459101.gpx,,,1455,1214,1156.630005,9.340000153,0.952742994,0,0.200000003,290.2999878,291.7999878,1.584786654,-0.017291615,,,,,,,,,145.0374908,,,,,,,,,3,,,,,0,10,0,,1,,1708019968,1,8.18999958,5.210000038,1.950000048,0.649999976,1022.450012,5.239999771,7.690000057,34,0,1708002560,1708041472,0.125,,,0,1,0.300000012,24414.93945,3,,,,,0,0.79493469,0,,,,,,,,,,,,
10803077193,"Feb 20, 2024, 7:42:39 PM",Afternoon Walk,Walk,,1857,1.45,,,FALSE,Middle school loop ,,activities/10803077193.gpx,,,1857,1752,1454.829956,4.8125,0.830382407,0,0.100000001,290.3999939,292.1000061,4.451004505,-0.006873656,,,,,,,,,182.4307709,,,,,,,,,3,,,,,0,14,0,,1,,1708455552,1,17.94000053,16.79999924,4.360000134,0.409999996,1020.380005,3.390000105,5.070000172,200,0,1708434176,1708473856,0.375,,,0,1,0.02,33172.07031,4,,,,,0,0.783430219,0,,,,,,,,,,,,
10815444032,"Feb 22, 2024, 5:47:16 PM",Lunch Walk,Walk,,1369,1.02,,,FALSE,Palluccas ,,activities/10815444032.gpx,,,1369,1225,1019.469971,3.909999847,0.832220376,0,0.100000001,290.3999939,291.7999878,1.582280517,-0.009809019,,,,,,,,,127.838089,,,,,,,,,3,,,,,0,10,0,,1,,1708621184,1,16.04000092,15.52000046,10.17000008,0.680000007,1006.320007,4.960000038,8.06000042,7,0,1708606848,1708646656,0.375,,,0.340000004,5,0.209999993,24420.53906,3,,,,,0,0.744682252,0,,,,,,,,,,,,
10823022068,"Feb 23, 2024, 9:58:25 PM",Afternoon Walk,Walk,,4186,1.23,,,FALSE,Shooters ,,activities/10823022068.gpx,,,4186,1447,1229.76001,7.708000183,0.849868715,0,0.100000001,290.2999878,292,1.545598388,-0.008131668,,,,,,,,,154.2077484,,,,,,,,,3,,,,,0,12,0,,1,,1708722048,8,19,17.59000015,1.279999971,0.310000002,1013.109985,7.860000134,13.38000011,298,0,1708693120,1708733184,0.375,,,0,1,0.140000001,41031.17188,2,,,,,0,0.293779254,0,,,,,,,,,,,,
10836333088,"Feb 25, 2024, 5:39:29 PM",Lunch Walk,Walk,,2359,1.77,,,FALSE,Middle school loop and Raider Express ,,activities/10836333088.gpx,,,2359,2148,1775.569946,9.270001411,0.826615453,0,0,290.3999939,292,4.538588047,0,,,,,,,,,222.6504822,,,,,,,,,3,,,,,0,17,0,,1,,1708880384,1,19.14999962,18.21999931,7.119999886,0.460000008,1010.409973,5.130000114,7.25,234,0,1708865792,1708906112,0.625,,,0,1,0.050000001,32584.5293,3,,,,,0,0.75267905,0,,,,,,,,,,,,
10851095952,"Feb 27, 2024, 9:31:14 PM",Afternoon Walk,Walk,,6207,1.33,,,FALSE,City Hall and Shooters ,,activities/10851095952.gpx,,,6207,1507,1331.72998,5.66285944,0.883696079,0,0,290.3999939,292.3999939,3.2051332,0,,,,,,,,,166.9944458,,,,,,,,,3,,,,,0,12,0,,1,,1709067648,8,27.94000053,26.70000076,7.590000153,0.280000001,993.2700195,10,16.09000015,244,0,1709038336,1709079040,0.625,,,0,1,0.730000019,46917.30859,2,,,,,0,0.214552924,0,,,,,,,,,,,,
10862837409,"Feb 29, 2024, 5:58:09 PM",Lunch Walk,Walk,,1328,1.22,,,FALSE,Palluccas ,,activities/10862837409.gpx,,,1328,1266,1227.380005,9.665990829,0.969494462,0,0,290.3999939,291.7999878,2.801114798,0,,,,,,,,,153.9093018,,,,,,,,,3,,,,,0,10,0,,1,,1709225984,3,8.300000191,5.440000057,-4.659999847,0.400000006,1028.959961,5,8.869999886,183,0,1709211008,1709251968,0.625,,,0,1,0.699999988,33224.58984,3,,,,,0,0.924231946,0,,,,,,,,,,,,
10864739726,"Feb 29, 2024, 9:51:03 PM",Afternoon Walk,Walk,,8486,0.99,,,FALSE,Shooters ,,activities/10864739726.gpx,,,8486,712,992.539978,2.365997314,1.394016862,0,0,290.3999939,292.1000061,1.547982335,0,,,,,,,,,124.4611588,,,,,,,,,3,,,,,0,5,0,,1,,1709240448,2,12.77999973,11.35999966,-6.739999771,0.25,1024.189941,5.28000021,8.430000305,190,0,1709211008,1709251968,0.625,,,0,1,0.600000024,49704.64063,2,,,,,0,0.116962053,0,,,,,,,,,,,,
10876456675,"Mar 2, 2024, 6:10:34 PM",Afternoon Walk,Walk,,5488,1.25,,,FALSE,Shooters ,,activities/10876456675.gpx,,,5488,1388,1250.76001,7.211999893,0.901123941,0,0,290.3999939,292,1.579778433,-0.007995139,,,,,,,,,156.8410797,,,,,,,,,3,,,,,0,11,0,,1,,1709402368,8,18.87999916,18.20000076,9.399999619,0.540000021,1011.830017,6.909999847,11.63000011,171,0,1709383680,1709424896,0.625,,,0,1,0.01,26979.07031,5,,,,,0,0.227908164,0,,,,,,,,,,,,
10887986873,"Mar 4, 2024, 12:52:42 PM",Morning Walk,Walk,,2698,1.56,,,FALSE,Labette Bank and Raider Express ,,activities/10887986873.gpx,,,2698,1828,1560.699951,7.577499866,0.853774607,0,0,290.3999939,292,2.030457258,0,,,,,,,,,195.7064972,,,,,,,,,3,,,,,0,15,0,,1,,1709553664,8,16.34000015,16.28000069,13.63000011,0.839999974,1006.98999,7.130000114,13.51000023,176,0,1709556352,1709597824,0.875,,,0,1,0.360000014,19867.25,0,,,,,0,0.578465521,0,,,,,,,,,,,,
10904864309,"Mar 6, 2024, 6:33:42 PM",Lunch Walk,Walk,,1797,1.48,,,FALSE,Jefferson-Cherokee loop ,,activities/10904864309.gpx,,,1797,1744,1487.109985,4.639999866,0.852700651,3.838841915,3.565075874,287.7999878,291.7999878,6.054469585,0,,,,,,,,,186.4785767,,,,,,,,,3,,,,,0,14,0,,1,,1709747968,2,14.51000023,13.72000027,7.019999981,0.610000014,1015.940002,4.619999886,7.079999924,92,0,1709728896,1709770752,0.875,,,0,1,0.400000006,25666.25,4,,,,,0,0.827551484,0,,,,,,,,,,,,
10907182178,"Mar 6, 2024, 9:32:48 PM",Afternoon Walk,Walk,,22861,0.64,,,FALSE,,,activities/10907182178.gpx,,,22861,733,639.1900024,3.545000076,0.872019112,0,0,283.6000061,292,2.762434721,-1.063846469,,,,,,,,,80.15226746,,,,,,,,,,,,,,0,,0,,1,,1709758848,1,18.37000084,17.79000092,10.10999966,0.589999974,1012.25,3.670000076,6.110000134,129,0,1709728896,1709770752,0.875,,,0,1,0.129999995,27680.82031,3,,,,,0,0.027959844,0,,,,,,,,,,,,
10932873052,"Mar 10, 2024, 7:41:30 PM",Afternoon Walk,Walk,,2182,1.73,,,FALSE,Raider Express ,,activities/10932873052.gpx,,,2182,1697,1735.619995,7.790002346,1.022757769,0,0,290.3999939,292,1.543207288,0,,,,,,,,,217.6408844,,,,,,,,,3,,,,,0,14,0,,1,,1710097152,1,15.14999962,13.93999958,1.320000052,0.389999986,1023.429993,3.75,6.28000021,225,0,1710074240,1710116480,0,,,0,1,0,34448.62891,5,,,,,0,0.79542619,0,,,,,,,,,,,,
10938494510,"Mar 11, 2024, 7:00:14 PM",Afternoon Walk,Walk,,1808,1.53,,,FALSE,Jefferson-Cherokee loop ,,activities/10938494510.gpx,,,1808,1762,1530.060059,5.503999233,0.868365526,3.831111193,3.548686981,287.7999878,291.7999878,5.010029793,0,,,,,,,,,191.8643646,,,,,,,,,3,,,,,0,14,0,,1,,1710183552,8,18.51000023,17.31999969,4.039999962,0.379999995,1019.75,7.579999924,11.81000042,213,0,1710160512,1710203008,0.125,,,0,1,0,39378.57813,5,,,,,0,0.846272171,0,,,,,,,,,,,,
10975126547,"Mar 16, 2024, 5:37:36 PM",Afternoon Walk,Walk,,20574,1.51,,,FALSE,Shooters ,,activities/10975126547.gpx,,,20574,1756,1512.339966,6.897500038,0.86124146,0,0,290.3999939,292,3.051876783,-0.00661227,,,,,,,,,189.6423187,,,,,,,,,3,,,,,0,14,0,,1,,1710608384,2,16.20999908,15.31999969,6.590000153,0.529999971,1018.26001,3.569999933,5.929999828,238,0,1710592000,1710635264,0.125,,,0,1,0.519999981,31963.57031,4,,,,,0,0.073507339,0,,,,,,,,,,,,
10981938751,"Mar 17, 2024, 6:58:48 PM",Afternoon Walk,Walk,,1757,1.44,,,FALSE,Jefferson-Cherokee loop ,,activities/10981938751.gpx,,,1757,1700,1445.189941,2.403991699,0.850111723,3.84324789,3.551843166,287.7999878,291.7999878,6.088273048,-0.006919506,,,,,,,,,181.2219391,,,,,,,,,3,,,,,0,14,0,,1,,1710698368,1,12.68999958,11.43000031,-2.160000086,0.360000014,1018.960022,6.5,11.68999958,336,0,1710678400,1710721664,0.25,,,0,1,0.02,37852.14063,6,,,,,0,0.822532713,0,,,,,,,,,,,,
10994855557,"Mar 19, 2024, 5:56:25 PM",Lunch Walk,Walk,,1766,1.52,,,FALSE,Jefferson-Cherokee loop ,,activities/10994855557.gpx,,,1766,1697,1525.310059,10.65666676,0.898827374,3.841403484,3.541818142,287.7999878,291.7999878,5.47195816,0,,,,,,,,,191.2687378,,,,,,,,,3,,,,,0,14,0,,1,,1710867584,8,13.27999973,12.10999966,0.680000007,0.419999987,1016.900024,8.760000229,15.77999973,226,0,1710850944,1710894592,0.375,,,0,1,0,31252.56055,4,,,,,0,0.863708973,0,,,,,,,,,,,,
11003817506,"Mar 20, 2024, 8:27:55 PM",Afternoon Walk,Walk,,5139,1.39,,,FALSE,Shooters ,,activities/11003817506.gpx,,,5139,1742,1394.77002,4.866285801,0.800671637,0,0,290.2999878,292.1000061,4.172460556,0.007169641,,,,,,,,,174.8994446,,,,,,,,,3,,,,,0,14,0,,1,,1710964736,1,19.10000038,18.02000046,5.599999905,0.409999996,1015.01001,5.739999771,8.5,51,0,1710937344,1710981120,0.375,,,0,1,0.059999999,33798.25,5,,,,,0,0.271408826,0,,,,,,,,,,,,
11010777802,"Mar 21, 2024, 9:00:55 PM",Afternoon Walk,Walk,,2003,1.48,,,FALSE,Middle school and Raider Express ,,activities/11010777802.gpx,,,2003,1786,1480.75,7.872499943,0.829087317,0,0,290.3999939,292.2999878,3.610109329,0,,,,,,,,,185.6810455,,,,,,,,,3,,,,,0,14,0,,1,,1711054848,3,21.20000076,20.65999985,10.80000019,0.50999999,1012.950012,3.519999981,5.090000153,114,0,1711023616,1711067520,0.375,,,0,1,0.660000026,29985.2207,3,,,,,0,0.739266098,0,,,,,,,,,,,,
11050500289,"Mar 27, 2024, 6:01:19 PM",Afternoon Walk,Walk,,2311,1.86,,,FALSE,Jefferson- high school loop ,,activities/11050500289.gpx,,,2311,2286,1867.97998,2.224999905,0.817139089,3.382894754,3.097868443,288.2999878,291.7999878,3.159549236,0,,,,,,,,,234.2383881,,,,,,,,,3,,,,,0,19,0,,1,,1711562368,1,8.210000038,7.110000134,-3.460000038,0.439999998,1023.539978,0.829999983,2.299999952,25,0,1711541504,1711586304,0.625,,,0,1,0.02,30578.84961,6,,,,,0,0.808299422,197.5,,,,,,,,,,,,
11056569465,"Mar 28, 2024, 5:08:17 PM",Wright St loop,Walk,,2284,1.82,,,FALSE,,,activities/11056569465.gpx,,,2284,2188,1828.360107,3.852222204,0.835630774,2.655555487,4.180952549,287.5,292,3.269780874,0,,,,,,,,,229.2701874,,,,,,,,,,,,,,0,,0,,1,,1711645184,1,13.72000027,12.64999962,2.869999886,0.479999989,1022.75,5.099999905,8.18999958,216,0,1711627776,1711672704,0.625,,,0,1,0,32878.85938,5,,,,,0,0.800507903,0,,,,,,,,,,,,
11064684634,"Mar 29, 2024, 7:22:52 PM",Afternoon Walk,Walk,,6047,1.47,,,FALSE,Shooters ,,activities/11064684634.gpx,,,6047,1840,1473.599976,8.717992783,0.800869524,0,0,290.3999939,292.2000122,3.03029561,0,,,,,,,,,184.7844543,,,,,,,,,3,,,,,0,15,0,,1,,1711738752,8,23.64999962,23.04000092,10.68999958,0.439999998,1007.880005,11.02000046,18.38999939,198,0,1711714048,1711759232,0.625,,,0,1,0.99000001,36431.30078,4,,,,,0,0.243691087,0,,,,,,,,,,,,
11073152795,"Mar 30, 2024, 7:56:56 PM",Evening Walk,Walk,,19331,1.5,,,FALSE,Shooters ,,activities/11073152795.gpx,,,19331,1889,1504.72998,6.946668625,0.796574891,0,0,290.3999939,292.2000122,2.666666746,0,,,,,,,,,188.6880646,,,,,,,,,3,,,,,0,15,0,,1,,1711825152,3,19.84000015,19.86000061,14.13000011,0.699999988,1011.719971,1.75999999,2.940000057,191,0,1711800320,1711845632,0.625,,,0.050000001,5,0.889999986,23436.5293,3,,,,,0,0.077840254,0,,,,,,,,,,,,
11107321408,"Apr 4, 2024, 4:33:49 PM",Lunch Walk,Walk,,1354,0.99,,,FALSE,Palluccas ,,activities/11107321408.gpx,,,1354,1104,997.6900024,6.227000237,0.903704703,0,0,290.3999939,292,1.569859862,0,,,,,,,,,125.1069565,,,,,,,,,3,,,,,0,9,0,,1,,1712246400,1,10.42000008,9.350000381,0.02,0.49000001,1015.52002,4.21999979,9.010000229,315,0,1712231936,1712277888,0.875,,,0,1,0,32382.90039,5,,,,,0,0.736846387,0,,,,,,,,,,,,
11143245273,"Apr 9, 2024, 5:16:15 PM",Lunch Walk,Walk,,1771,1.44,,,FALSE,,,,,,1771,1771,1448.40979,,0.817848563,,,,,,0,,,,,,,,,181.6256866,,,,,,,,,3,,,,,0,14,0,,0,,,,,,,,,,,,,,,,,,,,,,,,,,,0,0.817848563,0,,,,,,,,,,,,
11158562662,"Apr 11, 2024, 4:51:05 PM",Lunch Walk,Walk,,1472,1.09,,,FALSE,Palluccas ,,activities/11158562662.gpx,,,1472,1337,1095.630005,2.046008348,0.819468975,0,0,290.3999939,292,2.86533761,0,,,,,,,,,137.3883057,,,,,,,,,3,,,,,0,11,0,,1,,1712851200,8,13.23999977,12.22000027,3.470000029,0.519999981,1013.320007,9.25,15.09000015,324,0,1712836096,1712883072,0.125,,,0,1,0.01,28507.59961,4,,,,,0,0.744313836,0,,,,,,,,,,,,
11168139011,"Apr 12, 2024, 8:59:38 PM",Evening Walk,Walk,,16194,1.41,,,FALSE,Shooters ,,activities/11168139011.gpx,,,16194,1170,1409.109985,9.188659668,1.204367518,0,0,290.3999939,292.1000061,3.062773466,0,,,,,,,,,176.6976318,,,,,,,,,3,,,,,0,9,0,,1,,1712952064,1,20.23999977,18.89999962,3.24000001,0.330000013,1021.619995,2.160000086,4.869999886,282,0,1712922496,1712969472,0.125,,,0,1,0,43094.01953,5,,,,,0,0.087014325,0,,,,,,,,,,,,
11189658575,"Apr 15, 2024, 5:32:09 PM",Afternoon Walk,Walk,,1779,1.44,,,FALSE,Jefferson-Cherokee loop ,,,,,1779,1779,1448.40979,,0.814170718,,,,,,0,,,,,,,,,181.6256866,,,,,,,,,3,,,,,0,14,0,,0,,,,,,,,,,,,,,,,,,,,,,,,,,,0,0.814170718,0,,,,,,,,,,,,
11197265603,"Apr 16, 2024, 6:20:09 PM",Afternoon Walk,Walk,,1888,1.45,,,FALSE,Jefferson-Cherokee loop ,,activities/11197265603.gpx,,,1888,1759,1451.030029,2.040000439,0.824917555,3.91605258,3.91605258,287.7999878,291.7999878,6.144383907,0,,,,,,,,,181.9542694,,,,,,,,,3,,,,,0,14,0,,1,,1713290368,8,26.44000053,26.47999954,14.18000031,0.469999999,1001.940002,11.78999996,20.20000076,209,0,1713267712,1713315328,0.25,,,0.50999999,5,0.219999999,29436.67969,7,,,,,0,0.768554032,188,,,,,,,,,,,,
11199059798,"Apr 16, 2024, 9:40:16 PM",Afternoon Walk,Walk,,9133,1.55,,,FALSE,Shooters ,,activities/11199059798.gpx,,,9133,2253,1558.810059,11.75833416,0.691881955,0,0,290.2999878,292,2.631576777,-0.00641515,,,,,,,,,195.4695129,,,,,,,,,3,,,,,0,18,0,,1,,1713301248,8,27.32999992,26.04999924,7.090000153,0.280000001,1001.47998,10.65999985,17.61000061,227,0,1713267712,1713315328,0.25,,,0.519999981,5,0.01,49039.37109,4,,,,,0,0.170678869,0,,,,,,,,,,,,
11205893703,"Apr 17, 2024, 9:45:16 PM",Afternoon Ride,Ride,,1901,2.42,,,FALSE,Raider Express and high school loop ,,activities/11205893703.gpx,,,1901,881,2420.939941,8.432006836,2.747945547,2.016741991,2.540598392,289.2999878,292,3.303076029,0,,,,,,,,47.73311615,46.8889389,,,,,,,,,3,,,,,0,7,0,,1,,1713387648,1,27.84000015,27.26000023,11.38000011,0.360000014,1011.539978,2.50999999,5.489999771,200,0,1713353984,1713401856,0.375,,,0,1,0,39281.26172,4,,,,,0,1.273508668,0,,,,,,,,,,,,
11209459539,"Apr 18, 2024, 12:26:29 PM",Morning Commute,Ride,,575,1.18,,,FALSE,Raider Express ,,activities/11209459539.gpx,,,575,483,1179.530029,3.997997999,2.442091227,0,0,290.3999939,292,1.775410652,0,,,,,,,,37.58278275,20.24002075,,,,,,,,,3,,,,,0,4,0,,1,,1713441536,1,19.93000031,20.5,16.77000046,0.819999993,1008.570007,6.639999866,12.90999985,185,0,1713440384,1713488256,0.375,,,0.409999996,5,0.209999993,19608.25977,0,,,,,0,2.051356554,0,,,,,,,,,,,,
11235276253,"Apr 21, 2024, 9:30:37 PM",Afternoon Walk,Walk,,1795,1.44,,,FALSE,Jefferson-Cherokee loop ,,,,,1795,1795,1448.40979,,0.806913495,,,,,,0,,,,,,,,,181.6256866,,,,,,,,,3,,,,,0,14,0,,0,,,,,,,,,,,,,,,,,,,,,,,,,,,0,0.806913495,0,,,,,,,,,,,,
11255231684,"Apr 24, 2024, 4:50:32 PM",Lunch Walk,Walk,,1772,1.47,,,FALSE,Jefferson-Cherokee loop ,,activities/11255231684.gpx,,,1772,1720,1475.609985,2.139999866,0.857912779,3.92486763,3.92486763,287.7999878,291.7999878,5.154632568,0,,,,,,,,,185.0365143,,,,,,,,,3,,,,,0,14,0,,1,,1713974400,3,17.5,16.54999924,6.360000134,0.479999989,1022.099976,3.660000086,6.5,87,0,1713958272,1714007040,0.5,,,0.140000001,5,1,31218.24023,4,,,,,0,0.832737029,194.3000031,,,,,,,,,,,,
11256646766,"Apr 24, 2024, 8:27:56 PM",Afternoon Walk,Walk,,849,0.75,,,FALSE,Church loop ,,activities/11256646766.gpx,,,849,833,753.5,3.740002394,0.904561818,0,0,290.3999939,291.7000122,1.481481433,0,,,,,,,,,94.48635864,,,,,,,,,3,,,,,0,6,0,,1,,1713988864,1,22.10000038,20.96999931,6.320000172,0.360000014,1020.419983,2.440000057,4.449999809,107,0,1713958272,1714007040,0.5,,,0.109999999,5,0,41714.71875,6,,,,,0,0.88751471,0,,,,,,,,,,,,
11256971453,"Apr 24, 2024, 9:29:24 PM",Afternoon Ride,Ride,,1446,1.96,,,FALSE,Middle school loop ,,activities/11256971453.gpx,,,1446,780,1965.47998,8.881663322,2.519846201,2,2,290.3999939,292.3999939,3.978791475,0,,,,,,,,48.64765549,42.30886459,,,,,,,,,3,,,,,0,6,0,,1,,1713992448,1,22.87999916,21.67000008,5.960000038,0.330000013,1019.630005,2.710000038,4.690000057,103,0,1713958272,1714007040,0.5,,,0.039999999,5,0,44181.33984,4,,,,,0,1.359253049,0,,,,,,,,,,,,
11295338845,"Apr 29, 2024, 9:29:39 PM",Evening Walk,Walk,,1010,0.82,,,FALSE,Shooters ,,activities/11295338845.gpx,,,1010,954,824.4000244,3.493005276,0.864150941,0,0,290.5,292,3.033362627,0.18195051,,,,,,,,,103.376976,,,,,,,,,3,,,,,0,7,0,,1,,1714424448,1,24.54000092,23.96999931,11.05000019,0.430000007,1011.47998,1.580000043,2.519999981,253,0,1714389888,1714439296,0.625,,,0.25999999,5,0,37100.78125,5,,,,,0,0.816237628,0,,,,,,,,,,,,
11324963182,"May 3, 2024, 5:49:47 PM",Lunch Commute,Ride,,9474,1.2,,,FALSE,Shooters ,,activities/11324963182.gpx,,,9474,562,1206.469971,4.940002441,2.146743774,0,0,290.3999939,292,1.694197297,0,,,,,,,,71.45834351,44.77794266,,,,,,,,,3,,,,,0,4,0,,1,,1714755584,1,19.81999969,20.36000061,16.70000076,0.819999993,1014.179993,3.609999895,5.230000019,89,0,1714735232,1714785024,0.875,,,0.389999986,5,0.209999993,20295.46094,4,,,,,0,0.127345368,0,,,,,,,,,,,,
11333563814,"May 4, 2024, 9:50:46 PM",Afternoon Ride,Ride,,3583,3.31,,,FALSE,Cayuga-Wright loop,,activities/11333563814.gpx,,,3583,1287,3316.23999,5.021996975,2.576720953,7.134572506,7.772905827,287.5,292,9.090774536,0.003015463,,,,,,,,47.4822998,68.13733673,,,,,,,,,3,,,,,0,10,0,,1,,1714856448,1,22.21999931,22.47999954,15.22999954,0.649999976,1014.51001,5.420000076,8.140000343,329,0.01,1714821632,1714871552,0.875,,,0.5,5,0,23826.23047,4,,,,,0,0.925548434,193.8000031,,,,,,,,,,,,
11354322955,"May 7, 2024, 4:31:13 PM",Lunch Walk,Walk,,1893,1.53,,,FALSE,Jefferson-Cherokee loop ,,activities/11354322955.gpx,,,1893,1805,1533.359985,4.313333035,0.849506915,3.911463737,3.911463737,287.7999878,291.7999878,6.006030083,0,,,,,,,,,192.2781677,,,,,,,,,3,,,,,0,15,0,,1,,1715097600,1,21.55999947,21.67000008,14.53999996,0.639999986,1001.98999,4.690000057,9.06000042,244,0,1715080576,1715130880,0.875,,,0.670000017,5,0,26478.49023,6,,,,,0,0.810015857,182.5,,,,,,,,,,,,
11371330942,"May 9, 2024, 5:20:18 PM",Lunch Walk,Walk,,1317,1.03,,,FALSE,Palluccas ,,activities/11371330942.gpx,,,1317,1240,1038.910034,3.326000929,0.837830663,0,0,290.3999939,292,1.542019963,0,,,,,,,,,130.2758179,,,,,,,,,4,,,,,0,13,0,,1,,1715273984,2,21.90999985,21.31999969,10.56000042,0.49000001,1012.539978,3.829999924,7.170000076,324,0,1715253248,1715303808,0.125,,,0,1,0.400000006,36105.91016,6,,,,,0,0.788845897,0,,,,,,,,,,,,
11374012339,"May 9, 2024, 9:42:13 PM",Evening Walk,Walk,,16549,1.44,,,FALSE,Shooters ,,activities/11374012339.gpx,,,16549,1707,1445.859985,5.009997368,0.847018123,0,0,290.3999939,292.2999878,4.322764874,-0.006916299,,,,,,,,,181.305954,,,,,,,,,3,,,,,0,14,0,,1,,1715288448,1,24.70999908,24.32999992,12.14000034,0.449999988,1011.830017,4.21999979,8.300000191,327,0,1715253248,1715303808,0.125,,,0,1,0,36728.26953,5,,,,,0,0.087368421,0,,,,,,,,,,,,
11388850310,"May 11, 2024, 8:04:29 PM",Afternoon Commute,Ride,,10382,1.2,,,FALSE,Shooters ,,activities/11388850310.gpx,,,10382,545,1203.52002,4.092004299,2.208293676,0,0,290.3999939,292,1.589824915,-0.00830896,,,,,,,,50.93437958,30.95154953,,,,,,,,,3,,,,,0,4,0,,1,,1715457536,3,25.86000061,25.11000061,10.18000031,0.370000005,1013.700012,1.190000057,4.019999981,296,0,1715425920,1715476736,0.125,,,0,1,1,38533.78906,6,,,,,0,0.115923718,0,,,,,,,,,,,,
11395641781,"May 12, 2024, 5:20:43 PM",Lunch Walk,Walk,,1727,1.47,,,FALSE,Jefferson-Cherokee loop ,,activities/11395641781.gpx,,,1727,1690,1475.339966,3.134000063,0.872982204,3.908801556,3.908801556,287.7999878,291.7999878,5.882363319,0,,,,,,,,,185.002655,,,,,,,,,3,,,,,0,14,0,,1,,1715533184,2,24.25,24.56999969,15.38000011,0.579999983,1011.47998,3.079999924,5.78000021,188,0.230000004,1715512320,1715563136,0.125,,,0.449999988,5,0.5,26498.28906,5,,,,,0,0.854279101,191.1999969,,,,,,,,,,,,
11397052835,"May 12, 2024, 10:38:07 PM",Afternoon Walk,Walk,,872,0.69,,,FALSE,Church loop ,,activities/11397052835.gpx,,,872,820,695.2000122,9.725999832,0.847804904,0,0,290.3999939,291.7999878,1.536099553,-0.043153048,,,,,,,,,87.17573547,,,,,,,,,3,,,,,0,6,0,,1,,1715551232,3,24.29000092,24.56999969,15.22000027,0.569999993,1007.849976,4.329999924,7.449999809,179,0.029999999,1715512320,1715563136,0.125,,,0.460000008,5,1,30495.30078,2,,,,,0,0.797247708,0,,,,,,,,,,,,
11402002216,"May 13, 2024, 4:47:44 PM",Lunch Walk,Walk,,1816,1.47,,,FALSE,Jefferson-Cherokee loop ,,activities/11402002216.gpx,,,1816,1760,1469.26001,2.307983398,0.8348068,3.915371656,3.915371656,287.7999878,291.7999878,5.610094547,0,,,,,,,,,184.2402496,,,,,,,,,3,,,,,0,14,0,,1,,1715616000,3,17.45000076,17.60000038,14.85999966,0.850000024,1007.349976,3.910000086,6.019999981,207,2.099999905,1715598720,1715649664,0.125,,,0.829999983,5,1,10716.7998,3,,,,,0,0.809063911,193.1000061,,,,,,,,,,,,
11412232400,"May 14, 2024, 8:32:06 PM",Afternoon Walk,Walk,,6796,1.35,,,FALSE,Shooters ,,activities/11412232400.gpx,,,6796,1557,1349.180054,6.259997368,0.866525412,0,0,290.3999939,292,4.243277073,0,,,,,,,,,169.1826172,,,,,,,,,3,,,,,0,12,0,,1,,1715716864,1,22.05999947,21.95000076,13.39000034,0.579999983,1006.190002,5.630000114,9.43999958,343,0.119999997,1715684992,1715736064,0.125,,,0.439999998,5,0,21122.83984,5,,,,,0,0.198525608,0,,,,,,,,,,,,
11433228828,"May 17, 2024, 5:24:49 PM",Lunch Walk,Walk,,1833,1.49,,,FALSE,Jefferson-Cherokee loop ,,activities/11433228828.gpx,,,1833,1796,1496.310059,2.339999914,0.83313477,3.917570591,3.917570591,287.7999878,291.7999878,5.908402443,0,,,,,,,,,187.6322327,,,,,,,,,3,,,,,0,14,0,,1,,1715965184,1,23.78000069,24.40999985,16.68000031,0.649999976,1008.349976,1.519999981,3.039999962,232,0.01,1715944064,1715995392,0.375,,,0.189999998,5,0,21924.01953,7,,,,,0,0.816317558,192,,,,,,,,,,,,
11434904291,"May 17, 2024, 9:24:09 PM",Afternoon Commute,Ride,,9180,1.15,,,FALSE,Shooters ,,activities/11434904291.gpx,,,9180,534,1151.98999,3.754004002,2.157284737,0,0,290.3999939,292,1.515725732,0,,,,,,,,65.88018799,39.22572327,,,,,,,,,3,,,,,0,4,0,,1,,1715979648,1,26.62000084,27.65999985,17.79000092,0.579999983,1006.5,1.409999967,3.25,179,0.02,1715944064,1715995392,0.375,,,0.140000001,5,0,29325.07031,4,,,,,0,0.125489101,0,,,,,,,,,,,,
11442779052,"May 18, 2024, 9:23:06 PM",Afternoon Commute,Ride,,6402,1.16,,,FALSE,Shooters ,,activities/11442779052.gpx,,,6402,593,1165.5,4.53467226,1.965430021,0,0,290.3999939,292,1.865671396,0,,,,,,,,56.21710968,37.17047119,,,,,,,,,3,,,,,0,4,0,,1,,1716066048,1,29.10000038,30.22999954,17.76000023,0.5,1010.179993,2.579999924,3.940000057,204,0,1716030464,1716081920,0.375,,,0,1,0,32454.81055,6,,,,,0,0.182052478,0,,,,,,,,,,,,
11450454733,"May 19, 2024, 6:51:27 PM",Afternoon Walk,Walk,,1828,1.44,,,FALSE,Jefferson-Cherokee loop ,,,,,1828,1828,1448.400024,,0.792341352,0,,,,,0,,,,,,,,,181.6244659,,,,,,,,,3,,,,,0,15,0,,0,,,,,,,,,,,,,,,,,,,,,,,,,,,0,0.792341352,0,,,,,,,,,,,,
11475134564,"May 22, 2024, 9:39:00 PM",Afternoon Commute,Ride,,8298,2.35,,,FALSE,Shooters and Wiseman's,,activities/11475134564.gpx,,,8298,915,2357.919922,5.434008598,2.576961756,3.732380867,3.732380867,287.5,292,2.631545067,0,,,,,,,,66.88415527,68.23688507,,,,,,,,,3,,,,,0,7,0,,1,,1716411648,3,23.54000092,23.57999992,14.18000031,0.560000002,1012.219971,2.690000057,5.380000114,51,0,1716375808,1716427648,0.375,,,0.360000014,5,1,28700.71094,5,,,,,0,0.28415522,0,,,,,,,,,,,,
11596674378,"Jun 7, 2024, 3:48:22 PM",Morning Walk,Walk,,825,0.62,,,FALSE,Church loop ,,activities/11596674378.gpx,,,825,766,620.1699829,1.67666626,0.809621394,0,0,290.3999939,291.7000122,1.49925077,0,,,,,,,,,77.76721954,,,,,,,,,3,,,,,0,6,0,,1,,1717772416,1,24.87000084,25.86000061,17.84000015,0.649999976,1014.780029,2.319999933,4.210000038,164,0,1717757824,1717810688,0.125,,,0.379999995,5,0,26396.41016,5,,,,,0,0.751721203,0,,,,,,,,,,,,
11598269264,"Jun 7, 2024, 8:00:42 PM",Afternoon Walk,Walk,,874,0.64,,,FALSE,Church loop ,,activities/11598269264.gpx,,,874,852,644.2700195,7.682499886,0.756185472,0,0,290.3999939,291.7000122,2.945507765,0,,,,,,,,,80.78928375,,,,,,,,,3,,,,,0,7,0,,1,,1717790464,1,30.45000076,31.75,18.04999924,0.479999989,1011.47998,4.980000019,8.109999657,180,0,1717757824,1717810688,0.125,,,0.519999981,5,0.01,36914.14844,6,,,,,0,0.737151027,0,,,,,,,,,,,,
11604041008,"Jun 8, 2024, 1:57:07 PM",Morning Commute,Ride,,1834,2.04,,,FALSE,Raider Express ,,activities/11604041008.gpx,,,1834,1261,2041.76001,4.535498142,1.61915946,0,0,290.3999939,292,1.912962794,0,,,,,,,,118.77948,167.005722,,,,,,,,,3,,,,,0,10,0,,1,,1717851648,3,22.84000015,24.39999962,19.98999977,0.839999974,1007.590027,5.699999809,11.34000015,206,0.119999997,1717844224,1717897088,0.125,,,0.610000014,5,1,22088.65039,1,,,,,0,1.113282442,0,,,,,,,,,,,,
11606390165,"Jun 8, 2024, 6:03:57 PM",Afternoon Commute,Ride,,5722,1.59,,,FALSE,Shooters and Raider Express ,,activities/11606390165.gpx,,,5722,1085,1596.829956,4.243994236,1.471732736,0,0,290.3999939,292,1.575423479,0,,,,,,,,43.29814911,52.38101959,,,,,,,,,3,,,,,0,9,0,,1,,1717869568,3,30.20999908,33.90000153,23.26000023,0.660000026,1007.369995,5.710000038,8.81000042,222,0,1717844224,1717897088,0.125,,,0.579999983,5,1,25719.58984,6,,,,,0,0.2790685,0,,,,,,,,,,,,
11636838597,"Jun 12, 2024, 5:11:31 PM",Lunch Walk,Walk,,814,0.63,,,FALSE, Church loop ,,activities/11636838597.gpx,,,814,750,629.2800293,3.611999989,0.839040041,0,0,290.3999939,291.7000122,1.631321073,0,,,,,,,,,78.90959167,,,,,,,,,3,,,,,0,6,0,,1,,1718211584,1,27.75,29.20000076,18.86000061,0.579999983,1015.109985,3.799999952,6.420000076,206,0,1718189824,1718242816,0.125,,,0,1,0,31220.5,9,,,,,0,0.773071289,0,,,,,,,,,,,,
11638551352,"Jun 12, 2024, 8:56:13 PM",Afternoon Walk,Walk,,1008,0.66,,,FALSE,Church loop ,,activities/11638551352.gpx,,,1008,844,664.3499756,3.478997707,0.787144542,0,0,290.3999939,291.7999878,1.519756436,0,,,,,,,,,83.30724335,,,,,,,,,3,,,,,0,7,0,,1,,1718222336,1,30.20999908,31.89999962,19.07999992,0.50999999,1013.26001,4.429999828,7.429999828,197,0,1718189824,1718242816,0.125,,,0,1,0,33915.62891,8,,,,,0,0.659077346,0,,,,,,,,,,,,
11643132767,"Jun 13, 2024, 1:32:42 PM",Morning Walk,Walk,,835,0.6,,,FALSE,Church loop ,,activities/11643132767.gpx,,,835,776,601.210022,1.567999244,0.77475518,0,0,290.3999939,291.7999878,1.592357039,0,,,,,,,,,75.38970947,,,,,,,,,3,,,,,0,6,0,,1,,1718283648,1,21.96999931,23.04999924,18.52000046,0.810000002,1012.72998,4.849999905,10.36999989,210,0,1718276224,1718329216,0.125,,,0,1,0,23605.30078,1,,,,,0,0.720012009,0,,,,,,,,,,,,
11645626460,"Jun 13, 2024, 6:55:25 PM",Lunch Walk,Walk,,1080,0.67,,,FALSE,Church loop ,,activities/11645626460.gpx,,,1080,884,672,2.490002394,0.76018101,0,0,290.3999939,291.7999878,2.967359066,0,,,,,,,,,84.2665329,,,,,,,,,3,,,,,0,7,0,,1,,1718301568,1,30.64999962,33.79999924,22.14999962,0.610000014,1012.099976,6.429999828,10.23999977,214,0,1718276224,1718329216,0.125,,,0,1,0,30243.85938,10,,,,,0,0.622222245,0,,,,,,,,,,,,
11658246130,"Jun 15, 2024, 1:55:02 PM",Morning Walk,Walk,,843,0.63,,,FALSE,Church loop ,,activities/11658246130.gpx,,,843,808,631.9299927,2.565000057,0.782091558,0,0,290.3999939,291.7000122,1.582276702,0,,,,,,,,,79.24188995,,,,,,,,,3,,,,,0,6,0,,1,,1718456448,1,24.80999947,27.10000038,21.57999992,0.819999993,1013.840027,3.599999905,6.730000019,164,0.039999999,1718449024,1718502144,0.375,,,0.529999971,5,0.370000005,23385.13086,1,,,,,0,0.749620378,0,,,,,,,,,,,,
11675670105,"Jun 17, 2024, 6:14:51 PM",Lunch Walk,Walk,,3614,1.6,,,FALSE,Shooters ,,activities/11675670105.gpx,,,3614,1621,1606.119995,12.58214474,0.990820467,0,0,290.3999939,292.1000061,2.881868601,0,,,,,,,,,201.4020233,,,,,,,,,3,,,,,0,13,0,,1,,1718647168,8,31.37999916,34.81000137,22.52000046,0.589999974,1009.969971,7.21999979,11.98999977,189,0,1718621824,1718674944,0.375,,,0.49000001,5,0.090000004,31829.56055,9,,,,,0,0.444416165,0,,,,,,,,,,,,
11707440240,"Jun 21, 2024, 9:22:56 PM",Afternoon Commute,Ride,,1341,1.36,,,FALSE,Raider Express ,,activities/11707440240.gpx,,,1341,606,1359.400024,5.073998928,2.243234396,0,0,290.3999939,292.2999878,2.94118166,0,,,,,,,,58.20224762,39.32667923,,,,,,,,,3,,,,,0,5,0,,1,,1719003648,3,32.61000061,35.40999985,21.07999992,0.50999999,1018.159973,4.139999866,7.440000057,191,0.01,1718967552,1719020544,0.375,,,0.519999981,5,1,29644.2207,6,,,,,0,1.013721108,0,,,,,,,,,,,,
11722409926,"Jun 23, 2024, 5:12:41 PM",Lunch Commute,Ride,,2146,1.81,,,FALSE,Raider Express and Wiseman's,,activities/11722409926.gpx,,,2146,904,1809.52002,6.054003716,2.001681328,0,0,290.2999878,292,3.144600868,0,,,,,,,,55.4528923,55.89429474,,,,,,,,,3,,,,,0,7,0,,1,,1719161984,1,30.42000008,33.15999985,21.38999939,0.589999974,1012.719971,2.539999962,3.960000038,42,0,1719140352,1719193472,0.625,,,0,1,0,30579.31055,9,,,,,0,0.843205988,0,,,,,,,,,,,,
11724046979,"Jun 23, 2024, 11:11:00 PM",Afternoon Commute,Ride,,1517,1.29,,,FALSE,Raider Express ,,activities/11724046979.gpx,,,1517,537,1294.969971,10.69999695,2.411489725,0,0,290.3999939,292,1.723394632,-0.007722187,,,,,,,,62.70228577,37.54330826,,,,,,,,,3,,,,,0,4,0,,1,,1719183616,2,33.84999847,36.20999908,19.96999931,0.439999998,1010.369995,1.970000029,3.369999886,84,0,1719140352,1719193472,0.625,,,0,1,0.49000001,37345.55078,2,,,,,0,0.853638768,0,,,,,,,,,,,,
11731622921,"Jun 24, 2024, 9:55:31 PM",Afternoon Commute,Ride,,5546,1.28,,,FALSE,Raider Express ,,activities/11731622921.gpx,,,5546,686,1284.5,4.684008598,1.872448921,0,0,290.3999939,292.2999878,1.996677041,0,,,,,,,,63.17167664,48.31938553,,,,,,,,,3,,,,,0,5,0,,1,,1719262848,1,36.95999908,40.50999832,21.45999908,0.409999996,1009.51001,6.489999771,11.31999969,200,0,1719226752,1719279872,0.625,,,0,1,0,39208.64844,7,,,,,0,0.231608361,0,,,,,,,,,,,,
11735837078,"Jun 25, 2024, 1:12:47 PM",Morning Commute,Ride,,1608,2.32,,,FALSE,Raider Express and high school loop ,,activities/11735837078.gpx,,,1608,965,2323.820068,6.764996529,2.408103704,2.022058725,2.022058725,289.2999878,292,3.246756792,0,,,,,,,,53.85222244,57.94364548,,,,,,,,,3,,,,,0,8,0,,1,,1719320448,1,26.78000069,29.45000076,22.04999924,0.75,1011.419983,5.019999981,11.47999954,207,0,1719313152,1719366272,0.625,,,0.529999971,5,0,25876.48047,1,,,,,0,1.4451617,0,,,,,,,,,,,,
11752196466,"Jun 27, 2024, 1:27:36 PM",Morning Commute,Ride,,1097,2.9,,,FALSE,Wright St loop ,,activities/11752196466.gpx,,,1097,1040,2901.459961,4.903954983,2.789865255,5.645454407,5.645454407,288.3999939,292,2.703912973,0,,,,,,,,38.47802353,44.61911392,,,,,,,,,3,,,,,0,8,0,,1,,1719493248,1,22.19000053,23.52000046,19.37999916,0.839999974,1014.049988,2.130000114,4.230000019,82,0,1719485952,1719539072,0.625,,,0,1,0,21112.14063,1,,,,,0,2.644904137,68.40000153,,,,,,,,,,,,
11755803194,"Jun 27, 2024, 9:55:37 PM",Afternoon Commute,Ride,,3977,1.22,,,FALSE,Shooters and Raider Express ,,activities/11755803194.gpx,,,3977,728,1225.599976,3.656005859,1.683516502,0,0,290.2999878,291.8999939,1.345894933,0.008159269,,,,,,,,61.18686295,49.66659927,,,,,,,,,3,,,,,0,6,0,,1,,1719522048,1,31.70000076,33.15999985,18.30999947,0.449999988,1009.820007,3.690000057,6.440000057,133,0,1719485952,1719539072,0.625,,,0,1,0,37963.57813,6,,,,,0,0.308171988,0,,,,,,,,,,,,
11759643417,"Jun 28, 2024, 1:16:43 PM",Morning Commute,Ride,,1084,2.87,,,FALSE,Wright St loop ,,activities/11759643417.gpx,,,1084,1031,2875.600098,4.778027534,2.789136887,5.638885021,5.638885021,288.3999939,292,2.557562351,0,,,,,,,,40.25657654,46.27755356,,,,,,,,,3,,,,,0,8,0,,1,,1719579648,3,22.62000084,23.68000031,18.35000038,0.769999981,1008.380005,5.059999943,11.56000042,178,0.07,1719572480,1719625472,0.625,,,0.409999996,5,1,24353.68945,1,,,,,0,2.652767658,69.5,,,,,,,,,,,,
11786097612,"Jul 1, 2024, 8:44:20 PM",Afternoon Commute,Ride,,10755,1.17,,,FALSE,Shooters ,,activities/11786097612.gpx,,,10755,583,1172.810059,4.477000237,2.01168108,0,0,290.2999878,291.8999939,1.560061455,0.00852653,,,,,,,,49.07826233,31.90307808,,,,,,,,,3,,,,,0,4,0,,1,,1719864064,3,32.79999924,38.84000015,26.06999969,0.680000007,1014.409973,4.039999962,6.980000019,128,0.400000006,1719831680,1719884672,0.875,,,0.519999981,5,0.99000001,23995.07031,8,,,,,0,0.10904789,0,,,,,,,,,,,,
11817208472,"Jul 5, 2024, 9:20:13 PM",Afternoon Commute,Ride,,1046,1.37,,,FALSE,Raider Express ,,activities/11817208472.gpx,,,1046,644,1371.619995,11.8818779,2.129844666,0,0,290.3999939,292.2999878,3.322248459,0,,,,,,,,67.08763123,48.17294693,,,,,,,,,3,,,,,0,5,0,,1,,1720213248,3,29.19000053,29.88999939,16.44000053,0.460000008,1014.570007,4.940000057,8.56000042,328,0,1720177408,1720230144,0.875,,,0.159999996,5,0.850000024,38871.85156,5,,,,,0,1.311300159,0,,,,,,,,,,,,
11839287430,"Jul 8, 2024, 3:18:21 PM",Morning Commute,Ride,,7352,7.94,,,FALSE,"CHC-SEK, Walmart and Starbucks ",,activities/11839287430.gpx,,,7352,3395,7940.200195,6.097499847,2.338792324,13.50168228,13.50168228,285.8999939,292.2000122,5.34181881,-0.001259414,,,,,,,,72.72779083,275.305603,,,,,,,,,3,,,,,0,28,0,,1,,1720450816,1,25.19000053,27.36000061,21.20000076,0.790000021,1015.190002,0.819999993,1.580000043,340,0,1720436736,1720489344,0.125,,,0.529999971,5,0.050000001,24893.10938,3,,,,,0,1.080005527,437,,,,,,,,,,,,
11854529550,"Jul 10, 2024, 1:49:02 PM",Morning Commute,Ride,,1746,3.35,,,FALSE,"Raider Express,  high school and Wright St loop ",,activities/11854529550.gpx,,,1746,1098,3352.300049,10.53199482,3.053096533,4.610663891,4.610663891,289,292,2.806376457,0,,,,,,,,46.00584793,56.32357788,,,,,,,,,3,,,,,0,9,0,,1,,1720616448,1,21.15999985,22.13999939,18.27000046,0.839999974,1016.200012,1.940000057,4.21999979,243,0,1720609664,1720662144,0.125,,,0,1,0,22220.49023,1,,,,,0,1.919988632,65.69999695,,,,,,,,,,,,
11857963666,"Jul 10, 2024, 10:03:05 PM",Afternoon Commute,Ride,,2009,2.3,,,FALSE,Raider Express and high school loop ,,activities/11857963666.gpx,,,2009,887,2308.790039,4.659985542,2.602920055,2.020242929,2.020242929,289.3999939,292.1000061,3.108800411,0,,,,,,,,45.48257828,44.98249435,,,,,,,,,3,,,,,0,7,0,,1,,1720648832,1,31.81999969,34.45000076,17.70000076,0.430000007,1014.119995,1.649999976,3.559999943,274,0,1720609664,1720662144,0.125,,,0,1,0,40098.14844,4,,,,,0,1.149223566,0,,,,,,,,,,,,
11862683347,"Jul 11, 2024, 2:11:21 PM",Morning Commute,Ride,,1090,3.08,,,FALSE,High school and Wright St loop ,,activities/11862683347.gpx,,,1090,1070,3086.300049,5.528027534,2.8843925,4.623618603,4.623618603,289,292,2.652506113,-0.003240126,,,,,,,,33.90251541,40.44739532,,,,,,,,,3,,,,,0,8,0,,1,,1720706432,1,24.76000023,27.04000092,19.80999947,0.74000001,1016.659973,2.180000067,5.110000134,173,0.01,1720696064,1720748416,0.125,,,0.519999981,5,0.209999993,26519.88086,2,,,,,0,2.831467867,66.69999695,,,,,,,,,,,,
11881812813,"Jul 13, 2024, 11:19:01 PM",Afternoon Commute,Ride,,4314,1.42,,,FALSE,Shooters and Raider Express ,,activities/11881812813.gpx,,,4314,1053,1421.199951,4.25,1.349667549,0,0,290.3999939,291.8999939,1.196172118,0,,,,,,,,50.97822571,59.85328293,,,,,,,,,3,,,,,0,8,0,,1,,1720911616,1,33.02999878,34.56999969,22.48999977,0.540000021,1015.98999,5.349999905,9.649999619,200,0,1720868992,1720921216,0.125,,,0.660000026,5,0,32237.21094,2,,,,,0,0.329439014,0,,,,,,,,,,,,
11890011398,"Jul 14, 2024, 10:04:32 PM",Afternoon Commute,Ride,,1669,2.34,,,FALSE,Raider Express and Jefferson loop ,,activities/11890011398.gpx,,,1669,888,2348.909912,6.449996948,2.645168781,2.040598392,2.040598392,289.2999878,291.8999939,2.232132196,-0.004257294,,,,,,,,47.30657578,46.83918762,,,,,,,,,3,,,,,0,7,0,,1,,1720994432,1,34.63999939,36.29000092,23.03000069,0.50999999,1012.890015,6.070000172,9.93999958,205,0,1720955392,1721007616,0.25,,,0,1,0,35088.67969,4,,,,,0,1.407375574,0,,,,,,,,,,,,
11893480272,"Jul 15, 2024, 12:40:07 PM",Morning Commute,Ride,,1257,3.78,,,FALSE,Kennedy St loop ,,activities/11893480272.gpx,,,1257,1240,3782.550049,4.847998142,3.050443649,5.385000229,5.385000229,286.5,292,3.030314207,0,,,,,,,,41.32425308,57.13491058,,,,,,,,,3,,,,,0,10,0,,1,,1721044736,1,24.64999962,24.65999985,21.56999969,0.829999983,1012.690002,4.78000021,9.579999924,201,0,1721041792,1721094016,0.375,,,0,1,0,21185.03906,0,,,,,0,3.009188652,349.7999878,,,,,,,,,,,,
11897220347,"Jul 15, 2024, 9:36:24 PM",Afternoon Commute,Ride,,1823,1.29,,,FALSE,Raider Express ,,activities/11897220347.gpx,,,1823,578,1298.52002,4.480004787,2.246574402,0,0,290.3999939,291.8999939,1.662510514,-0.007701075,,,,,,,,61.70881271,39.76947784,,,,,,,,,3,,,,,0,4,0,,1,,1721077248,8,36.43999863,38.13000107,23.31999969,0.469999999,1008.409973,7.130000114,11.89999962,210,0,1721041792,1721094016,0.375,,,0,1,0,33181.03125,7,,,,,0,0.712298393,0,,,,,,,,,,,,
11901372920,"Jul 16, 2024, 11:44:52 AM",Morning Commute,Ride,,2412,4.62,,,FALSE,"Raider Express, high school and Medical lodges loop",,activities/11901372920.gpx,,,2412,1537,4622.97998,6.823998928,3.00779438,6.668278694,6.668278694,289,292,3.220632076,0,,,,,,,,39.95984268,68.48138428,,,,,,,,,3,,,,,0,12,0,,1,,1721127552,5,25.09000015,24.69000053,21.39999962,0.800000012,1009.26001,5.079999924,10.05000019,204,0.050000001,1721128320,1721180288,0.375,,,0.529999971,5,1,22368.48047,0,,,,,0,1.916658401,283.2000122,,,,,,,,,,,,
11919704617,"Jul 18, 2024, 2:07:36 PM",Morning Commute,Ride,,1825,5.63,,,FALSE,High school and Hillcrest loop,,activities/11919704617.gpx,,,1825,1776,5629.240234,11.08733368,3.169617176,10.43883038,10.43883038,286,292,3.164522648,0,,,,,,,,38.24765778,75.7395401,,,,,,,,,3,,,,,0,14,0,,1,,1721311232,1,21.92000008,23.70999908,17.5,0.75999999,1021.340027,3.279999971,6.159999847,62,0,1721301120,1721353088,0.375,,,0,1,0,26758.78906,2,,,,,0,3.084515095,279.3999939,,,,,,,,,,,,
11922858691,"Jul 18, 2024, 9:28:03 PM",Afternoon Commute,Ride,,1663,2.28,,,FALSE,"Raider Express, high school and Jefferson loop ",,activities/11922858691.gpx,,,1663,878,2285.429932,5.766003609,2.602995396,0,0,289.3999939,291.8999939,2.967345476,0.004375544,,,,,,,,38.02405167,37.22440338,,,,,,,,,3,,,,,0,7,0,,1,,1721336448,3,28.87999916,27.32999992,15.77000046,0.449999988,1019.369995,4.159999847,6.929999828,31,0,1721301120,1721353088,0.375,,,0,1,1,38488.10156,5,,,,,0,1.374281406,0,,,,,,,,,,,,
11935585421,"Jul 20, 2024, 12:53:56 PM",Morning Commute,Ride,,2947,5.29,,,FALSE,"Raider Express, high school and Kennedy loop ",,activities/11935585421.gpx,,,2947,1855,5293.27002,5.205001831,2.85351491,9.979600906,9.979600906,286.5,292,2.938307047,-0.001889191,,,,,,,,40.27069092,83.2928772,,,,,,,,,3,,,,,0,15,0,,1,,1721476864,3,17.23999977,17.36000061,14.88000011,0.860000014,1018.22998,1.74000001,4.110000134,143,0,1721474048,1721525760,0.375,,,0.219999999,5,1,23434.44922,0,,,,,0,1.796155453,290.3999939,,,,,,,,,,,,
11960659591,"Jul 23, 2024, 1:52:29 PM",Morning Commute,Ride,,1759,5.55,,,FALSE,High school and Hillcrest loop,,activities/11960659591.gpx,,,1759,1682,5557.160156,5.697998047,3.303900242,10.40925503,10.40925503,286,292,3.240185976,0,,,,,,,,37.08224487,69.54515839,,,,,,,,,3,,,,,0,14,0,,1,,1721739648,1,20.39999962,23.94000053,18.15999985,0.870000005,1017.590027,0.680000007,1.50999999,97,0,1721733376,1721784832,0.625,,,0.419999987,5,0,19671.93945,1,,,,,0,3.159272432,288.2000122,,,,,,,,,,,,
11964238707,"Jul 23, 2024, 9:21:48 PM",Afternoon Commute,Ride,,1686,2.35,,,FALSE,"Raider Express, high school and Jefferson loop ",,activities/11964238707.gpx,,,1686,856,2349.439941,14.38200665,2.744672775,2.049999952,2.049999952,289.2999878,291.8999939,2.566282034,0,,,,,,,,44.67338181,42.63806152,,,,,,,,,3,,,,,0,7,0,,1,,1721768448,1,30.62000084,33.50999832,19.02000046,0.5,1016.02002,1.210000038,3.50999999,65,0.039999999,1721733376,1721784832,0.625,,,0.079999998,5,0,37741.41016,5,,,,,0,1.393499374,0,,,,,,,,,,,,
11978095564,"Jul 25, 2024, 2:05:52 PM",Morning Commute,Ride,,1900,5.56,,,FALSE,High school and Hillcrest loop ,,activities/11978095564.gpx,,,1900,1736,5567.180176,5.058007717,3.206901073,10.42589283,11.07883358,286,292,3.417662382,0,,,,,,,,35.82899475,69.35204315,,,,,,,,,3,,,,,0,14,0,,1,,1721916032,1,25.67000008,29.11000061,20.46999931,0.730000019,1020.830017,1.379999995,2.859999895,198,0,1721906304,1721957504,0.625,,,0.479999989,5,0,25869.48047,2,,,,,0,2.930094719,282.7000122,,,,,,,,,,,,
11986077990,"Jul 26, 2024, 1:54:01 PM",Morning Commute,Ride,,1068,3.09,,,FALSE,High school and Wright St loop ,,activities/11986077990.gpx,,,1068,1045,3089.709961,5.239990234,2.956660271,4.613194466,4.613194466,289,292,2.691785336,0,,,,,,,,37.67749023,43.90087128,,,,,,,,,3,,,,,0,8,0,,1,,1721998848,1,22.84000015,25.80999947,20.18000031,0.850000024,1018.400024,1.700000048,3.599999905,180,0,1721992704,1722043904,0.625,,,0.529999971,5,0,22795.49023,1,,,,,0,2.892986774,68.09999847,,,,,,,,,,,,
12003011805,"Jul 28, 2024, 1:52:18 PM",Morning Commute,Ride,,2926,3.16,,,FALSE,"Raider Express, high school and Wright St loop ",,activities/12003011805.gpx,,,2926,1049,3165.389893,5.169837475,3.017530918,4.613398552,4.613398552,289,292,2.518890858,0,,,,,,,,37.16691971,43.47172928,,,,,,,,,3,,,,,0,8,0,,1,,1722171648,1,23.31999969,24.06999969,21.03000069,0.870000005,1014.409973,4.940000057,10.60999966,194,0,1722165632,1722216576,0.75,,,0.140000001,5,0,21499.53906,1,,,,,0,1.081814766,68.69999695,,,,,,,,,,,,
12009952327,"Jul 29, 2024, 12:45:36 PM",Morning Commute,Ride,,1612,5.03,,,FALSE,High school and Kennedy St loop ,,activities/12009952327.gpx,,,1612,1558,5038.970215,5.193994045,3.234255552,9.976088524,9.976088524,286.5,292,3.35851264,0,,,,,,,,38.20388794,66.36664581,,,,,,,,,3,,,,,0,12,0,,1,,1722254336,1,24.47999954,23.51000023,21.40999985,0.829999983,1011.690002,6.550000191,14.06000042,208,0,1722252032,1722302976,0.875,,,0,1,0,22273.03906,0,,,,,0,3.125911951,283.1000061,,,,,,,,,,,,
12013661925,"Jul 29, 2024, 9:08:54 PM",Afternoon Commute,Ride,,2336,2.24,,,FALSE,Shooters and Jefferson loop ,,activities/12013661925.gpx,,,2336,914,2248.550049,6.191992283,2.46012044,2.043319941,2.043319941,289.2999878,291.8999939,2.68458128,0,,,,,,,,51.64556503,52.63251495,,,,,,,,,3,,,,,0,7,0,,1,,1722286848,8,35.15999985,36.84000015,24.13999939,0.529999971,1009.72998,6.920000076,11.22000027,216,0,1722252032,1722302976,0.875,,,0.400000006,5,0,32196.17969,6,,,,,0,0.96256423,0,,,,,,,,,,,,
12018896030,"Jul 30, 2024, 1:37:54 PM",Morning Commute,Ride,,1616,5.06,,,FALSE,High school and Kennedy St loop ,,activities/12018896030.gpx,,,1616,1579,5061.689941,5.363965034,3.205630064,9.958447456,9.958447456,286.5,292,3.289431334,0,,,,,,,,38.82229996,68.34996033,,,,,,,,,3,,,,,0,13,0,,1,,1722344448,1,26.39999962,27.37000084,22.67000008,0.800000012,1012.23999,5.460000038,11.82999992,201,0,1722338560,1722389248,0.875,,,0.529999971,5,0,23559.96094,1,,,,,0,3.132233858,284.3999939,,,,,,,,,,,,
12022653911,"Jul 30, 2024, 10:07:50 PM",Afternoon Commute,Ride,,1606,2.37,,,FALSE,"Raider Express,  high school and Jefferson loop ",,activities/12022653911.gpx,,,1606,893,2375.600098,5.855712891,2.660246372,2.043750048,2.043750048,289.3999939,291.8999939,3.203832626,0,,,,,,,,48.04199219,47.83517075,,,,,,,,,3,,,,,0,7,0,,1,,1722376832,8,34.58000183,36.20999908,23.61000061,0.529999971,1008.51001,6.809999943,11.82999992,203,0,1722338560,1722389248,0.875,,,0,1,0,34345.19922,3,,,,,0,1.479203105,0,,,,,,,,,,,,
12027391983,"Jul 31, 2024, 12:19:07 PM",Morning Commute,Ride,,4745,7.35,,,FALSE,Walmart and Starbucks ,,activities/12027391983.gpx,,,4745,2661,7349.339844,5.471972466,2.761871338,15.95635605,15.95635605,285.8999939,292,3.705446005,0,,,,,,,,47.71440887,141.5693665,,,,,,,,,3,,,,,0,22,0,,1,,1722427136,1,25.19000053,24.77000046,21.70000076,0.810000002,1012.090027,5.230000019,10.67000008,199,0,1722424960,1722475648,0.875,,,0,1,0.02,22155.44922,0,,,,,0,1.548859835,270.5,,,,,,,,,,,,
12055792703,"Aug 3, 2024, 8:50:20 PM",Afternoon Commute,Ride,,10088,3.07,,,FALSE,Shooters and Jefferson loop ,,activities/12055792703.gpx,,,10088,1061,3076.040039,5.113965034,2.899189472,4.621520519,4.621520519,289,292,3.167061329,0,,,,,,,,38.39882278,45.42638397,,,,,,,,,3,,,,,0,8,0,,1,,1722715136,3,34.00999832,33.77999878,18.51000023,0.400000006,1014.909973,2.529999971,3.869999886,53,0,1722684288,1722734592,0.875,,,0,1,0.99000001,41865.58984,7,,,,,0,0.304920703,61.90000153,,,,,,,,,,,,
12061228285,"Aug 4, 2024, 2:18:20 PM",Morning Commute,Ride,,1700,2.64,,,FALSE,Raider Express and Jefferson loop ,,activities/12061228285.gpx,,,1700,991,2645.959961,10.02888966,2.669989824,4.025187969,4.03015852,289.3999939,292.5,5.698089123,-0.003779347,,,,,,,,45.15819931,49.89822769,,,,,,,,,3,,,,,0,8,0,,1,,1722780032,1,25.98999977,29.27000046,19.86000061,0.689999998,1016.25,1.470000029,3.319999933,171,0,1722770816,1722820992,0,,,0,1,0,26826.33984,2,,,,,0,1.556447029,0,,,,,,,,,,,,
12068493653,"Aug 5, 2024, 1:25:18 PM",Morning Commute,Ride,,1618,5.19,,,FALSE,High school and Valley View loop ,,activities/12068493653.gpx,,,1618,1582,5191.709961,5.551953316,3.281738281,10.44480419,10.44480419,286,292,3.601987362,0,,,,,,,,39.78892136,70.18487549,,,,,,,,,3,,,,,0,13,0,,1,,1722862848,1,23.77000046,25.54999924,19.06999969,0.75,1017.049988,2.950000048,6.190000057,188,0,1722857216,1722907264,0.125,,,0,1,0,25538.86914,1,,,,,0,3.208720684,277.8999939,,,,,,,,,,,,
12072230282,"Aug 5, 2024, 9:41:59 PM",Afternoon Commute,Ride,,1606,3.26,,,FALSE,"Raider Express, high school and Wright St loop ",,activities/12072230282.gpx,,,1606,1050,3259.610107,6.440002441,3.104390621,4.616541386,4.616541386,289,292,2.606426954,0,,,,,,,,39.44559479,46.18092728,,,,,,,,,3,,,,,0,8,0,,1,,1722891648,1,36.11999893,37.81000137,19.13999939,0.370000005,1013.780029,3.75999999,6.610000134,204,0,1722857216,1722907264,0.125,,,0,1,0.039999999,41300.78906,6,,,,,0,2.029645205,67.40000153,,,,,,,,,,,,
12077020458,"Aug 6, 2024, 12:22:39 PM",Morning Commute,Ride,,2277,5.41,,,FALSE,"Raider Express, high school and Valley View loop ",,activities/12077020458.gpx,,,2277,1678,5411.029785,7.066399097,3.22468996,10.43836975,10.43836975,286,292,3.449771643,0,,,,,,,,41.23212051,77.14405823,,,,,,,,,3,,,,,0,13,0,,1,,1722945536,1,23.17000008,23.11000061,19.12999916,0.779999971,1015.679993,3.119999886,6.809999943,229,0,1722943616,1722993664,0.125,,,0,1,0,25177.08984,0,,,,,0,2.37638545,296.2000122,,,,,,,,,,,,
12081782446,"Aug 6, 2024, 8:42:07 PM",Afternoon Commute,Ride,,9324,1.16,,,FALSE,Shooters and Raider Express ,,activities/12081782446.gpx,,,9324,511,1162.23999,5.038000107,2.274442196,0,0,290.3999939,291.8999939,1.398602605,0,,,,,,,,51.10464096,29.11763573,,,,,,,,,3,,,,,0,4,0,,1,,1722974464,1,34.27000046,36.11999893,23.63999939,0.540000021,1013.51001,4.21999979,6.599999905,343,0,1722943616,1722993664,0.125,,,0,1,0,33060.62891,8,,,,,0,0.124650367,0,,,,,,,,,,,,
12103065677,"Aug 9, 2024, 1:16:44 PM",Morning Commute,Ride,,1637,5.15,,,FALSE,High school and Valley View loop ,,,,,1637,1637,5149.900879,,3.145938158,,,,,,0,,,,,,,,,,,,,,,,,,3,,,,,0,13,0,,0,,,,,,,,,,,,,,,,,,,,,,,,,,,0,3.145938158,0,,,,,,,,,,,,
12115589306,"Aug 11, 2024, 12:24:47 AM",Evening Commute,Ride,,1557,5.23,,,FALSE,High school and Valley View loop ,,activities/12115589306.gpx,,,1557,1528,5237.959961,6.560009956,3.427984238,10.44002438,10.44002438,286,292,3.095972061,0,,,,,,,,42.3430481,72.14070129,,,,,,,,,4,,,,,0,16,0,,1,,1723334400,3,23.09000015,23.23999977,15.40999985,0.620000005,1019.590027,1.299999952,2.589999914,134,0,1723289472,1723339008,0.125,,,0.409999996,5,1,27089.26953,0,,,,,0,3.364136219,272.1000061,,,,,,,,,,,,
12180075305,"Aug 18, 2024, 2:22:04 PM",Morning Commute,Ride,,1848,1.35,,,FALSE,Raider Express ,,activities/12180075305.gpx,,,1848,659,1358.699951,8.437142372,2.061760187,0,0,290.3999939,291.8999939,0.93896699,0,,,,,,,,41.40981674,30.42731094,,,,,,,,,3,,,,,0,5,0,,1,,1723989632,1,25.14999962,27.38999939,20.62000084,0.75999999,1015.820007,3.190000057,5.639999866,69,0,1723981056,1724029568,0.375,,,0.529999971,5,0,24939.42969,2,,,,,0,0.735227227,0,,,,,,,,,,,,
12191218446,"Aug 19, 2024, 8:30:55 PM",Afternoon Commute,Ride,,8820,2.26,,,FALSE,Shooters and Jefferson loop ,,activities/12191218446.gpx,,,8820,819,2268.23999,5.376666546,2.769523859,2.031746149,2.031746149,289.2999878,291.8999939,2.830195189,-0.004408705,,,,,,,,46.12753677,42.1229744,,,,,,,,,3,,,,,0,6,0,,1,,1724097536,1,29.36000061,31.27000046,20.79000092,0.600000024,1017.599976,3.359999895,5.28000021,69,0,1724067584,1724115968,0.375,,,0.519999981,5,0,29456.98047,7,,,,,0,0.257170081,0,,,,,,,,,,,,
12195529440,"Aug 20, 2024, 12:21:20 PM",Morning Commute,Ride,,1582,3.22,,,FALSE,"Raider Express, high school and Wright St loop ",,activities/12195529440.gpx,,,1582,1074,3226.709961,5.592498779,3.004385471,4.615949631,4.618514061,289,292,3.516151428,0,,,,,,,,44.36723328,53.13020325,,,,,,,,,3,,,,,0,8,0,,1,,1724155136,1,17.63999939,16.71999931,16.48999977,0.930000007,1020.919983,2.660000086,5.340000153,69,0,1724153984,1724202240,0.625,,,0.479999989,5,0.039999999,21325.2207,0,,,,,0,2.039639711,61,,,,,,,,,,,,
12205411686,"Aug 21, 2024, 2:13:33 PM",Morning Commute,Ride,,1623,5.26,,,FALSE,"Raider Express, high school and Valley View loop ",,activities/12205411686.gpx,,,1623,1571,5266.580078,5.539941311,3.352374315,10.3846426,10.3846426,286,292,3.212045193,0,,,,,,,,48.19982529,84.4299469,,,,,,,,,4,,,,,0,17,0,,1,,1724248832,1,19.87999916,20.79999924,15.31999969,0.75,1021.450012,3.859999895,7.46999979,134,0,1724240384,1724288512,0.625,,,0,1,0.02,27558.21094,2,,,,,0,3.244966269,281.2000122,,,,,,,,,,,,
12208800705,"Aug 21, 2024, 9:24:50 PM",Afternoon Commute,Ride,,1772,3.64,,,FALSE,"Raider Express, high school and Jefferson St loop ",,activities/12208800705.gpx,,,1772,1461,3641.340088,6.745995998,2.492361546,4.620009899,4.620009899,289,292,2.60758853,0,,,,,,,,48.35271835,78.76730347,,,,,,,,,3,,,,,0,12,0,,1,,1724274048,1,28.79999924,30.03000069,17.03000069,0.49000001,1018.330017,4.039999962,6.800000191,91,0,1724240384,1724288512,0.625,,,0,1,0,35758.14063,6,,,,,0,2.054932356,67.5,,,,,,,,,,,,
12213477579,"Aug 22, 2024, 12:50:28 PM",Morning Commute,Ride,,1692,2.26,,,FALSE,"Raider Express, high school and Jefferson St loop ",,activities/12213477579.gpx,,,1692,825,2263.610107,4.37800312,2.743769884,2.065546274,2.065546274,289.2999878,291.8999939,2.361283302,0,,,,,,,,36.04919434,33.16075134,,,,,,,,,3,,,,,0,6,0,,1,,1724327936,3,15.89999962,14.56000042,12.82999992,0.819999993,1020.76001,3.24000001,6.789999962,126,0,1724326912,1724374912,0.625,,,0,1,0.99000001,24796.76953,0,,,,,0,1.33783102,0,,,,,,,,,,,,
12222208082,"Aug 23, 2024, 2:02:05 PM",Morning Commute,Ride,,1490,4.87,,,FALSE,Atkinson loop,,activities/12222208082.gpx,,,1490,1467,4872.029785,6.767333984,3.321083784,8.122900009,8.122900009,285.8999939,292,2.6315732,0,,,,,,,,39.71855927,64.96784973,,,,,,,,,4,,,,,0,16,0,,1,,1724421632,3,20.39999962,18.70000076,14.52000046,0.689999998,1019.309998,3.480000019,6.840000153,131,0,1724413312,1724461184,0.625,,,0,1,0.959999979,27229.93945,2,,,,,0,3.269818544,111,,,,,,,,,,,,
12239073502,"Aug 25, 2024, 1:07:51 PM",Morning Commute,Ride,,3536,3.3,,,FALSE,"Raider Express, high school and Jefferson St loop ",,activities/12239073502.gpx,,,3536,1133,3299.580078,7.346000671,2.912250757,4.596709251,4.596709251,289,292,2.967363358,0,,,,,,,,43.4376564,54.87457275,,,,,,,,,3,,,,,0,9,0,,1,,1724590848,1,25.56999969,26.12000084,21.45000076,0.779999971,1018.400024,5.369999886,10.80000019,184,0.039999999,1724586240,1724633856,0.625,,,0,1,0,24722.35938,0,,,,,0,0.933139145,64.19999695,,,,,,,,,,,,
12255465559,"Aug 27, 2024, 12:26:56 PM",Morning Commute,Ride,,5987,8.61,,,FALSE,"Raider Express, Walmart and Starbucks ",,activities/12255465559.gpx,,,5987,3025,8613.290039,8.464001656,2.847368717,14.12133503,14.12133503,285.8999939,292.2000122,4.862298012,0,,,,,,,,44.67676926,150.6891632,,,,,,,,,4,,,,,0,33,0,,1,,1724760064,1,22.54000092,22.82999992,20.07999992,0.860000014,1018.340027,2.170000076,3.880000114,199,0.109999999,1724759168,1724806400,0.875,,,0.529999971,5,0.170000002,21834.21094,0,,,,,0,1.43866539,577.2000122,,,,,,,,,,,,
12268803266,"Aug 28, 2024, 8:44:59 PM",Afternoon Commute,Ride,,11786,1.18,,,FALSE,Shooters ,,activities/12268803266.gpx,,,11786,489,1183.140015,7.612000465,2.419509172,0,0,290.3999939,291.8999939,1.095890403,-0.008452085,,,,,,,,51.98261642,28.34274101,,,,,,,,,3,,,,,0,4,0,,1,,1724875264,3,35.40999985,35.95999908,20.54999924,0.419999987,1015.330017,2.170000076,4.659999847,214,0,1724845568,1724892800,0.875,,,0.519999981,5,0.800000012,39000.14063,6,,,,,0,0.100385204,0,,,,,,,,,,,,
12284800103,"Aug 30, 2024, 9:16:24 PM",Afternoon Commute,Ride,,8107,1.19,,,FALSE,Shooters ,,activities/12284800103.gpx,,,8107,524,1191.969971,8.105999947,2.274751902,0,0,290.3999939,291.8999939,1.026167393,-0.008389473,,,,,,,,52.38045502,30.60380363,,,,,,,,,3,,,,,0,4,0,,1,,1725051648,5,29.65999985,30.95000076,22.12999916,0.639999986,1016.140015,1.700000048,3.430000067,332,1.529999971,1725018496,1725065344,0.875,,,0.579999983,5,0.730000019,20838.69922,4,,,,,0,0.147029728,0,,,,,,,,,,,,
12289576029,"Aug 31, 2024, 1:12:13 PM",Morning Commute,Ride,,1945,2.79,,,FALSE,"Raider Express, high school and Jefferson St loop ",,activities/12289576029.gpx,,,1945,1238,2791.560059,8.288896561,2.254894972,2.025961637,2.025961637,289.3999939,291.8999939,2.638537645,0,,,,,,,,42.18704224,58.2337265,,,,,,,,,3,,,,,0,10,0,,1,,1725109248,3,21.23999977,21.29000092,19.87999916,0.920000017,1018.51001,2.930000067,5.769999981,37,0.050000001,1725104896,1725151744,0.875,,,0.430000007,5,0.810000002,21244.21094,0,,,,,0,1.435249329,0,,,,,,,,,,,,
12299499909,"Sep 1, 2024, 3:06:07 PM",Morning Commute,Ride,,1611,5.23,,,FALSE,High school and Valley View loop ,,activities/12299499909.gpx,,,1611,1573,5234.759766,5.522021294,3.327882767,10.42771149,10.42771149,286,292,3.392694473,0,,,,,,,,41.50719833,72.79927063,,,,,,,,,3,,,,,0,13,0,,1,,1725202816,1,25.21999931,27.42000008,20.04000092,0.730000019,1019.119995,3.24000001,6.260000229,29,0,1725191424,1725238016,0.875,,,0,1,0,27316.34961,3,,,,,0,3.249385357,285,,,,,,,,,,,,
12302656851,"Sep 2, 2024, 12:16:53 AM",Evening Commute,Ride,,1052,3.14,,,FALSE,High school and Wright St loop ,,activities/12302656851.gpx,,,1052,1002,3144.719971,7.710000038,3.138442993,4.592117786,4.592117786,289,292,2.828851461,0,,,,,,,,38.87051773,43.42730713,,,,,,,,,3,,,,,0,8,0,,1,,1725235200,1,29.29999924,29.29999924,18.43000031,0.519999981,1017.159973,4.400000095,8.399999619,34,0,1725191424,1725238016,0.875,,,0,1,0.01,35481.25,0,,,,,0,2.989277601,69.59999847,,,,,,,,,,,,
12318198376,"Sep 3, 2024, 5:13:50 PM",Afternoon Commute,Ride,,8159,7.29,,,FALSE,CHC-SEK and Starbucks,,activities/12318198376.gpx,,,8159,2443,7296.22998,5.025976658,2.986586094,13.43325615,13.43325615,285.8999939,292.2000122,4.385908604,0,,,,,,,,39.25004578,106.9149628,,,,,,,,,3,,,,,0,20,0,,1,,1725382784,3,24.38999939,23.31999969,14.77000046,0.550000012,1021.880005,2.75999999,4.909999847,115,0,1725364224,1725410688,0,,,0,1,1,33241.42188,4,,,,,0,0.8942554,403.7999878,,,,,,,,,,,,
12323191559,"Sep 4, 2024, 11:16:40 AM",Morning Commute,Ride,,1330,2.33,,,FALSE,"Raider Express, high school and Jefferson St loop ",,activities/12323191559.gpx,,,1330,818,2336.389893,8.17199707,2.856222391,2.034117699,2.034117699,289.3999939,291.8999939,4.578761578,0,,,,,,,,40.57672501,37.00881577,,,,,,,,,3,,,,,0,6,0,,1,,1725447552,1,14.18000031,12.88000011,12.39000034,0.889999986,1021.22998,1.919999957,3.390000105,94,0,1725450752,1725496960,0.125,,,0,1,0,23657.51953,0,,,,,0,1.756684184,0,,,,,,,,,,,,
12345012940,"Sep 7, 2024, 12:31:43 AM",Evening Commute,Ride,,1321,3.96,,,FALSE,"High school, Wright St and Carlton St loop ",,activities/12345012940.gpx,,,1321,1262,3961.689941,7.551999569,3.139215469,6.56131649,6.56131649,287.5,292,2.988108873,-0.002524175,,,,,,,,40.70975494,57.28391647,,,,,,,,,3,,,,,0,10,0,,1,,1725667200,1,24.95999908,23.35000038,10.43000031,0.400000006,1020.200012,4.909999847,8.880000114,19,0,1725623680,1725669504,0.125,,,0,1,0.01,38932.60938,0,,,,,0,2.999008179,66.69999695,,,,,,,,,,,,
12359258034,"Sep 8, 2024, 2:05:32 PM",Morning Commute,Ride,,2641,4.14,,,FALSE,"Raider Express, high school, Wright St and Carlton St loop ",,activities/12359258034.gpx,,,2641,1362,4146.060059,5.013964653,3.044096947,6.572998047,6.572998047,287.5,292,3.086421728,-0.002411928,,,,,,,,41.24703979,62.63899231,,,,,,,,,3,,,,,0,11,0,,1,,1725804032,1,14.60000038,16.56999969,7.400000095,0.620000005,1023.179993,2.109999895,4.28000021,106,0,1725796480,1725842176,0.125,,,0,1,0,30895.7793,1,,,,,0,1.569882631,63.79999924,,,,,,,,,,,,
12370131017,"Sep 9, 2024, 9:21:42 PM",Afternoon Commute,Ride,,5692,6.17,,,FALSE,"Raider Express, high school, Valley View St and Carlton St loop ",,activities/12370131017.gpx,,,5692,1922,6178.669922,6.228027344,3.214708567,12.36380959,12.36380959,286,292,3.144673347,-0.001618471,,,,,,,,56.35821152,120.7773361,,,,,,,,,4,,,,,0,21,0,,1,,1725915648,1,29.12999916,30.85000038,7.670000076,0.25999999,1017.900024,2.480000019,4.570000172,168,0,1725883008,1725928448,0.125,,,0,1,0,51004.21094,4,,,,,0,1.085500717,280.6000061,,,,,,,,,,,,
12374557480,"Sep 10, 2024, 11:16:31 AM",Morning Commute,Ride,,1678,2.46,,,FALSE,"Raider Express, high school and Jefferson loop ",,activities/12374557480.gpx,,,1678,924,2464.820068,8.763995171,2.66755414,2.057142973,2.057142973,289.2999878,291.8999939,2.475248575,0,,,,,,,,48.91627502,50.39648438,,,,,,,,,3,,,,,0,7,0,,1,,1725965952,1,10.56000042,8.100000381,6.119999886,0.74000001,1017.609985,2.450000048,5.079999924,160,0,1725969408,1726014848,0.125,,,0,1,0,28504.15039,0,,,,,0,1.468903542,0,,,,,,,,,,,,
12378791540,"Sep 10, 2024, 9:39:41 PM",Afternoon Commute,Ride,,2071,4.31,,,FALSE,"Raider Express, high school and Maple St loop ",,activities/12378791540.gpx,,,2071,1399,4311.180176,6.280832767,3.081615448,8.406612396,9.059244156,285.2999878,292,2.606426954,0.00231955,,,,,,,,44.05283356,68.71730042,,,,,,,,,3,,,,,0,11,0,,1,,1726002048,1,30.37999916,32.15000153,8.739999771,0.25999999,1014.049988,2.49000001,4.869999886,169,0,1725969408,1726014848,0.125,,,0,1,0,50969.64063,4,,,,,0,2.081690073,199.6999969,,,,,,,,,,,,
12403061000,"Sep 13, 2024, 8:23:32 PM",Afternoon Commute,Ride,,10283,1.18,,,FALSE,Shooters ,,activities/12403061000.gpx,,,10283,566,1184.689941,7.259334087,2.093091726,0,0,290.3999939,291.8999939,1.537278771,0,,,,,,,,67.51371002,42.60722733,,,,,,,,,3,,,,,0,4,0,,1,,1726257664,3,27.19000053,26.14999962,19.02000046,0.610000014,1010.469971,3.779999971,6.53000021,59,0,1726228736,1726273664,0.375,,,0.100000001,5,0.949999988,30410.78906,4,,,,,0,0.115208589,0,,,,,,,,,,,,
12416779465,"Sep 15, 2024, 1:15:19 PM",Morning Commute,Ride,,2553,4.08,,,FALSE,"Raider Express, high school, Wright St and Carlton St loop ",,activities/12416779465.gpx,,,2553,1386,4082.949951,7.585992336,2.945851326,6.560598373,6.560598373,287.5,292,2.883255005,0,,,,,,,,39.2505455,60.65739822,,,,,,,,,4,,,,,0,15,0,,1,,1726405248,1,19.31999969,20.13999939,17.28000069,0.879999995,1017.150024,3.119999886,6.53000021,97,0,1726401664,1726446336,0.375,,,0,1,0,23020.41016,0,,,,,0,1.599275351,66.90000153,,,,,,,,,,,,
12462108539,"Sep 20, 2024, 9:12:25 PM",Afternoon Commute,Ride,,1739,1.67,,,FALSE,Shooters - twice,,activities/12462108539.gpx,,,1739,682,1671.849976,4.870670795,2.451392889,0,0,290.3999939,291.8999939,1.508295774,0.089720972,,,,,,,,57.42194748,43.66537094,,,,,,,,,3,,,,,0,5,0,,1,,1726866048,1,33.90000153,36.02000046,21.01000023,0.469999999,1008.159973,3.410000086,4.420000076,227,0,1726833920,1726877824,0.625,,,0.529999971,5,0,39628.66016,3,,,,,0,0.961385846,0,,,,,,,,,,,,
12466096295,"Sep 21, 2024, 11:32:18 AM",Morning Commute,Ride,,1942,3.2,,,FALSE,"Raider Express, high school and Wright St loop ",,activities/12466096295.gpx,,,1942,1117,3199.199951,5.221997261,2.864100218,4.617660999,4.617660999,289,292,2.51047039,-0.003125781,,,,,,,,40.59751892,50.56238556,,,,,,,,,3,,,,,0,9,0,,1,,1726916352,3,24.10000038,24.13999939,20.43000031,0.800000012,1010.039978,3.559999943,6.980000019,180,0.059999999,1726920320,1726964224,0.625,,,0.529999971,5,0.939999998,21245.16992,0,,,,,0,1.647373796,68.5,,,,,,,,,,,,
12479143714,"Sep 22, 2024, 7:22:31 PM",Afternoon Commute,Ride,,2147,3.3,,,FALSE,"Raider Express, high school and Jefferson St loop ",,activities/12479143714.gpx,,,2147,1260,3305.550049,5.697998047,2.623452425,4.615338326,4.615338326,289,292,2.94983983,0,,,,,,,,40.67069626,57.1382637,,,,,,,,,3,,,,,0,10,0,,1,,1727031552,3,26.32999992,26.52000046,21.10000038,0.730000019,1013.070007,2.25,3.930000067,351,0.389999986,1727006848,1727050496,0.625,,,0.709999979,5,0.959999979,22853.78906,4,,,,,0,1.539613485,66.19999695,,,,,,,,,,,,
12491307200,"Sep 24, 2024, 11:37:52 AM",Morning Commute,Ride,,1259,1.11,,,FALSE,Raider Express ,,activities/12491307200.gpx,,,1259,564,1117.290039,4.109997749,1.981010675,0,0,290.2999878,292,1.113169551,-0.008950228,,,,,,,,57.16801834,35.95067978,,,,,,,,,3,,,,,0,4,0,,1,,1727175552,2,14.85000038,14.02999973,13.89999962,0.939999998,1011.710022,2.150000095,3.799999952,255,0,1727179776,1727223168,0.625,,,0.200000003,5,0.400000006,14999.28027,0,,,,,0,0.88744247,0,,,,,,,,,,,,
12504273180,"Sep 25, 2024, 8:58:13 PM",Afternoon Commute,Ride,,4623,2.19,,,FALSE,"Shooters, high school and Jefferson St loop ",,activities/12504273180.gpx,,,4623,838,2196.610107,4.680005074,2.621253014,2.036140442,2.036140442,289.2999878,291.8999939,2.590673208,0,,,,,,,,39.57610703,36.97872543,,,,,,,,,3,,,,,0,6,0,,1,,1727294464,1,25.68000031,27.04999924,13.19999981,0.460000008,1014.070007,3.200000048,5.440000057,358,0,1727266176,1727309440,0.75,,,0.039999999,5,0.01,41792.12109,5,,,,,0,0.475148201,0,,,,,,,,,,,,
12515878229,"Sep 27, 2024, 1:05:30 PM",Morning Commute,Ride,,1691,3.33,,,FALSE,"Raider Express, high school and Wright St loop ",,activities/12515878229.gpx,,,1691,1165,3334.01001,8.399333,2.861811161,4.603921413,4.603921413,289,292,3.417633772,0.002999391,,,,,,,,43.63925552,56.68630219,,,,,,,,,3,,,,,0,9,0,,1,,1727442048,3,14.30000019,11.64999962,10.89999962,0.800000012,1011.599976,3.680000067,7.489999771,350,0,1727439104,1727481984,0.875,,,0,1,1,25979.75,0,,,,,0,1.971620321,65.09999847,,,,,,,,,,,,
12527286007,"Sep 28, 2024, 8:58:46 PM",Afternoon Commute,Ride,,5081,3.68,,,FALSE,"Raider Express, high school and Jefferson St loop ",,activities/12527286007.gpx,,,5081,988,3687.939941,14.00200176,3.732732773,8.82248497,8.82248497,287.2000122,292.1000061,27.51160812,-0.002711541,,,,,,,,73.36668396,80.82220459,,,,,,,,,3,,,,,0,8,0,,1,,1727553536,3,27.30999947,25.38999939,12.90999985,0.409999996,1011.590027,5.46999979,9.920000076,355,0,1727525504,1727568384,0.875,,,0,1,0.779999971,43214.10938,4,,,,,0,0.725829542,0,,,,,,,,,,,,
12532748835,"Sep 29, 2024, 1:06:08 PM",Morning Commute,Ride,,2531,5.16,,,FALSE,"Raider Express, high school and Kennedy St loop ",,activities/12532748835.gpx,,,2531,1760,5167.799805,5.640002251,2.936249971,9.98730278,9.990979195,286.5,292,2.895791054,-0.001935059,,,,,,,,38.67057037,75.88713074,,,,,,,,,3,,,,,0,14,0,,1,,1727614848,1,14.61999989,14.36999989,11.77000046,0.829999983,1015.890015,2.910000086,6.21999979,8,0,1727612032,1727654656,0.875,,,0,1,0.090000004,23689.33984,0,,,,,0,2.041801691,284.3999939,,,,,,,,,,,,
12543601035,"Sep 30, 2024, 8:53:55 PM",Afternoon Commute,Ride,,6454,1.08,,,FALSE,Shooters ,,activities/12543601035.gpx,,,6454,483,1087.569946,3.727990627,2.25169754,0,0,290.3999939,291.8999939,1.2143296,0,,,,,,,,42.61606598,22.95067024,,,,,,,,,3,,,,,0,4,0,,1,,1727726336,1,29.86000061,32.52000046,17.67000008,0.479999989,1012.130005,1.169999957,2.660000086,95,0,1727698432,1727740928,0.875,,,0,1,0.090000004,39763.5,5,,,,,0,0.168510988,0,,,,,,,,,,,,
12548083562,"Oct 1, 2024, 1:00:56 PM",Morning Commute,Ride,,2258,2.25,,,FALSE,"Raider Express, high school and Jefferson St loop ",,activities/12548083562.gpx,,,2258,871,2249.48999,5.675000191,2.582652092,2.039047718,2.039047718,289.3999939,291.8999939,2.400000095,-0.004445452,,,,,,,,42.59545898,41.36721802,,,,,,,,,3,,,,,0,7,0,,1,,1727787648,1,15.5,11.56000042,5.960000038,0.529999971,1022.47998,6.489999771,12.72000027,13,0,1727784832,1727827200,0.875,,,0,1,0.01,33873.41016,0,,,,,0,0.996231198,0,,,,,,,,,,,,
12552317570,"Oct 1, 2024, 10:22:02 PM",Afternoon Commute,Ride,,3293,3.33,,,FALSE,"Shooters, high school and Wright St loop ",,activities/12552317570.gpx,,,3293,1155,3335.830078,12.09285736,2.88816452,4.613266468,4.613266468,289,292,2.658402443,-0.002997755,,,,,,,,40.65822983,52.36068344,,,,,,,,,3,,,,,0,9,0,,1,,1727820032,1,23.28000069,22.95999908,4.730000019,0.300000012,1021.780029,4.789999962,7.800000191,11,0,1727784832,1727827200,0.875,,,0,1,0,47017.51172,1,,,,,0,1.013006449,59.79999924,,,,,,,,,,,,
12572398032,"Oct 4, 2024, 12:25:49 PM",Morning Commute,Ride,,4048,3.27,,,FALSE,"Raider Express, high school and Wright St loop ",,activities/12572398032.gpx,,,4048,1179,3273.939941,5.79399395,2.776878595,4.62030077,4.62030077,289,292,2.307703257,0,,,,,,,,44.27295303,58.20055771,,,,,,,,,3,,,,,0,9,0,,1,,1728043264,1,16.55999947,14.81999969,12.11999989,0.75,1018.27002,2.559999943,5.159999847,198,0,1728044288,1728086144,0.125,,,0,1,0.07,29746.99023,0,,,,,0,0.808779657,68,,,,,,,,,,,,
12584845678,"Oct 5, 2024, 8:57:02 PM",Afternoon Commute,Ride,,4173,1.16,,,FALSE,Shooters ,,activities/12584845678.gpx,,,4173,515,1159.579956,5.68333292,2.251611471,0,0,290.3999939,291.8999939,0.985221505,-0.008623812,,,,,,,,50.1541481,28.79976654,,,,,,,,,3,,,,,0,4,0,,1,,1728158464,1,31.51000023,32.11999893,14.64000034,0.360000014,1014.840027,6.53000021,10.10999966,204,0,1728130688,1728172544,0.125,,,0,1,0,46900.62891,4,,,,,0,0.277876824,0,,,,,,,,,,,,
12590107035,"Oct 6, 2024, 12:47:26 PM",Morning Commute,Ride,,2408,4.13,,,FALSE,"Raider Express, high school, Wright St and Carlton St loop ",,activities/12590107035.gpx,,,2408,1415,4129.609863,7.668005466,2.918452263,6.570461273,6.570461273,287.5,292,2.574023008,0,,,,,,,,41.77138138,65.90375519,,,,,,,,,3,,,,,0,11,0,,1,,1728216064,1,16.23999977,15.35999966,13.89000034,0.860000014,1019.109985,1.820000052,3.049999952,301,0,1728217216,1728258816,0.125,,,0,1,0.050000001,24950.83984,0,,,,,0,1.714954257,73,,,,,,,,,,,,
12599341161,"Oct 7, 2024, 5:27:38 PM",Lunch Walk,Walk,,779,0.62,,,FALSE,Church loop ,,activities/12599341161.gpx,,,779,779,621.4299927,2.545000076,0.797727823,0,0,290.3999939,291.7999878,1.798557043,0,,,,,,,,,77.9252243,,,,,,,,,3,,,,,0,6,0,,1,,1728320384,1,21.04000092,22.04999924,5.789999962,0.370000005,1021.840027,3.150000095,5.019999981,72,0,1728303616,1728345088,0.125,,,0,1,0,39288.03906,5,,,,,0,0.797727823,0,,,,,,,,,,,,
12605057895,"Oct 8, 2024, 12:10:21 PM",Morning Commute,Ride,,1079,1.35,,,FALSE,Raider Express ,,activities/12605057895.gpx,,,1079,584,1357.680054,6.434002876,2.324794531,0,0,290.3999939,291.8999939,1.224739552,0,,,,,,,,53.56799698,34.88133621,,,,,,,,,3,,,,,0,4,0,,1,,1728388864,2,8.319999695,7.46999979,4.710000038,0.779999971,1018.73999,1.830000043,3.130000114,73,0,1728390016,1728431488,0.125,,,0,1,0.589999974,27657.67969,0,,,,,0,1.258276224,0,,,,,,,,,,,,
12609253162,"Oct 8, 2024, 9:36:49 PM",Afternoon Commute,Ride,,1452,1.7,,,FALSE,Labette Bank and Raider Express ,,activities/12609253162.gpx,,,1452,716,1700.170044,7.865991116,2.374539137,0,0,290.2999878,291.8999939,3.012048244,0.005881764,,,,,,,,47.04978561,37.56172562,,,,,,,,,3,,,,,0,5,0,,1,,1728421248,1,25.47999954,27.48999977,5.110000134,0.270000011,1015.679993,1.799999952,3.200000048,71,0,1728390016,1728431488,0.125,,,0,1,0,47439.03906,2,,,,,0,1.170915961,0,,,,,,,,,,,,
12631732173,"Oct 11, 2024, 5:20:34 PM",Afternoon Commute,Ride,,10368,7.45,,,FALSE,"CHC-SEK, Walmart and Starbucks ",,activities/12631732173.gpx,,,10368,2712,7450.189941,7.805999756,2.747120142,14.36388016,14.36388016,285.8999939,292.2000122,4.454352856,-0.001342248,,,,,,,,44.2796669,133.8963928,,,,,,,,,4,,,,,0,30,0,,1,,1728665984,1,27.60000038,28.79000092,11.18999958,0.360000014,1020.070007,3.630000114,6.260000229,206,0,1728649472,1728690432,0.25,,,0,1,0,42128.17969,5,,,,,0,0.718575418,400.5,,,,,,,,,,,,
12678808129,"Oct 17, 2024, 4:43:02 PM",Lunch Commute,Ride,,575,1,,,FALSE,Palluccas ,,activities/12678808129.gpx,,,575,468,1000.02002,3.776000977,2.136794806,0,0,290.3999939,291.8999939,1.691331267,0,,,,,,,,59.7192688,31.16271019,,,,,,,,,3,,,,,0,3,0,,1,,1729180800,1,13.90999985,11.21000004,0.529999971,0.400000006,1025.650024,6.360000134,11.18999958,198,0,1729168128,1729208320,0.5,,,0,1,0,44215.26172,3,,,,,0,1.739165306,0,,,,,,,,,,,,
12680811421,"Oct 17, 2024, 8:50:01 PM",Afternoon Commute,Ride,,3976,1.17,,,FALSE,Shooters ,,activities/12680811421.gpx,,,3976,569,1174.160034,4.558576107,2.063550234,0,0,290.2999878,291.8999939,1.394700527,0.008516727,,,,,,,,65.38128662,41.48017502,,,,,,,,,3,,,,,0,4,0,,1,,1729195264,1,20.65999985,19.23999977,-0.07,0.25,1021.419983,6.25,10.14000034,187,0,1729168128,1729208320,0.5,,,0,1,0,51371.85156,4,,,,,0,0.295311868,0,,,,,,,,,,,,
12697227198,"Oct 19, 2024, 7:22:56 PM",Evening Walk,Walk,,26299,1.18,,,FALSE,Shooters ,,activities/12697227198.gpx,,,26299,1402,1185.060059,3.512011766,0.845263958,0,0,290.3999939,291.8999939,2.808988333,0,,,,,,,,,148.6025238,,,,,,,,,3,,,,,0,11,0,,1,,1729364352,1,24.51000023,25.63999939,3.75,0.25999999,1028.410034,2.559999943,4.019999981,168,0,1729341056,1729380992,0.625,,,0,1,0.129999995,54685.66016,4,,,,,0,0.045061029,0,,,,,,,,,,,,
12709782487,"Oct 21, 2024, 4:07:48 PM",Morning Walk,Walk,,778,0.61,,,FALSE,Church loop ,,activities/12709782487.gpx,,,778,715,611.5999756,3.626666784,0.855384588,0,0,290.3999939,291.7999878,2.713706017,0,,,,,,,,,76.69257355,,,,,,,,,3,,,,,0,5,0,,1,,1729526400,1,21.02000046,21.15999985,7.619999886,0.419999987,1022.76001,4.409999847,8.649999619,194,0,1729513984,1729553536,0.625,,,0.039999999,5,0,35838.07031,3,,,,,0,0.786118209,0,,,,,,,,,,,,
12716210996,"Oct 22, 2024, 11:29:56 AM",Morning Commute,Ride,,1627,2.96,,,FALSE,"Raider Express, high school and Jefferson St loop ",,activities/12716210996.gpx,,,1627,1164,2964.169922,9.580999374,2.546537638,2.032638788,2.032638788,289.2999878,292.3999939,3.750593662,0,,,,,,,,57.70962524,74.89901733,,,,,,,,,3,,,,,0,9,0,,1,,1729594752,1,15.85000038,10.30000019,8.090000153,0.600000024,1015.150024,6.449999809,13.21000004,196,0,1729600512,1729639936,0.625,,,0.029999999,5,0.01,32892.05859,0,,,,,0,1.821862221,0,,,,,,,,,,,,
12719519405,"Oct 22, 2024, 6:18:12 PM",Lunch Walk,Walk,,855,0.67,,,FALSE,Church loop ,,activities/12719519405.gpx,,,855,820,676.75,7.298000336,0.825304866,0,0,290.2999878,291.7999878,1.906579494,0.014776506,,,,,,,,,84.86216736,,,,,,,,,3,,,,,0,6,0,,1,,1729619968,8,27.25,27.04999924,11.69999981,0.379999995,1014.640015,7.210000038,11.31999969,225,0,1729600512,1729639936,0.625,,,0,1,0,38206.14063,5,,,,,0,0.791520476,0,,,,,,,,,,,,
12733596181,"Oct 24, 2024, 1:06:40 PM",Morning Commute,Ride,,1481,2.35,,,FALSE,"Raider Express, high school and Jefferson St loop ",,activities/12733596181.gpx,,,1481,927,2351.909912,8.362999916,2.537119627,2.042222261,2.042222261,289.2999878,291.8999939,2.579534531,-0.004251863,,,,,,,,44.94643784,46.4568634,,,,,,,,,3,,,,,0,7,0,,1,,1729774848,1,15.34000015,12.71000004,11.72000027,0.790000021,1016.080017,3.970000029,7.070000172,126,0.01,1729773312,1729812608,0.75,,,0.310000002,5,0.059999999,28949.99023,0,,,,,0,1.588055253,0,,,,,,,,,,,,
12760315869,"Oct 27, 2024, 5:39:48 PM",Lunch Commute,Ride,,2696,4.36,,,FALSE,"Raider Express, high school, Jefferson St and Carlton St loop ",,activities/12760315869.gpx,,,2696,1606,4365.040039,5.693077564,2.717957497,6.539600849,6.539600849,287.5,292,2.932549715,0,,,,,,,,47.0188446,84.19617462,,,,,,,,,3,,,,,0,13,0,,1,,1730048384,1,20.76000023,21.96999931,11.65999985,0.560000002,1022.950012,3.130000114,5.550000191,180,0,1730032768,1730071552,0.875,,,0,1,0.050000001,30940.75977,4,,,,,0,1.619080067,61.90000153,,,,,,,,,,,,
12772569452,"Oct 29, 2024, 11:53:42 AM",Morning Commute,Ride,,992,1.39,,,FALSE,Raider Express ,,activities/12772569452.gpx,,,992,765,1397.900024,4.944444656,1.827320218,0,0,290.3999939,291.8999939,1.35135138,0,,,,,,,,30.37463379,25.90880394,,,,,,,,,3,,,,,0,6,0,,1,,1730199552,8,20.23999977,15.60999966,14.59000015,0.699999988,1011.280029,8.670000076,16.62999916,192,0,1730205696,1730244224,0.875,,,0,1,0.050000001,30156.34961,0,,,,,0,1.409173369,0,,,,,,,,,,,,
12801155565,"Nov 1, 2024, 7:03:57 PM",Evening Commute,Ride,,27065,1.48,,,FALSE,Shooters ,,activities/12801155565.gpx,,,27065,570,1480.900024,8.140000343,2.598070145,0,0,290.3999939,291.7000122,1.197604775,-0.00675265,,,,,,,,70.87020874,45.04156113,,,,,,,,,3,,,,,0,4,0,,1,,1730487552,2,19.79000092,18.97999954,9.930000305,0.529999971,1021.530029,3.309999943,6.630000114,143,0,1730465024,1730503168,0,,,0,1,0.550000012,33650.67188,4,,,,,0,0.054716423,0,,,,,,,,,,,,
12830340113,"Nov 5, 2024, 5:24:13 PM",Lunch Walk,Walk,,1210,0.6,,,FALSE,Parish Hall to vote,,activities/12830340113.gpx,,,1210,645,599.7000122,3.983333349,0.92976743,0,0,290.3999939,291.2000122,1.538461566,0,,,,,,,,,75.20035553,,,,,,,,,3,,,,,0,5,0,,1,,1730825984,2,16.61000061,13.96000004,13.32999992,0.810000002,1007.559998,5.46999979,10.43999958,252,0.02,1730810880,1730848512,0.125,,,0.49000001,5,0.540000021,19009.26953,3,,,,,0,0.495619833,0,,,,,,,,,,,,
12839762248,"Nov 6, 2024, 8:13:22 PM",Afternoon Commute,Ride,,904,1.02,,,FALSE,Post Office ,,activities/12839762248.gpx,,,904,465,1023.400024,4.019999981,2.200860262,0,0,290.3999939,291.6000061,2.777777672,0,,,,,,,,54.46167755,28.23701668,,,,,,,,,3,,,,,0,3,0,,1,,1730923264,1,17.04999924,17.26000023,8.720000267,0.579999983,1017.390015,4.03000021,6.25,70,0,1730897408,1730934912,0.125,,,0.029999999,5,0,28745.75977,3,,,,,0,1.132079601,0,,,,,,,,,,,,
12884655832,"Nov 12, 2024, 4:28:42 PM",Morning Commute,Ride,,1435,2.09,,,FALSE,Post Office two trips ,,activities/12884655832.gpx,,,1435,959,2089.600098,4.21999979,2.178936481,0,0,290.3999939,291.6000061,1.369863033,0,,,,,,,,46.41810226,49.63418198,,,,,,,,,3,,,,,0,7,0,,1,,1731427200,1,13.34000015,11.02999973,8.399999619,0.720000029,1019.859985,4.960000038,8.75,127,0,1731416192,1731453056,0.375,,,0,1,0.340000004,26064.57031,2,,,,,0,1.456167221,0,,,,,,,,,,,,
13218424065,"Dec 29, 2024, 6:17:16 PM",Lunch Walk,Walk,,797,0.62,,,FALSE,Church loop ,,activities/13218424065.gpx,,,797,764,627.5,1.966666698,0.821335077,0,0,290.3999939,291.7000122,2.98507452,0,,,,,,,,,78.68637848,,,,,,,,,3,,,,,0,6,0,,1,,1735495168,3,10.93999958,5.96999979,6.289999962,0.730000019,1011.48999,5.760000229,9.289999962,251,0,1735479168,1735513728,0.875,,,0,1,0.670000017,23957.91016,2,,,,,0,0.787327468,0,,,,,,,,,,,,
13241760617,"Jan 1, 2025, 9:36:33 PM",Afternoon Walk,Walk,,844,0.62,,,FALSE,Church loop ,,activities/13241760617.gpx,,,844,782,624.7000122,1.580000043,0.798849106,0,0,290.3999939,291.7000122,2.98507452,0,,,,,,,,,78.33527374,,,,,,,,,3,,,,,0,6,0,,1,,1735765248,1,5.079999924,6.019999981,-4.230000019,0.50999999,1027.5,2.730000019,4.449999809,302,0,1735738368,1735773184,0.125,,,0,1,0,35957.05078,1,,,,,0,0.740165889,0,,,,,,,,,,,,
13249420596,"Jan 2, 2025, 7:53:12 PM",Afternoon Walk,Walk,,942,0.6,,,FALSE,Church loop ,,activities/13249420596.gpx,,,942,817,605.5,1.539999962,0.74112606,0,0,290.3999939,291.7000122,2.173913002,0,,,,,,,,,75.92765808,,,,,,,,,3,,,,,0,6,0,,1,,1735844352,3,7.710000038,1.669999957,0.430000007,0.600000024,1023.22998,4.809999943,7.929999828,220,0,1735824768,1735859584,0.125,,,0,1,0.99000001,32649.93945,2,,,,,0,0.642781317,0,,,,,,,,,,,,
13259422201,"Jan 3, 2025, 10:23:38 PM",Evening Walk,Walk,,6677,1.35,,,FALSE,Shooters ,,activities/13259422201.gpx,,,6677,1540,1356,10.33333302,0.880519509,0,0,290.3999939,291.7999878,2.898550749,0,,,,,,,,,170.0378265,,,,,,,,,3,,,,,0,12,0,,1,,1735941632,1,4.989999771,4.46999979,-3.549999952,0.540000021,1029.869995,3.089999914,4.25,42,0,1735911168,1735945984,0.125,,,0,1,0.029999999,31517.53906,0,,,,,0,0.203085214,0,,,,,,,,,,,,
13364915921,"Jan 15, 2025, 8:21:45 PM",Afternoon Walk,Walk,,874,0.67,,,FALSE,Church loop ,,activities/13364915921.gpx,,,874,843,673.7000122,4.525000095,0.79916966,0,0,290.3999939,291.7000122,2.083333254,0,,,,,,,,,84.47970581,,,,,,,,,3,,,,,0,7,0,,1,,1736971264,1,4.840000153,5,-2.730000019,0.579999983,1029.219971,3.529999971,6.590000153,256,0,1736947968,1736983552,0.625,,,0,1,0,27235.13086,2,,,,,0,0.770823777,0,,,,,,,,,,,,
13372915096,"Jan 16, 2025, 6:54:32 PM",Afternoon Walk,Walk,,880,0.64,,,FALSE,Church loop ,,activities/13372915096.gpx,,,880,784,645,1.600000024,0.822704077,0,0,290.3999939,291.7000122,2.777777672,0,,,,,,,,,80.88082123,,,,,,,,,3,,,,,0,6,0,,1,,1737050368,1,8.489999771,8.470000267,0.930000007,0.589999974,1023.01001,3.710000038,7.329999924,318,0,1737034368,1737069952,0.625,,,0,1,0.01,32268.14063,3,,,,,0,0.732954562,0,,,,,,,,,,,,
13381346877,"Jan 16, 2025, 9:36:01 PM",Evening Walk,Walk,,882,0.65,,,FALSE,Shooters ,,activities/13381346877.gpx,,,882,807,656.2999878,2.779999971,0.813259006,0,0,290.3999939,291.6000061,1.538461566,0.182843208,,,,,,,,,82.29780579,,,,,,,,,3,,,,,0,6,0,,1,,1737061248,3,11.19999981,9.399999619,2.74000001,0.560000002,1021.150024,1.830000043,3.410000086,247,0,1737034368,1737069952,0.625,,,0,1,1,37016.76953,1,,,,,0,0.744104326,0,,,,,,,,,,,,
